{
    "cities": {
        "Donaustadt": [
            {
                "title": "Danube Tower",
                "category": "Observation deck",
                "url": "https://www.donauturm.at/",
                "img": "https://lh3.googleusercontent.com/proxy/KBXZ-S8r0uWLYWYgt6-p3FDR69QknDx4hN2D1Ml9xvIH9x27wpaWrz1bN8lr76xj6eCKS6cIFxSa9_CvfC682BAmVdnhZZwYeSOitHwMUGVLmJyc7zgJ6u67hgn3zwW9czTpM60MiXmt6V1NzNthIcV_rTMOfho=w148-h148-n-k-no"
            },
            {
                "title": "Motorikpark",
                "category": "Sports complex",
                "url": "https://www.wien.gv.at/umwelt/parks/anlagen/motorikpark22/index.html",
                "img": "https://lh5.googleusercontent.com/p/AF1QipPH1TAMGeFcfc369Kfxf8-y3uDk7kGoWHkfZ9vt=w148-h148-n-k-no"
            },
            {
                "title": "Nationalpark Donau-Auen - Eingang Wien-Lobau",
                "category": "National park",
                "img": "https://lh5.googleusercontent.com/p/AF1QipN7wET3Yw6p75KW5tcSzukDA1rjaI8I4dyF8Gcl=w148-h148-n-k-no"
            },
            {
                "title": "Wasserspielplatz Donauinsel",
                "category": "Playground",
                "url": "https://www.wien.gv.at/umwelt/parks/anlagen/wasserspielplatz.html",
                "img": "https://lh5.googleusercontent.com/p/AF1QipP1mS9NnEGwF3VvOq_p7iwg19ZgzazKPHZyjNzp=w148-h148-n-k-no"
            },
            {
                "title": "CopaBeach",
                "category": "Amusement park",
                "url": "https://www.copabeach.wien/",
                "img": "https://lh5.googleusercontent.com/p/AF1QipNb44L4hDGycKx5vVx04jKEs7QOQbEUq_tVZe_9=w148-h148-n-k-no"
            },
            {
                "title": "Gänsehäufel",
                "category": "Island",
                "img": "https://lh5.googleusercontent.com/p/AF1QipP5gFn9ToOkvv5O-LQAuAgfctfOJNmEclLCKX53=w148-h148-n-k-no"
            },
            {
                "title": "Kaiserwasser",
                "category": "Lake",
                "img": "https://lh5.googleusercontent.com/p/AF1QipNa5VcWNP3fz581ScT96Vr1K3Gtxsc00HlzotaZ=w148-h148-n-k-no"
            },
            {
                "title": "Viennese Giant Ferris Wheel",
                "category": "Tourist attraction",
                "url": "http://www.wienerriesenrad.com/",
                "img": "https://lh5.googleusercontent.com/p/AF1QipMK48m26SP1A_wqV30rAJkNbz92lf3N8ulOhMon=w148-h148-n-k-no"
            },
            {
                "title": "Albertina",
                "category": "Art museum",
                "url": "https://www.albertina.at/",
                "img": "https://lh5.googleusercontent.com/p/AF1QipMLjR6QbuCWhAfMQ1O2NzMmL68ryIct0xGGrDbO=w148-h148-n-k-no"
            },
            {
                "title": "Alte Donau",
                "category": "Lake",
                "img": "https://lh5.googleusercontent.com/p/AF1QipPdClVBzUeyWXFU0zYV50evUzeNUn3VD__U05o2=w148-h148-n-k-no"
            },
            {
                "title": "Museum of Natural History Vienna",
                "category": "Natural history museum",
                "url": "https://www.nhm-wien.ac.at/",
                "img": "https://lh5.googleusercontent.com/p/AF1QipMLnfFKOLR4RTXY57-k0rtfK6HoFirPUk_m6HZa=w148-h148-n-k-no"
            },
            {
                "title": "Austrian National Library, State Hall",
                "category": "Library",
                "url": "https://www.onb.ac.at/",
                "img": "https://lh5.googleusercontent.com/p/AF1QipPXirMcX7ezCsTu5OH2n_LD8l8M5Q985-fWGql1=w148-h148-n-k-no"
            },
            {
                "title": "Schönbrunn Zoo",
                "category": "Zoo",
                "url": "https://www.zoovienna.at/",
                "img": "https://lh5.googleusercontent.com/p/AF1QipP9QBvtawTf7r3Tul1QfJrpxGWZ5dqDGXESRYzy=w148-h148-n-k-no"
            },
            {
                "title": "Vienna State Opera",
                "category": "Opera house",
                "url": "https://www.wiener-staatsoper.at/",
                "img": "https://lh5.googleusercontent.com/p/AF1QipO25qyyid9Su9P2dGM3SRGlFNOl8HL0MiVzgLvE=w148-h148-n-k-no"
            },
            {
                "title": "Jewish Museum of the City of Vienna",
                "category": "Museum",
                "url": "http://www.jmw.at/",
                "img": "https://lh5.googleusercontent.com/p/AF1QipMjDsCsuP8Z7pljlI9kgnC3YA2nVEvsnWh1oD17=w148-h148-n-k-no"
            },
            {
                "title": "Kunsthistorisches Museum Wien",
                "category": "Museum",
                "url": "https://www.khm.at/",
                "img": "https://lh5.googleusercontent.com/p/AF1QipNET2OQ62qvbfxfFIcYdBk2IoPbsA3dDarJvBH_=w148-h148-n-k-no"
            }
        ],
        "Villach": [
            {
                "title": "ATRIO Villach",
                "category": "Shopping Centre",
                "img": "https://lh5.googleusercontent.com/p/AF1QipMfjJVy5cI2XYh4ttvDkL5A4kCs5nu4Jhug_1o5=w148-h148-n-k-no"
            },
            {
                "title": "Maibachl Villach Warmbad",
                "category": "Hiking area",
                "img": "https://lh5.googleusercontent.com/p/AF1QipMqEekf09P8-vFLoxytte8w3Qu0qzz2R2VNXis6=w148-h148-n-k-no"
            },
            {
                "title": "Villach Alpine Arena",
                "category": "Sports complex",
                "img": "https://lh5.googleusercontent.com/p/AF1QipMVitUBnA73J5k96Yqy4XdrSMo0cMIwqmWdBC4G=w148-h148-n-k-no"
            },
            {
                "title": "Auto Museum TAF-TIMER - Back to the Future",
                "category": "Museum",
                "img": "https://lh5.googleusercontent.com/p/AF1QipOVcuVePM_tE1kX9kSa0_pslWXNwi9cYlYTzDxh=w148-h148-n-k-no"
            },
            {
                "title": "Affenberg Landskron",
                "category": "Animal park",
                "img": "https://lh5.googleusercontent.com/p/AF1QipOlQtrZo3K42im-zd-X25bcsCVChm__1yf99OYZ=w148-h148-n-k-no"
            },
            {
                "title": "KärntenTherme Warmbad-Villach",
                "category": "Water park",
                "img": "https://lh5.googleusercontent.com/p/AF1QipOad5E00Q0O8NWgd2MZNKoajfs7O0CruynSlYg=w148-h148-n-k-no"
            },
            {
                "title": "Parish Church of St. Jacob",
                "category": "Catholic church",
                "img": "https://lh5.googleusercontent.com/p/AF1QipOf4l09WEP_p-w6oIL2aEzOW4a12fv2Mj2hXr5O=w148-h148-n-k-no"
            },
            {
                "title": "Museum of the City of Villach",
                "category": "Museum",
                "img": "https://lh5.googleusercontent.com/p/AF1QipOtVnkG8xyHsIONW3PLZAvT33PEYPUAsMWxhJL0=w148-h148-n-k-no"
            },
            {
                "title": "Adler Arena Burg Landskron",
                "category": "Animal park",
                "img": "https://lh5.googleusercontent.com/p/AF1QipMzggLfpNF4eG8o6FjOzaHqiiC1XUCD8UJK95wj=w148-h148-n-k-no"
            },
            {
                "title": "Landskron Castle",
                "category": "Restaurant",
                "img": "https://lh5.googleusercontent.com/p/AF1QipNdBK9zCrDVaJjan9zCLSSPD-lEIGJ-WVwnxAFk=w148-h148-n-k-no"
            },
            {
                "title": "Villacher Alpenstraße",
                "category": "Route",
                "img": "https://lh5.googleusercontent.com/p/AF1QipOyDOUFigckzN1KO_DnoAFU2FQG4yhnOWE0inNO=w148-h148-n-k-no"
            },
            {
                "title": "Villach Alpine Road",
                "category": "Transport Infrastructure",
                "img": "https://lh5.googleusercontent.com/p/AF1QipOb77zp3JboP1qVqiWblzqUWVa-nCYhpbl5YsvW=w148-h148-n-k-no"
            },
            {
                "title": "Lake Ossiach",
                "category": "Lake",
                "img": "https://lh5.googleusercontent.com/p/AF1QipMqMgRHtwsYEE8o-wmIu57kUyiR_CAOgP_71e9g=w148-h148-n-k-no"
            },
            {
                "title": "Tourist Information Drobollach",
                "category": "Tourist Information Centre",
                "img": "https://lh5.googleusercontent.com/p/AF1QipPVhR-bi7kXNnerF0J8dsNVvH3kxeEzaxNNItKH=w148-h148-n-k-no"
            },
            {
                "title": "Heiligenkreuz Kirche",
                "category": "Catholic church",
                "img": "https://lh5.googleusercontent.com/p/AF1QipNOlOvDNM69xMItg59NFVD5QoKxy83cD5ciD-hL=w148-h148-n-k-no"
            },
            {
                "title": "Stadtpfarrturm Villach",
                "category": "Historical landmark",
                "img": "https://lh5.googleusercontent.com/p/AF1QipNuxCYxVqPDV2ByzvXMtBrsJNThUCk3_JUUalvS=w148-h148-n-k-no"
            }
        ],
        "Linz": [
            {
                "title": "Ars Electronica Center",
                "category": "Museum",
                "url": "https://ars.electronica.art/",
                "img": "https://lh5.googleusercontent.com/p/AF1QipPLb3Fie4BvPEyeE-ZOqr_nMW8om5y6GVCGpgBq=w148-h148-n-k-no"
            },
            {
                "title": "Linzer Mariendom",
                "category": "Catholic cathedral",
                "url": "https://www.dioezese-linz.at/mariendom",
                "img": "https://lh5.googleusercontent.com/p/AF1QipPN1V3hxQ-iaVnJqQFMOEQp0rPNS8C6fQPQ6n4p=w148-h148-n-k-no"
            },
            {
                "title": "Lentos Kunstmuseum Linz",
                "category": "Art museum",
                "url": "https://www.lentos.at/",
                "img": "https://lh5.googleusercontent.com/p/AF1QipNlTW8l7MGtRDeQQ_0vCBa_vKKteY8d1b5VD1g7=w148-h148-n-k-no"
            },
            {
                "title": "Linz’s main square",
                "category": "Tourist attraction",
                "img": "https://lh5.googleusercontent.com/p/AF1QipOfJK8JBHPnIL7EkQILVFsw-K4P7XfKwTEgMjqb=w148-h148-n-k-no"
            },
            {
                "title": "Schlossmuseum Linz",
                "category": "Museum",
                "url": "https://www.ooelkg.at/de/standorte/schlossmuseum-linz.html",
                "img": "https://lh5.googleusercontent.com/p/AF1QipOYmC3DvMz9M2QBTztMoUypAvLpOvb8BlckfBrI=w148-h148-n-k-no"
            },
            {
                "title": "Grottenbahn",
                "category": "Tourist attraction",
                "img": "https://lh5.googleusercontent.com/p/AF1QipPJmCCrfBhTUoLWZGPy7iZhGFkuGNuFNXsui16Z=w148-h148-n-k-no"
            },
            {
                "title": "Landestheater Linz - Musiktheater",
                "category": "Performing arts theatre",
                "url": "https://www.landestheater-linz.at/",
                "img": "https://lh5.googleusercontent.com/p/AF1QipM3iiknyy-uontp1koKLZr3bU-vyuit3NfFsGAM=w148-h148-n-k-no"
            },
            {
                "title": "PlusCity",
                "category": "Shopping Centre",
                "url": "https://www.pluscity.at/",
                "img": "https://lh5.googleusercontent.com/p/AF1QipOS76UQxEAxKLpeyqU5w3dzfEM8XK5yfLrbU2Q=w148-h148-n-k-no"
            },
            {
                "title": "Linz Botanical Garden",
                "category": "Botanical garden",
                "url": "https://botanischergarten.linz.at/",
                "img": "https://lh5.googleusercontent.com/p/AF1QipOYxYJB0Zgt1yiXOJ8uIoVvC4TlRkKIV3B5j_dC=w148-h148-n-k-no"
            },
            {
                "title": "voestalpine Stahlwelt - Ausstellung & Museum",
                "category": "Museum",
                "url": "https://www.voestalpine.com/stahlwelt/",
                "img": "https://lh5.googleusercontent.com/p/AF1QipPcdyytlPEFpms5KWR9B2xf9wmIeg-kx8g4Ouw=w148-h148-n-k-no"
            },
            {
                "title": "Mural Harbor Gallery",
                "category": "Art gallery",
                "url": "http://www.muralharbor.at/",
                "img": "https://lh5.googleusercontent.com/p/AF1QipNaxxc4sAKNVYvWMljPIMequUtZWNU3OoyAFsW7=w148-h148-n-k-no"
            },
            {
                "title": "Pöstlingberg",
                "category": "Mountain peak",
                "img": "https://lh5.googleusercontent.com/p/AF1QipMucOrQk3r0putd6FH_05WtRs_qgvh5nsnAQZWK=w148-h148-n-k-no"
            },
            {
                "title": "Alter Dom - Ignatiuskirche",
                "category": "Catholic church",
                "url": "http://www.ignatiuskirche-linz.at/",
                "img": "https://lh5.googleusercontent.com/p/AF1QipPrLPq1bHKNLiIvK43xIbULxFMl9djmODM-8GkR=w148-h148-n-k-no"
            },
            {
                "title": "Ursuline",
                "category": "Catholic church",
                "url": "https://www.dioezese-linz.at/institution/4184011",
                "img": "https://lh5.googleusercontent.com/p/AF1QipO3gxbnDvk5jHxKGjq1SfQq4M0pwCa9oyvJoWaX=w148-h148-n-k-no"
            },
            {
                "title": "Wallfahrtsbasilika Sieben Schmerzen Mariae",
                "category": "Catholic church",
                "url": "https://www.dioezese-linz.at/linz-poestlingberg",
                "img": "https://lh5.googleusercontent.com/p/AF1QipOnjS1tox6JQyb_mCdqvMxoTB-5Ap9uLWJCM3O4=w148-h148-n-k-no"
            },
            {
                "title": "Donaulände",
                "category": "Park and Garden",
                "img": "https://lh5.googleusercontent.com/p/AF1QipMgKKG3he-r4c-sl0rbOkyGnz51h2zLKp-qM6j9=w148-h148-n-k-no"
            }
        ],
        "Innsbruck": [
            {
                "title": "Golden Roof",
                "category": "Historical landmark",
                "url": "https://www.innsbruck.gv.at/page.cfm?vpath=bildung--kultur/stadtmuseen--stadtgalerie/museum-goldenes-dachl",
                "img": "https://lh4.googleusercontent.com/proxy/jnIKfKzu2Q68qE1BCiS2dtT6TUjm-CAsAKkMUblUmxFs4cS7NF8h_3X_YpJWLN-jwMO3VoXuUYjXb5YQFxAwpKlKSaU0peqQFFFnpNxkh5bVnZyYf4lGSG5DzxcYnWXhkK24nwrCYCYdp-OWPqpSUURP4npk11Y=w148-h148-n-k-no"
            },
            {
                "title": "Ambras Castle Innsbruck",
                "category": "Castle",
                "url": "http://www.schlossambras-innsbruck.at/",
                "img": "https://lh5.googleusercontent.com/p/AF1QipPvleDIpVGignpcxndawKy4WTlDNUj-_IjcyB_E=w148-h148-n-k-no"
            },
            {
                "title": "Alpenzoo Innsbruck - Tirol",
                "category": "Zoo",
                "url": "https://www.alpenzoo.at/",
                "img": "https://lh5.googleusercontent.com/p/AF1QipNBPOL5mFvzjTsG_kUnC7y7wRNpmyftahpdIIvY=w148-h148-n-k-no"
            },
            {
                "title": "Innsbrucker Nordkettenbahnen Betriebs GmbH (Nordkette)",
                "category": "Mountain cable car",
                "url": "https://nordkette.com/de/",
                "img": "https://lh5.googleusercontent.com/p/AF1QipNAyIpEJ2-gGd1dlHZ7LpYQBVcdAlYxKSVuXq_T=w148-h148-n-k-no"
            },
            {
                "title": "Court Church Innsbruck",
                "category": "Catholic church",
                "url": "https://www.tiroler-landesmuseen.at/haeuser/hofkirche/",
                "img": "https://lh5.googleusercontent.com/p/AF1QipOSHBhVt3IieMPStsT-3iD9o-V1Cxiv91oOmIui=w148-h148-n-k-no"
            },
            {
                "title": "Dom St. Jakob",
                "category": "Cathedral",
                "url": "http://www.dibk.at/Media/Pfarren/Innsbruck-St.-Jakob-Dompfarre-Propstei",
                "img": "https://lh5.googleusercontent.com/p/AF1QipOdYIdtZCNgrS_8kBXOPhhR_l16p45-79VrDnJi=w148-h148-n-k-no"
            },
            {
                "title": "Hofburg Innsbruck",
                "category": "Museum",
                "url": "http://www.hofburg-innsbruck.at/",
                "img": "https://lh4.googleusercontent.com/proxy/y5sRaIHH7vfuZSW2hcD3_XHyEb4bjeZF8ZVH6R_NGEsq38KGRik5zKdSDlQiqT06JvI-flxuE0XZmIEn9ZInDt08ini4krQ2-Ku1fxRhoH7IJ-9oO3piI-iFySEbsDX6GTsIU4zq2yBCDgZ0clPoBZrS-xqv3Q=w148-h148-n-k-no"
            },
            {
                "title": "Bergisel Ski Jump",
                "category": "Sports complex",
                "url": "https://www.bergisel.info/at/",
                "img": "https://lh5.googleusercontent.com/p/AF1QipPxfocV_i6TggnSGSmEd33hZ3LETxvfV2g7C6c=w148-h148-n-k-no"
            },
            {
                "title": "Patscherkofelbahn",
                "category": "Mountain cable car",
                "url": "https://www.patscherkofelbahn.at/",
                "img": "https://lh5.googleusercontent.com/p/AF1QipOOsLYNc3BG9Ux0OMcV2DbNOGNw36_djRt5blE4=w148-h148-n-k-no"
            },
            {
                "title": "Annasäule",
                "category": "Historical landmark",
                "img": "https://lh5.googleusercontent.com/p/AF1QipNAxXezGY8LR0NCke05E3zS9awo_3Tp5UhziwGC=w148-h148-n-k-no"
            },
            {
                "title": "Tyrolean Folk Art Museum",
                "category": "Art museum",
                "url": "http://www.tiroler-landesmuseen.at/",
                "img": "https://lh5.googleusercontent.com/p/AF1QipM8qvfChej7dsehKrhzGHMmgXYjRczFBqLPhUch=w148-h148-n-k-no"
            },
            {
                "title": "Altstadt Innsbruck",
                "category": "Historical landmark",
                "url": "http://www.innsbruck-altstadt.com/",
                "img": "https://lh5.googleusercontent.com/p/AF1QipPfK2vaCXBlur-GtxnvTPpvXRem5iMcVGBfOc7_=w148-h148-n-k-no"
            },
            {
                "title": "Innsbrucker Hofgarten",
                "category": "Garden",
                "url": "https://www.innsbruck.info/infrastruktur/infrastruktur/hofgarten-innsbruck.html",
                "img": "https://lh5.googleusercontent.com/p/AF1QipNxmWr6TwIxUPwOUrngZScPUfo5wL837EbG6lt7=w148-h148-n-k-no"
            },
            {
                "title": "Triumphpforte",
                "category": "Historical landmark",
                "url": "https://www.innsbruck.info/sehenswuerdigkeiten/sightseeing/historische-bauten/detail/infrastruktur/triumphpforte-innsbruck.html",
                "img": "https://lh5.googleusercontent.com/p/AF1QipOd2IaFQDRCZ9xHkeDYK72vkTFJ3OTLCT8_a1H_=w148-h148-n-k-no"
            },
            {
                "title": "Tirol Panorama and Kaiserjäger Museum",
                "category": "Museum",
                "url": "https://www.tiroler-landesmuseen.at/haeuser/tirol-panorama-mit-kjm/",
                "img": "https://lh5.googleusercontent.com/p/AF1QipNOtQEeuY8z_UaYcY09miak4TgWVYBMw0tFt8NR=w148-h148-n-k-no"
            },
            {
                "title": "Experience Tirol",
                "category": "Tourist attraction",
                "url": "https://www.experiencetirol.com/",
                "img": "https://lh5.googleusercontent.com/p/AF1QipMFNBlrqifTAYVgrs6J4OpmXpLAbDzNxVOof55T=w148-h148-n-k-no"
            }
        ],
        "Graz": [
            {
                "title": "Schlossberg Graz",
                "category": "Park and Garden",
                "img": "https://lh5.googleusercontent.com/p/AF1QipNvkJX0BeZ8mR3jdzPYyUx17917tkBKrPtJO2lz=w148-h148-n-k-no"
            },
            {
                "title": "Schloss Eggenberg",
                "category": "Castle",
                "img": "https://lh5.googleusercontent.com/p/AF1QipMcuTs5FzLaOOhlFwMyXA7q0ddpyvgKZBDxP1Bk=w148-h148-n-k-no"
            },
            {
                "title": "Landeszeughaus",
                "category": "Museum",
                "img": "https://lh5.googleusercontent.com/p/AF1QipPvFaDYJXe24PqnLPzx1qMNE7M0DklwqLH4TgKP=w148-h148-n-k-no"
            },
            {
                "title": "Murinsel Graz",
                "category": "Tourist attraction",
                "img": "https://lh5.googleusercontent.com/p/AF1QipO5qabzlk-hduCV6khLpYI7dXv7-apFJqiutafi=w148-h148-n-k-no"
            },
            {
                "title": "Hauptplatz der Stadt Graz",
                "category": "Tourist attraction",
                "img": "https://lh5.googleusercontent.com/p/AF1QipP3vAFN5tYetE2dSZ93jQhXLnERL9uEuldfntkv=w148-h148-n-k-no"
            },
            {
                "title": "Kunsthaus Graz",
                "category": "Museum",
                "img": "https://lh5.googleusercontent.com/p/AF1QipMtgTrSBoaNe7M04_yvtbcKG68WoW9xP0RKCy1l=w148-h148-n-k-no"
            },
            {
                "title": "Uhrturm",
                "category": "Historical landmark",
                "img": "https://lh5.googleusercontent.com/p/AF1QipOkTRmmGUwA6M6_o5xTvupeAPicQYe-_GTKjcKn=w148-h148-n-k-no"
            },
            {
                "title": "Old Town of Graz",
                "category": "Historical place",
                "img": "https://lh5.googleusercontent.com/p/AF1QipO-6V1mbuMa7RLas0J7oq214ZeZslT58vfyalMk=w148-h148-n-k-no"
            },
            {
                "title": "Grazer Landhaus",
                "category": "Historical landmark",
                "img": "https://lh5.googleusercontent.com/p/AF1QipNAEdBSu7K3XbXqys7NtFUVmpm9bEsrbobuRvyp=w148-h148-n-k-no"
            },
            {
                "title": "Graz Cathedral",
                "category": "Cathedral",
                "img": "https://lh5.googleusercontent.com/p/AF1QipO88nZ5OUS14s8hCPeadCFZKM9gy22A6jTpLthv=w148-h148-n-k-no"
            },
            {
                "title": "Mariatrost Basilica",
                "category": "Tourist attraction",
                "img": "https://lh5.googleusercontent.com/p/AF1QipO6gd2CfsVeLvM5UASxQDauaiCLxDRnVkII1iqj=w148-h148-n-k-no"
            },
            {
                "title": "Mausoleum Kaiser Ferdinands II.",
                "category": "Historical landmark",
                "img": "https://lh5.googleusercontent.com/p/AF1QipP63XzmFm1pFuBxt5ZXiy-UzACFLauSKAHGNbXH=w148-h148-n-k-no"
            },
            {
                "title": "Double Spiral Stairs",
                "category": "Historical landmark",
                "img": "https://lh5.googleusercontent.com/p/AF1QipPLTbz8a1bxHc_mVZHLZFmQkA1YmbvA7bLqzFQ9=w148-h148-n-k-no"
            },
            {
                "title": "New Gallery Graz",
                "category": "Museum",
                "img": "https://lh5.googleusercontent.com/p/AF1QipP7E5wpEbVj_OE46SShwGIxH1Vszvg_WLb7gdCh=w148-h148-n-k-no"
            },
            {
                "title": "Karl-Franzens-Universität Botanical Garden",
                "category": "Botanical garden",
                "img": "https://lh5.googleusercontent.com/p/AF1QipP7R0As-oibow3jj2dwUPTQJ8rpouso8DY7eHPy=w148-h148-n-k-no"
            },
            {
                "title": "Universalmuseum Joanneum",
                "category": "Arts Organisation",
                "img": "https://lh5.googleusercontent.com/p/AF1QipM2_LvQfE7PDcDGa_oiLjkdmeQ_ZMf1If13KKHZ=w148-h148-n-k-no"
            }
        ],
        "Hietzing": [
            {
                "title": "Reisser Kunstverlag e.U. - Hochwertige Kunstdrucke - Onlinegalerie/Onlineshop",
                "category": "Art museum",
                "url": "https://kunstdrucke-kunstbilder.at/",
                "img": "https://lh5.googleusercontent.com/p/AF1QipNppQxJnqx2-cRjvDyI5jrDUN9YAz3hZzgHT281=w148-h148-n-k-no"
            },
            {
                "title": "Vienna State Opera",
                "category": "Opera house",
                "url": "https://www.wiener-staatsoper.at/",
                "img": "https://lh5.googleusercontent.com/p/AF1QipO25qyyid9Su9P2dGM3SRGlFNOl8HL0MiVzgLvE=w148-h148-n-k-no"
            },
            {
                "title": "Austrian National Library, State Hall",
                "category": "Library",
                "url": "https://www.onb.ac.at/",
                "img": "https://lh5.googleusercontent.com/p/AF1QipPXirMcX7ezCsTu5OH2n_LD8l8M5Q985-fWGql1=w148-h148-n-k-no"
            },
            {
                "title": "Naschmarkt",
                "category": "Route",
                "img": "https://lh5.googleusercontent.com/p/AF1QipNxJK87859Gn8jPtLpykg4l0hJmID0fKLkiuVUv=w148-h148-n-k-no"
            },
            {
                "title": "Schloss Schönbrunn Orchester",
                "category": "Musical Band and Orchestra",
                "url": "https://www.schoenbrunnorchester.com/",
                "img": "https://lh5.googleusercontent.com/p/AF1QipOFoA3Y861eqK7R_bnuWMQWmBCYn4Cmn8R8bpGP=w148-h148-n-k-no"
            },
            {
                "title": "Vienna Craftwork Association Housing Estate",
                "category": "Housing Development",
                "url": "https://www.werkbundsiedlung-wien.at/",
                "img": "https://lh5.googleusercontent.com/p/AF1QipMcCrqzfRp3CAvjwZh_G8sb7bDDpzjRLAHvgJ6I=w148-h148-n-k-no"
            },
            {
                "title": "Zauberladen",
                "category": "Fabric Shop",
                "url": "http://www.zauber-laden.at/",
                "img": "https://lh5.googleusercontent.com/p/AF1QipNE0W96KMznpkp7XDMqSw4UrG-vfeMuA5aVxCXq=w148-h148-n-k-no"
            },
            {
                "title": "Schönbrunn Zoo",
                "category": "Zoo",
                "url": "https://www.zoovienna.at/",
                "img": "https://lh5.googleusercontent.com/p/AF1QipP9QBvtawTf7r3Tul1QfJrpxGWZ5dqDGXESRYzy=w148-h148-n-k-no"
            },
            {
                "title": "Schönbrunner Straße",
                "category": "Route",
                "img": "https://lh5.googleusercontent.com/p/AF1QipP-9nS7HxZp6b2JxxIO0qJnHxSlbBAgP42V9ffp=w148-h148-n-k-no"
            },
            {
                "title": "Schönbrunn Palace",
                "category": "Castle",
                "url": "https://www.schoenbrunn.at/",
                "img": "https://lh5.googleusercontent.com/p/AF1QipM59GqGmeLV81jk6jDiywdoI0kAeTfRBW7lXBgE=w148-h148-n-k-no"
            },
            {
                "title": "Café Gloriette",
                "category": "Cafe",
                "url": "https://www.gloriette-cafe.at/kulinarik/",
                "img": "https://lh5.googleusercontent.com/p/AF1QipP7uLWm0f9JKKkY64NuhRYF0eFsjmaQRJIzRrW0=w148-h148-n-k-no"
            },
            {
                "title": "Neptune Fountain",
                "category": "Fountain",
                "url": "https://www.schoenbrunn.at/ueber-schoenbrunn/der-schlosspark/rundgang/neptunbrunnen",
                "img": "https://lh5.googleusercontent.com/p/AF1QipP8c0FFY_Ntna94do3mZn0S7gaTTGC4S4-5pjlG=w148-h148-n-k-no"
            },
            {
                "title": "Lainzer Tiergarten",
                "category": "Park and Garden",
                "url": "https://www.wien.gv.at/umwelt/wald/erholung/lainzertiergarten/",
                "img": "https://lh5.googleusercontent.com/p/AF1QipP5xA2JHp4ny-uy-grPZH7-WCGgeFkl1kc3bhdE=w148-h148-n-k-no"
            },
            {
                "title": "Maze",
                "category": "Garden",
                "url": "http://www.schoenbrunn.at/alle-tickets/irrgarten",
                "img": "https://lh5.googleusercontent.com/p/AF1QipM9G7ePhhEEQEBj3caJfB6DjtVT00Er_-1Osoc6=w148-h148-n-k-no"
            },
            {
                "title": "Schokoladenhaus",
                "category": "Tourist attraction",
                "img": "https://lh5.googleusercontent.com/p/AF1QipMEwi8V9dpiIQxk8BUDPdPUtK7olPbI1F1pv7id=w148-h148-n-k-no"
            },
            {
                "title": "Imperial Carriage Museum Vienna",
                "category": "Museum",
                "url": "http://www.kaiserliche-wagenburg.at/",
                "img": "https://lh5.googleusercontent.com/p/AF1QipN9Fj4z1xLeAsD76qrG-uMOCFHiK9I3RD0WHRP-=w148-h148-n-k-no"
            }
        ],
        "Simmering": [
            {
                "title": "Belvedere Palace",
                "category": "Museum",
                "url": "https://www.belvedere.at/",
                "img": "https://lh5.googleusercontent.com/p/AF1QipNTunyOa6mgyd2TE4bU_a-I-LAcAyiuMZ2waF2C=w148-h148-n-k-no"
            },
            {
                "title": "St. Stephen's Cathedral",
                "category": "Cathedral",
                "url": "https://www.stephanskirche.at/",
                "img": "https://lh5.googleusercontent.com/p/AF1QipNhdpuu1dAjkzVmGEOPzzTCxOOXlnoVniVU_Yh9=w148-h148-n-k-no"
            },
            {
                "title": "Vienna State Opera",
                "category": "Opera house",
                "url": "https://www.wiener-staatsoper.at/",
                "img": "https://lh5.googleusercontent.com/p/AF1QipO25qyyid9Su9P2dGM3SRGlFNOl8HL0MiVzgLvE=w148-h148-n-k-no"
            },
            {
                "title": "Hofburg",
                "category": "Historical place",
                "url": "https://www.wien.info/de/sightseeing/imperiales/hofburg-wien",
                "img": "https://lh5.googleusercontent.com/p/AF1QipOX4bfDbCBQgPGFeWhPXnP4_Jk59WIKlOSX9YO1=w148-h148-n-k-no"
            },
            {
                "title": "Kunsthistorisches Museum Wien",
                "category": "Museum",
                "url": "https://www.khm.at/",
                "img": "https://lh5.googleusercontent.com/p/AF1QipNET2OQ62qvbfxfFIcYdBk2IoPbsA3dDarJvBH_=w148-h148-n-k-no"
            },
            {
                "title": "Wiener Konzerthaus",
                "category": "Concert hall",
                "url": "http://www.konzerthaus.at/",
                "img": "https://lh5.googleusercontent.com/p/AF1QipP6wiCQfHJ7JzsQP9l5-o9_cWxJq3WTiNu_ChB5=w148-h148-n-k-no"
            },
            {
                "title": "Schönbrunn Palace",
                "category": "Castle",
                "url": "https://www.schoenbrunn.at/",
                "img": "https://lh5.googleusercontent.com/p/AF1QipM59GqGmeLV81jk6jDiywdoI0kAeTfRBW7lXBgE=w148-h148-n-k-no"
            },
            {
                "title": "Austrian National Library, State Hall",
                "category": "Library",
                "url": "https://www.onb.ac.at/",
                "img": "https://lh5.googleusercontent.com/p/AF1QipPXirMcX7ezCsTu5OH2n_LD8l8M5Q985-fWGql1=w148-h148-n-k-no"
            },
            {
                "title": "Vienna Central T",
                "category": "Train station",
                "url": "https://www.oebb.at/",
                "img": "https://lh5.googleusercontent.com/p/AF1QipMay2ddAU_YwE1at-DZNw_-AXJ08acKj507MVHG=w148-h148-n-k-no"
            },
            {
                "title": "Museum of Military History",
                "category": "Museum",
                "url": "http://www.hgm.at/",
                "img": "https://lh5.googleusercontent.com/p/AF1QipPM-DvUOuC84EQwdWSLiTzFenBBzcr1_O6BZRXT=w148-h148-n-k-no"
            },
            {
                "title": "Austrian Gallery Belvedere",
                "category": "Museum",
                "url": "https://www.belvedere.at/",
                "img": "https://lh5.googleusercontent.com/p/AF1QipOsWYMjWma3-4E3u_RYoVoAbd0Gupi7zXswP4cJ=w148-h148-n-k-no"
            },
            {
                "title": "Hundertwasser House",
                "category": "Tourist attraction",
                "url": "https://hundertwasserhaus.info/",
                "img": "https://lh5.googleusercontent.com/p/AF1QipPBgkveNC5Uiz8tduk31Gpbq9Us7AIDQev1KQ9t=w148-h148-n-k-no"
            },
            {
                "title": "Belvedere-Schlossgarten",
                "category": "Garden",
                "url": "https://www.belvedere.at/das-museum/gaerten/schlossgarten",
                "img": "https://lh5.googleusercontent.com/p/AF1QipNcI5LImH2Qdzx0GmF-5CY1wRKINFZ7HkahPEy1=w148-h148-n-k-no"
            },
            {
                "title": "Wien Hbf Süd (Am Hauptbahnhof)",
                "category": "Bus stop",
                "img": "https://lh5.googleusercontent.com/p/AF1QipOJq6-UX_muvaWwDiKoKd1Ogqyw5n0KFpQgA_se=w148-h148-n-k-no"
            },
            {
                "title": "Vienna à la carte - Private & Small Group Tours",
                "category": "Sightseeing Tour Agency",
                "url": "https://www.vienna-alacarte.com/",
                "img": "https://lh5.googleusercontent.com/p/AF1QipPXGrGZWLP6lX17uvILuX17NEkcIF1sLKXz_M90=w148-h148-n-k-no"
            },
            {
                "title": "Therme Wien",
                "category": "Spa",
                "url": "https://www.thermewien.at/",
                "img": "https://lh5.googleusercontent.com/p/AF1QipOhy-qGeeCnzx5N7FeLuKnQPWJ2zDN12Wx8sTw=w148-h148-n-k-no"
            }
        ],
        "Salzburg": [
            {
                "title": "Fortress Hohensalzburg",
                "category": "Fortress",
                "url": "https://www.salzburg-burgen.at/de/festung-hohensalzburg/",
                "img": "https://lh5.googleusercontent.com/p/AF1QipM-7X4j_X-MOdt0bCVJQ5u_06I1a4RzMbPsSZZL=w148-h148-n-k-no"
            },
            {
                "title": "Mirabell Palace",
                "category": "Castle",
                "url": "https://www.salzburg.info/de/sehenswertes/top10/schloss-mirabell",
                "img": "https://lh5.googleusercontent.com/p/AF1QipMP-2StHrUbclsG4E3qxzikJrkUTMSZL7mcQcqB=w148-h148-n-k-no"
            },
            {
                "title": "Schloss Hellbrunn",
                "category": "Tourist attraction",
                "url": "http://www.hellbrunn.at/",
                "img": "https://lh5.googleusercontent.com/p/AF1QipOtn6M0QZhRS8gOIyxXJHXZwdP8cJAPoa8qLS8l=w148-h148-n-k-no"
            },
            {
                "title": "Salzburg Cathedral",
                "category": "Catholic cathedral",
                "url": "https://www.salzburger-dom.at/home/",
                "img": "https://lh3.googleusercontent.com/proxy/2p_ojL3LRjN8B_FpVFllAK8-E4cbO0qua3c2s8moc8tZLF9sir_bbsPh4PWC1IvY3KIOCuBGyJnBYeOBeg__zMGWCMqrxQKs89ldZGe2jUV9rl740BcnT1-gbOSYgrsu70YjWjMbiKzjwfTjN2T2hMLuNVLb5ko=w148-h148-n-k-no"
            },
            {
                "title": "Salzburg Zoo Hellbrunn",
                "category": "Zoo",
                "url": "https://salzburg-zoo.at/",
                "img": "https://lh5.googleusercontent.com/p/AF1QipNowI2so06Jn3rihUmX5L-E4gCox7P-fDfWT-tH=w148-h148-n-k-no"
            },
            {
                "title": "Mozart's Birthplace",
                "category": "Museum",
                "url": "https://mozarteum.at/museums/mozarts-geburtshaus/#info",
                "img": "https://lh5.googleusercontent.com/p/AF1QipM2GHR6OXMRjgNtz2nRfZX9aOmFRT-7lEuHYEdt=w148-h148-n-k-no"
            },
            {
                "title": "DomQuartier Salzburg",
                "category": "Museum",
                "url": "https://www.domquartier.at/",
                "img": "https://lh5.googleusercontent.com/p/AF1QipPWXLwUSX4ehgdmT7fnyuhxOx3gPumHozpV4VYT=w148-h148-n-k-no"
            },
            {
                "title": "Red Bull Hangar-7",
                "category": "Technology museum",
                "url": "https://www.hangar-7.com/",
                "img": "https://lh5.googleusercontent.com/p/AF1QipMk6sjnACl7iwLd0gf99Hs8kvK6-HGdTDJyyRyM=w148-h148-n-k-no"
            },
            {
                "title": "Museum of Natural History and Technology",
                "category": "Natural history museum",
                "url": "http://www.hausdernatur.at/",
                "img": "https://lh5.googleusercontent.com/p/AF1QipPRJ2V5JAJgwkmhLP-2l9dp2kLHZTha5AHpAqiE=w148-h148-n-k-no"
            },
            {
                "title": "Stiegl-Brauwelt",
                "category": "Tourist attraction",
                "url": "http://brauwelt.at/",
                "img": "https://lh5.googleusercontent.com/p/AF1QipOe8gi49NdwcO0fxeBjQslBgRhS_ozE40KM9xJV=w148-h148-n-k-no"
            },
            {
                "title": "Mirabellgarten",
                "category": "Garden",
                "url": "https://www.stadt-salzburg.at/mirabellgarten/",
                "img": "https://lh5.googleusercontent.com/p/AF1QipO-diVyTXOc-rKfu2iwC2r0nuBanBB5wSGdq5_X=w148-h148-n-k-no"
            },
            {
                "title": "St. Peter's Abbey",
                "category": "Abbey",
                "url": "https://www.erzabtei.at/",
                "img": "https://lh5.googleusercontent.com/p/AF1QipPEjk27pnyZJxW3TPUj2CUzKQmdS_9gEFvj--4=w148-h148-n-k-no"
            },
            {
                "title": "Friedhof St. Peter (Petersfriedhof)",
                "category": "Cemetery",
                "url": "https://www.stift-stpeter.at/de/kloster/index.asp?dat=Friedhof-Katakomben",
                "img": "https://lh5.googleusercontent.com/p/AF1QipO9sMO9D3HCO_RRDVd83k1WFudV_3uxGghLdVjo=w148-h148-n-k-no"
            },
            {
                "title": "Altstadt Salzburg",
                "category": "Neighborhood",
                "img": "https://lh5.googleusercontent.com/p/AF1QipNe3E9NR1pLeHXWI9vf3vvxpdMJQc-T_bRxC9i6=w148-h148-n-k-no"
            },
            {
                "title": "Stift Nonnberg",
                "category": "Convent",
                "url": "http://www.nonnberg.at/",
                "img": "https://lh5.googleusercontent.com/p/AF1QipP1QXtTVWnb2EowKB7APBcfoCRDORmTJgbHcz2S=w148-h148-n-k-no"
            },
            {
                "title": "Residenzplatz",
                "category": "Plaza",
                "url": "https://www.salzburg.info/en/sights/squares-streets/residenzplatz",
                "img": "https://lh5.googleusercontent.com/p/AF1QipPl3zp2rpIb_T9R98tU_GyE0b-slrq0mpWNM3gX=w148-h148-n-k-no"
            }
        ],
        "Klagenfurt am Wörthersee": [
            {
                "title": "Minimundus",
                "category": "Theme park",
                "url": "http://www.minimundus.at/",
                "img": "https://lh5.googleusercontent.com/p/AF1QipP-oK1wZeFMqdL-B4IyZZ5OWgY2MgcesdflhfcO=w148-h148-n-k-no"
            },
            {
                "title": "City-Arkaden Klagenfurt",
                "category": "Shopping Centre",
                "url": "https://www.city-arkaden-klagenfurt.at/",
                "img": "https://lh5.googleusercontent.com/p/AF1QipPsPuNOG4mH_YaU2qhqa7yMChSYVf7-FXQboAKm=w148-h148-n-k-no"
            },
            {
                "title": "Lindwurm Fountain",
                "category": "Historical landmark",
                "img": "https://lh5.googleusercontent.com/p/AF1QipPpmwadnKgGOCPBXcGwHHezK7dB6pnAMMeCXKS6=w148-h148-n-k-no"
            },
            {
                "title": "Europapark",
                "category": "Park and Garden",
                "img": "https://lh5.googleusercontent.com/p/AF1QipNWyRUpQLhwgAMhU7Fj3fchfs9I4Nd4o2JTvjei=w148-h148-n-k-no"
            },
            {
                "title": "LMK",
                "category": "Museum",
                "url": "https://landesmuseum.ktn.gv.at/standorte/kaerntenmuseum",
                "img": "https://lh5.googleusercontent.com/p/AF1QipM-qqQQedFxt-C5cnce1npsVQUg5HhMvzcywneJ=w148-h148-n-k-no"
            },
            {
                "title": "Reptilienzoo Happ",
                "category": "Zoo",
                "url": "http://www.reptilienzoo.at/",
                "img": "https://lh5.googleusercontent.com/p/AF1QipO4OhTSg_2I0bztgl6w-GVGxFpJNGYHPtuWyeHA=w148-h148-n-k-no"
            },
            {
                "title": "Pyramidenkogel Tower",
                "category": "Observation deck",
                "url": "https://www.pyramidenkogel.info/",
                "img": "https://lh5.googleusercontent.com/p/AF1QipPL3nKhbSJnDA7q2wORuslFWz7L0LpALBmKHwPX=w148-h148-n-k-no"
            },
            {
                "title": "Maria Loreto Castle",
                "category": "Events Venue",
                "url": "https://www.feinekuechekulterer.at/hochzeit-im-schloss/",
                "img": "https://lh5.googleusercontent.com/p/AF1QipMqTfLVm-p1hMN8dow3mho9LwhrDnvhwYlACRX3=w148-h148-n-k-no"
            },
            {
                "title": "Eboardmuseum",
                "category": "Museum",
                "url": "http://www.eboardmuseum.com/",
                "img": "https://lh5.googleusercontent.com/p/AF1QipN2GzDSOE1uAnI8Urggv7FRRJ1v4zWe4v12wqyU=w148-h148-n-k-no"
            },
            {
                "title": "Planetarium Klagenfurt",
                "category": "Planetarium",
                "url": "http://www.planetarium-klagenfurt.at/",
                "img": "https://lh5.googleusercontent.com/p/AF1QipPJ8u29PMpxr8yG1-KUoxnv8dGQwPszwTq6Zet2=w148-h148-n-k-no"
            },
            {
                "title": "Museum of Modern Art",
                "category": "Modern art museum",
                "url": "http://mmkk.ktn.gv.at/",
                "img": "https://lh5.googleusercontent.com/p/AF1QipMxkVAXxYk1emyLnCskBLq436LDbGhLHrSLDmJm=w148-h148-n-k-no"
            },
            {
                "title": "Klagenfurt Cathedral",
                "category": "Cathedral",
                "url": "https://www.kath-kirche-kaernten.at/pfarren/pfarre/C3074",
                "img": "https://lh5.googleusercontent.com/p/AF1QipPDHvXZ5_3-tNb98mub2CHspR9oVGXqrBVzGf1w=w148-h148-n-k-no"
            },
            {
                "title": "Hochosterwitz Castle",
                "category": "Castle",
                "url": "http://www.burg-hochosterwitz.com/",
                "img": "https://lh5.googleusercontent.com/p/AF1QipPRSGaYRtPgV-hQaAnRJc5VpCcog5evf0ZiV4UR=w148-h148-n-k-no"
            },
            {
                "title": "Landhaus Klagenfurt",
                "category": "Regional government office",
                "img": "https://lh5.googleusercontent.com/p/AF1QipOFvvH3gGxBzjuPXUG3RmBz4XLOzPyYIoIJMfSV=w148-h148-n-k-no"
            },
            {
                "title": "Paint Full Paintball Area Klagenfurt",
                "category": "Paintball centre",
                "url": "http://www.paintfull.at/",
                "img": "https://lh5.googleusercontent.com/p/AF1QipPmLcJYG-kjIZzd7KSn1Dql0iHl4CWI_nhhfPNP=w148-h148-n-k-no"
            },
            {
                "title": "Benediktiner Markt",
                "category": "Supermarket",
                "img": "https://lh5.googleusercontent.com/p/AF1QipOum_QVAUcOvAePtWl_446_xTbAs6WdEIlxYb6p=w148-h148-n-k-no"
            }
        ],
        "Hernals": [
            {
                "title": "Schafbergbad",
                "category": "Public swimming pool",
                "url": "https://www.wien.gv.at/freizeit/baeder/uebersicht/sommerbaeder/schafbergbad.html",
                "img": "https://lh5.googleusercontent.com/p/AF1QipNh9JnIwwn-zr41Fk_nVqCJfBJbS318lCDHGacD=w148-h148-n-k-no"
            },
            {
                "title": "Vox Libri Café & modernes Antiquariat",
                "category": "Cafe",
                "url": "http://www.voxlibri.at/",
                "img": "https://lh5.googleusercontent.com/p/AF1QipOLCxXbWWDopLyluqRbTfQt_D0fx3TuPOOEnWDr=w148-h148-n-k-no"
            },
            {
                "title": "Wiener Sport Club Platz",
                "category": "Stadium",
                "url": "https://wienersportclub.com/stadion",
                "img": "https://lh5.googleusercontent.com/p/AF1QipMJYQPb1EqoeiX3PGn1TFEzypGx7aZGypXoI7_X=w148-h148-n-k-no"
            },
            {
                "title": "Imperial Carriage Museum Vienna",
                "category": "Museum",
                "url": "http://www.kaiserliche-wagenburg.at/",
                "img": "https://lh5.googleusercontent.com/p/AF1QipN9Fj4z1xLeAsD76qrG-uMOCFHiK9I3RD0WHRP-=w148-h148-n-k-no"
            },
            {
                "title": "Hofburg",
                "category": "Historical place",
                "url": "https://www.wien.info/de/sightseeing/imperiales/hofburg-wien",
                "img": "https://lh5.googleusercontent.com/p/AF1QipOX4bfDbCBQgPGFeWhPXnP4_Jk59WIKlOSX9YO1=w148-h148-n-k-no"
            },
            {
                "title": "Rathausplatz",
                "category": "Plaza",
                "url": "https://www.wien.gv.at/verwaltung/rathaus/fuehrung/online/rathausplatz.html",
                "img": "https://lh5.googleusercontent.com/p/AF1QipMosbfjm-dpEDeir6BiBTTH2ZMDY0Ytnsb_ClSM=w148-h148-n-k-no"
            },
            {
                "title": "St. Stephen's Cathedral",
                "category": "Cathedral",
                "url": "https://www.stephanskirche.at/",
                "img": "https://lh5.googleusercontent.com/p/AF1QipNhdpuu1dAjkzVmGEOPzzTCxOOXlnoVniVU_Yh9=w148-h148-n-k-no"
            },
            {
                "title": "Schönbrunn Palace",
                "category": "Castle",
                "url": "https://www.schoenbrunn.at/",
                "img": "https://lh5.googleusercontent.com/p/AF1QipM59GqGmeLV81jk6jDiywdoI0kAeTfRBW7lXBgE=w148-h148-n-k-no"
            },
            {
                "title": "Museum of Natural History Vienna",
                "category": "Natural history museum",
                "url": "https://www.nhm-wien.ac.at/",
                "img": "https://lh5.googleusercontent.com/p/AF1QipMLnfFKOLR4RTXY57-k0rtfK6HoFirPUk_m6HZa=w148-h148-n-k-no"
            },
            {
                "title": "Kunsthistorisches Museum Wien",
                "category": "Museum",
                "url": "https://www.khm.at/",
                "img": "https://lh5.googleusercontent.com/p/AF1QipNET2OQ62qvbfxfFIcYdBk2IoPbsA3dDarJvBH_=w148-h148-n-k-no"
            },
            {
                "title": "Leopold Museum",
                "category": "Museum",
                "url": "https://www.leopoldmuseum.org/en",
                "img": "https://lh5.googleusercontent.com/p/AF1QipMPHBv343x--PCdDfWT3HtEBdQZvzD0a68X0FHs=w148-h148-n-k-no"
            },
            {
                "title": "Volksoper Wien",
                "category": "Opera house",
                "url": "https://www.volksoper.at/",
                "img": "https://lh5.googleusercontent.com/p/AF1QipNyF8YBZejO1c6N2PCZ9Kussjr1A_ojhWOLWyx7=w148-h148-n-k-no"
            },
            {
                "title": "Rathaus der Stadt Wien",
                "category": "Town Hall",
                "url": "http://www.wien.gv.at/verwaltung/rathaus/index.html",
                "img": "https://lh5.googleusercontent.com/p/AF1QipNvC9WYxcIdfUpUvEzF5a4QjbQHBVJHS94cCQ_L=w148-h148-n-k-no"
            },
            {
                "title": "Austrian Gallery Belvedere",
                "category": "Museum",
                "url": "https://www.belvedere.at/",
                "img": "https://lh5.googleusercontent.com/p/AF1QipOsWYMjWma3-4E3u_RYoVoAbd0Gupi7zXswP4cJ=w148-h148-n-k-no"
            },
            {
                "title": "Classical Concerts in St Anne’s Church(Annakirche) in Vienna",
                "category": "Live music venue",
                "url": "http://www.classicexclusive.com/",
                "img": "https://lh5.googleusercontent.com/p/AF1QipMJIKpYrhYXvfjncZBkGMBfbFvm2JFG_iuEpJ-1=w148-h148-n-k-no"
            },
            {
                "title": "BEIMIR",
                "category": "Cocktail bar",
                "url": "http://www.beimir.at/",
                "img": "https://lh5.googleusercontent.com/p/AF1QipP5gZFBM2YilFd-YZHjdD5pfMa0XwzPOS6kUKCM=w148-h148-n-k-no"
            }
        ],
        "Vienna": [
            {
                "title": "Hofburg",
                "category": "Historical place",
                "url": "https://www.wien.info/de/sightseeing/imperiales/hofburg-wien",
                "img": "https://lh5.googleusercontent.com/p/AF1QipOX4bfDbCBQgPGFeWhPXnP4_Jk59WIKlOSX9YO1=w148-h148-n-k-no"
            },
            {
                "title": "Belvedere Palace",
                "category": "Museum",
                "url": "https://www.belvedere.at/",
                "img": "https://lh5.googleusercontent.com/p/AF1QipNTunyOa6mgyd2TE4bU_a-I-LAcAyiuMZ2waF2C=w148-h148-n-k-no"
            },
            {
                "title": "St. Stephen's Cathedral",
                "category": "Cathedral",
                "url": "https://www.stephanskirche.at/",
                "img": "https://lh5.googleusercontent.com/p/AF1QipNhdpuu1dAjkzVmGEOPzzTCxOOXlnoVniVU_Yh9=w148-h148-n-k-no"
            },
            {
                "title": "Schönbrunn Palace",
                "category": "Castle",
                "url": "https://www.schoenbrunn.at/",
                "img": "https://lh5.googleusercontent.com/p/AF1QipM59GqGmeLV81jk6jDiywdoI0kAeTfRBW7lXBgE=w148-h148-n-k-no"
            },
            {
                "title": "Viennese Giant Ferris Wheel",
                "category": "Tourist attraction",
                "url": "http://www.wienerriesenrad.com/",
                "img": "https://lh5.googleusercontent.com/p/AF1QipMK48m26SP1A_wqV30rAJkNbz92lf3N8ulOhMon=w148-h148-n-k-no"
            },
            {
                "title": "Vienna State Opera",
                "category": "Opera house",
                "url": "https://www.wiener-staatsoper.at/",
                "img": "https://lh5.googleusercontent.com/p/AF1QipO25qyyid9Su9P2dGM3SRGlFNOl8HL0MiVzgLvE=w148-h148-n-k-no"
            },
            {
                "title": "Albertina",
                "category": "Art museum",
                "url": "https://www.albertina.at/",
                "img": "https://lh5.googleusercontent.com/p/AF1QipMLjR6QbuCWhAfMQ1O2NzMmL68ryIct0xGGrDbO=w148-h148-n-k-no"
            },
            {
                "title": "Kunsthistorisches Museum Wien",
                "category": "Museum",
                "url": "https://www.khm.at/",
                "img": "https://lh5.googleusercontent.com/p/AF1QipNET2OQ62qvbfxfFIcYdBk2IoPbsA3dDarJvBH_=w148-h148-n-k-no"
            },
            {
                "title": "Prater",
                "category": "Amusement park",
                "url": "https://www.praterwien.com/startseite/",
                "img": "https://lh5.googleusercontent.com/p/AF1QipO__saV8RkNk1g975OGW7XNUKkqwtk3wZb00j13=w148-h148-n-k-no"
            },
            {
                "title": "Schönbrunn Zoo",
                "category": "Zoo",
                "url": "https://www.zoovienna.at/",
                "img": "https://lh5.googleusercontent.com/p/AF1QipP9QBvtawTf7r3Tul1QfJrpxGWZ5dqDGXESRYzy=w148-h148-n-k-no"
            },
            {
                "title": "Austrian Gallery Belvedere",
                "category": "Museum",
                "url": "https://www.belvedere.at/",
                "img": "https://lh5.googleusercontent.com/p/AF1QipOsWYMjWma3-4E3u_RYoVoAbd0Gupi7zXswP4cJ=w148-h148-n-k-no"
            },
            {
                "title": "Museum of Natural History Vienna",
                "category": "Natural history museum",
                "url": "https://www.nhm-wien.ac.at/",
                "img": "https://lh5.googleusercontent.com/p/AF1QipMLnfFKOLR4RTXY57-k0rtfK6HoFirPUk_m6HZa=w148-h148-n-k-no"
            },
            {
                "title": "MuseumsQuartier Wien",
                "category": "Art Centre",
                "url": "https://www.mqw.at/",
                "img": "https://lh6.googleusercontent.com/proxy/g9tRZ-BCCS_S-C7aHsO5aZ5dI60nmlQJN3DArBty4SB__ocxLa6G489j1c0tbdhbdXIQn3LRA1fQvi56vt0q19wt5Vb-IcKRUeZZpCoEFbBt1KY-lk4G4VyHX5iU5-HitO_7agf8vBCubnSx1cybRcqETLY_SyY=w148-h148-n-k-no"
            },
            {
                "title": "Volksgarten",
                "category": "Park and Garden",
                "img": "https://lh5.googleusercontent.com/p/AF1QipP05voH-BDM_fEU745fet3dqoWNIAqEy0a5xzgS=w148-h148-n-k-no"
            },
            {
                "title": "Stadtpark",
                "category": "City park",
                "url": "https://www.wien.gv.at/umwelt/parks/anlagen/stadtpark.html",
                "img": "https://lh5.googleusercontent.com/p/AF1QipPtiaY8hYkHuCyHXDKM5E5Snm85d8Y4UADS4Wp2=w148-h148-n-k-no"
            },
            {
                "title": "St. Charles's Church",
                "category": "Catholic church",
                "url": "https://www.erzdioezese-wien.at/karlskirche",
                "img": "https://lh5.googleusercontent.com/p/AF1QipNNmA76Ps71NCL9rOOFoyheCEOyXWdHcUgQx9jd=w148-h148-n-k-no"
            }
        ],
        "Meidling": [
            {
                "title": "Hetzendorf Palace",
                "category": "Castle",
                "url": "https://www.wien.gv.at/bildung/schulen/modeschule/schloss/architektur.html",
                "img": "https://lh5.googleusercontent.com/p/AF1QipPRwLPcZDsgIRFGvJQ44_2NZBn8q9F23lAQao4c=w148-h148-n-k-no"
            },
            {
                "title": "NoWayOut Escape Room Wien",
                "category": "Escape room centre",
                "url": "https://www.nowayout-escape.at/de/?utm_source=gmaps&utm_medium=gmaps_vienna&el=gmaps_vienna&htrafficsource=gmaps",
                "img": "https://lh5.googleusercontent.com/p/AF1QipM8HkGMVYN3IMFP0VMybMZAmb0B66grz1scXcRe=w148-h148-n-k-no"
            },
            {
                "title": "Belvedere Palace",
                "category": "Museum",
                "url": "https://www.belvedere.at/",
                "img": "https://lh5.googleusercontent.com/p/AF1QipNTunyOa6mgyd2TE4bU_a-I-LAcAyiuMZ2waF2C=w148-h148-n-k-no"
            },
            {
                "title": "Austrian Gallery Belvedere",
                "category": "Museum",
                "url": "https://www.belvedere.at/",
                "img": "https://lh5.googleusercontent.com/p/AF1QipOsWYMjWma3-4E3u_RYoVoAbd0Gupi7zXswP4cJ=w148-h148-n-k-no"
            },
            {
                "title": "Schönbrunn Palace",
                "category": "Castle",
                "url": "https://www.schoenbrunn.at/",
                "img": "https://lh5.googleusercontent.com/p/AF1QipM59GqGmeLV81jk6jDiywdoI0kAeTfRBW7lXBgE=w148-h148-n-k-no"
            },
            {
                "title": "Hofburg",
                "category": "Historical place",
                "url": "https://www.wien.info/de/sightseeing/imperiales/hofburg-wien",
                "img": "https://lh5.googleusercontent.com/p/AF1QipOX4bfDbCBQgPGFeWhPXnP4_Jk59WIKlOSX9YO1=w148-h148-n-k-no"
            },
            {
                "title": "Schönbrunn Zoo",
                "category": "Zoo",
                "url": "https://www.zoovienna.at/",
                "img": "https://lh5.googleusercontent.com/p/AF1QipP9QBvtawTf7r3Tul1QfJrpxGWZ5dqDGXESRYzy=w148-h148-n-k-no"
            },
            {
                "title": "Vienna Museum of Science & Technology",
                "category": "Technology museum",
                "url": "https://www.technischesmuseum.at/",
                "img": "https://lh5.googleusercontent.com/p/AF1QipM40Xt5BYcsakOFerUpvhBWzMXhcwXkjWi99hXu=w148-h148-n-k-no"
            },
            {
                "title": "CBD SHOP",
                "category": "Cannabis shop",
                "url": "http://cbdshoponline.at/",
                "img": "https://lh5.googleusercontent.com/p/AF1QipOnheiJWL8_cREOUGiKIFeoexIBvOAeRvKDnrEZ=w148-h148-n-k-no"
            },
            {
                "title": "St. Stephen's Cathedral",
                "category": "Cathedral",
                "url": "https://www.stephanskirche.at/",
                "img": "https://lh5.googleusercontent.com/p/AF1QipNhdpuu1dAjkzVmGEOPzzTCxOOXlnoVniVU_Yh9=w148-h148-n-k-no"
            },
            {
                "title": "Kunsthistorisches Museum Wien",
                "category": "Museum",
                "url": "https://www.khm.at/",
                "img": "https://lh5.googleusercontent.com/p/AF1QipNET2OQ62qvbfxfFIcYdBk2IoPbsA3dDarJvBH_=w148-h148-n-k-no"
            },
            {
                "title": "Café Gloriette",
                "category": "Cafe",
                "url": "https://www.gloriette-cafe.at/kulinarik/",
                "img": "https://lh5.googleusercontent.com/p/AF1QipP7uLWm0f9JKKkY64NuhRYF0eFsjmaQRJIzRrW0=w148-h148-n-k-no"
            },
            {
                "title": "Leopold Museum",
                "category": "Museum",
                "url": "https://www.leopoldmuseum.org/en",
                "img": "https://lh5.googleusercontent.com/p/AF1QipMPHBv343x--PCdDfWT3HtEBdQZvzD0a68X0FHs=w148-h148-n-k-no"
            },
            {
                "title": "Schloss Schönbrunn Orchester",
                "category": "Musical Band and Orchestra",
                "url": "https://www.schoenbrunnorchester.com/",
                "img": "https://lh5.googleusercontent.com/p/AF1QipOFoA3Y861eqK7R_bnuWMQWmBCYn4Cmn8R8bpGP=w148-h148-n-k-no"
            },
            {
                "title": "Imperial Carriage Museum Vienna",
                "category": "Museum",
                "url": "http://www.kaiserliche-wagenburg.at/",
                "img": "https://lh5.googleusercontent.com/p/AF1QipN9Fj4z1xLeAsD76qrG-uMOCFHiK9I3RD0WHRP-=w148-h148-n-k-no"
            },
            {
                "title": "Wiener Royal Orchester",
                "category": "Concert hall",
                "url": "http://www.royal-classic.at/",
                "img": "https://lh5.googleusercontent.com/p/AF1QipPJigPqhj8nFNMk2L-mW67KOOjAta-7QXWi2Mr3=w148-h148-n-k-no"
            }
        ],
        "Favoriten": [
            {
                "title": "Helmut-Zilk-Park",
                "category": "Park and Garden",
                "url": "https://www.wien.gv.at/umwelt/parks/anlagen/helmut-zilk-park.html",
                "img": "https://lh5.googleusercontent.com/p/AF1QipN-e8U9lUhelh6slPwDgdfAbpt6rZE_WT_SI6By=w148-h148-n-k-no"
            },
            {
                "title": "Belvedere 21",
                "category": "Modern art museum",
                "url": "https://www.belvedere.at/besuch/belvedere-21",
                "img": "https://lh5.googleusercontent.com/p/AF1QipOspd43Lx6Opm2Ok_Gub-u-NLfMQd8LxWEXlJu8=w148-h148-n-k-no"
            },
            {
                "title": "Austrian Gallery Belvedere",
                "category": "Museum",
                "url": "https://www.belvedere.at/",
                "img": "https://lh5.googleusercontent.com/p/AF1QipOsWYMjWma3-4E3u_RYoVoAbd0Gupi7zXswP4cJ=w148-h148-n-k-no"
            },
            {
                "title": "Böhmischer Prater | Riedl`s FUNPARK",
                "category": "Amusement park",
                "url": "https://www.boehmischer-prater.com/",
                "img": "https://lh5.googleusercontent.com/p/AF1QipNJW--fhpbjVV5ZPbBWEIRbRE9idCBR9gC3BqeG=w148-h148-n-k-no"
            },
            {
                "title": "Wiener Berg",
                "category": "Mountain peak",
                "img": "https://lh5.googleusercontent.com/p/AF1QipOml9FdAunXhHk2nbG5qxiWLhUmssTDkppGi8_M=w148-h148-n-k-no"
            },
            {
                "title": "Laaer Berg",
                "category": "Mountain peak",
                "img": "https://lh5.googleusercontent.com/p/AF1QipMKkUIdMmmIsVYMnFbHcLwpvJTKCDd3zFimoZj0=w148-h148-n-k-no"
            },
            {
                "title": "Museum of Military History",
                "category": "Museum",
                "url": "http://www.hgm.at/",
                "img": "https://lh5.googleusercontent.com/p/AF1QipPM-DvUOuC84EQwdWSLiTzFenBBzcr1_O6BZRXT=w148-h148-n-k-no"
            },
            {
                "title": "Burggarten",
                "category": "Park and Garden",
                "url": "https://www.bundesgaerten.at/hofburggaerten/Burggarten.html",
                "img": "https://lh5.googleusercontent.com/p/AF1QipNqFJjCi1bc6fIGOr7xe3IPr9pymYXcmtXVx-w2=w148-h148-n-k-no"
            },
            {
                "title": "Austrian National Library, State Hall",
                "category": "Library",
                "url": "https://www.onb.ac.at/",
                "img": "https://lh5.googleusercontent.com/p/AF1QipPXirMcX7ezCsTu5OH2n_LD8l8M5Q985-fWGql1=w148-h148-n-k-no"
            },
            {
                "title": "MuseumsQuartier Wien",
                "category": "Art Centre",
                "url": "https://www.mqw.at/",
                "img": "https://lh6.googleusercontent.com/proxy/g9tRZ-BCCS_S-C7aHsO5aZ5dI60nmlQJN3DArBty4SB__ocxLa6G489j1c0tbdhbdXIQn3LRA1fQvi56vt0q19wt5Vb-IcKRUeZZpCoEFbBt1KY-lk4G4VyHX5iU5-HitO_7agf8vBCubnSx1cybRcqETLY_SyY=w148-h148-n-k-no"
            },
            {
                "title": "Column of Pest",
                "category": "Historical landmark",
                "url": "http://www.wien.gv.at/",
                "img": "https://lh5.googleusercontent.com/p/AF1QipNqCNlKz5zVVM9GxeqLxoC_H7x1U24bu8nSngrh=w148-h148-n-k-no"
            },
            {
                "title": "Leopold Museum",
                "category": "Museum",
                "url": "https://www.leopoldmuseum.org/en",
                "img": "https://lh5.googleusercontent.com/p/AF1QipMPHBv343x--PCdDfWT3HtEBdQZvzD0a68X0FHs=w148-h148-n-k-no"
            },
            {
                "title": "Central Cemetery",
                "category": "Cemetery",
                "url": "https://www.friedhoefewien.at/wiener-zentralfriedhof",
                "img": "https://lh5.googleusercontent.com/p/AF1QipOotuQBk59ji06FOkx-_1tgMTU5N8TpTJKK3SeR=w148-h148-n-k-no"
            },
            {
                "title": "Danube Tower",
                "category": "Observation deck",
                "url": "https://www.donauturm.at/",
                "img": "https://lh3.googleusercontent.com/proxy/KBXZ-S8r0uWLYWYgt6-p3FDR69QknDx4hN2D1Ml9xvIH9x27wpaWrz1bN8lr76xj6eCKS6cIFxSa9_CvfC682BAmVdnhZZwYeSOitHwMUGVLmJyc7zgJ6u67hgn3zwW9czTpM60MiXmt6V1NzNthIcV_rTMOfho=w148-h148-n-k-no"
            },
            {
                "title": "Neue Burg - Teil der Wiener Hofburg",
                "category": "Historical landmark",
                "url": "http://www.khm.at/",
                "img": "https://lh5.googleusercontent.com/p/AF1QipORwm8kXmpusxr8WZ_H9noETuaN-HbY0DR2XnnR=w148-h148-n-k-no"
            },
            {
                "title": "Monument in honor of the soldiers of the Soviet Army",
                "category": "Memorial",
                "url": "https://www.wien.gv.at/umwelt/parks/anlagen/schwarzenbergplatz.html",
                "img": "https://lh5.googleusercontent.com/p/AF1QipPgnFqygbrCm85ZwvK_xlqoPpJnk8SoUvZ0RaTV=w148-h148-n-k-no"
            }
        ],
        "Ottakring": [
            {
                "title": "Jubiläumswarte",
                "category": "Observation deck",
                "img": "https://lh5.googleusercontent.com/p/AF1QipPtIRtqplqQ8gHTbHSMStDEEa8ppxKCTs7lcRY4=w148-h148-n-k-no"
            },
            {
                "title": "Schwarzer Rabe",
                "category": "Microbrewery",
                "url": "http://www.rabenbraeu.at/",
                "img": "https://lh5.googleusercontent.com/p/AF1QipObfOdS7d6Iee6GZAFQ2AQwtVfryeRhh2LNwA3z=w148-h148-n-k-no"
            },
            {
                "title": "Heuriger 10er Marie",
                "category": "Wine bar",
                "url": "https://10ermarie.at/",
                "img": "https://lh5.googleusercontent.com/p/AF1QipNbUjSC8mryBKQF8qE_DotpDt32ndK7QC4kOK6u=w148-h148-n-k-no"
            },
            {
                "title": "Vienna-Airporttaxi",
                "category": "Taxi service",
                "url": "https://vienna-airporttaxi.at/",
                "img": "https://lh5.googleusercontent.com/p/AF1QipO86lX9vILYsfQWryrLGuLDmXNC92ziVPq6fHus=w148-h148-n-k-no"
            },
            {
                "title": "KULISSE Wien - Kleinkunstbühne und Gasthaus",
                "category": "Performing arts theatre",
                "url": "https://www.kulisse.at/",
                "img": "https://lh5.googleusercontent.com/p/AF1QipPIoq8HSbGAqjfUSakFXOewxaJhhb7T34fPR0uy=w148-h148-n-k-no"
            },
            {
                "title": "B72",
                "category": "Bar",
                "url": "http://www.b72.at/",
                "img": "https://lh5.googleusercontent.com/p/AF1QipM8h7WzwTyhj5KItMQUwybrLhOpR-ydG_QQyf1j=w148-h148-n-k-no"
            },
            {
                "title": "Chelsea",
                "category": "Live music venue",
                "url": "http://www.chelsea.co.at/",
                "img": "https://lh5.googleusercontent.com/p/AF1QipOfw384g449iKD22pPXyK02vs4Thq8BPOx0_XS2=w148-h148-n-k-no"
            },
            {
                "title": "Zum Heiligen Geist",
                "category": "Catholic church",
                "url": "http://www.pfarreschmelz.at/",
                "img": "https://lh5.googleusercontent.com/p/AF1QipMMV8IYgRiCWQoy96_M37uZKhjRKhbmMAtxjdJU=w148-h148-n-k-no"
            },
            {
                "title": "Airport Taxi Wien",
                "category": "Taxi service",
                "url": "https://airport-taxi-wien.wien/",
                "img": "https://lh5.googleusercontent.com/p/AF1QipMUIqJFIKHm4ES9hxZtDZivVCxE42Bakc7lyiCm=w148-h148-n-k-no"
            },
            {
                "title": "Brunnenmarkt",
                "category": "Market",
                "url": "https://www.wien.gv.at/freizeit/einkaufen/maerkte/lebensmittel/brunnenmarkt.html",
                "img": "https://lh5.googleusercontent.com/p/AF1QipPmb2CXcnbxLfR2FqyoKAWvBL9t3dhxYovXlzCu=w148-h148-n-k-no"
            },
            {
                "title": "Buhala Boutique Spa",
                "category": "Health spa",
                "url": "http://www.buhalaspa.at/",
                "img": "https://lh5.googleusercontent.com/p/AF1QipP_CwgyvmJ2jEkKVWn9sFRUjtjDbgdahjR9F6kN=w148-h148-n-k-no"
            },
            {
                "title": "Tschauner-Bühne",
                "category": "Stage",
                "url": "https://www.tschauner.at/",
                "img": "https://lh5.googleusercontent.com/p/AF1QipO31-zDyJSspK5VxhNA0oj5Ipo2KdN2znRwAHzV=w148-h148-n-k-no"
            },
            {
                "title": "Kongressbad",
                "category": "Public swimming pool",
                "url": "https://www.wien.gv.at/freizeit/baeder/uebersicht/sommerbaeder/kongressbad.html",
                "img": "https://lh5.googleusercontent.com/p/AF1QipPqoOHdBSj8gu4r163Fo6EuqiNdCEAA-VnU7Exa=w148-h148-n-k-no"
            },
            {
                "title": "Ottakringer Brauerei",
                "category": "Brewery",
                "url": "http://www.ottakringer.at/",
                "img": "https://lh5.googleusercontent.com/p/AF1QipOrX7gVLAinxpwRoMWoW-r5Hc_XlAl-YWYQE5mS=w148-h148-n-k-no"
            },
            {
                "title": "The Black Pearl Pub",
                "category": "Bar",
                "img": "https://lh5.googleusercontent.com/p/AF1QipMo5_F_3lXyhI07oW-WzvCZZSBt-RZ_8wBEt3t2=w148-h148-n-k-no"
            },
            {
                "title": "Galerie Hochdruck - Galerie für Druckgrafik",
                "category": "Art gallery",
                "url": "https://www.galeriehochdruck.com/index.html",
                "img": "https://lh5.googleusercontent.com/p/AF1QipPU6l5GM3aC6_uWjlAr82mzNqK3Kc8ZVLHn7is_=w148-h148-n-k-no"
            }
        ],
        "Floridsdorf": [
            {
                "title": "Fritz Wieninger",
                "category": "Winery",
                "url": "http://www.wieninger.at/",
                "img": "https://lh5.googleusercontent.com/p/AF1QipO4lABlKBu0RHXHPms8PIv9JFfZ7B6ZWCJI5mqe=w148-h148-n-k-no"
            },
            {
                "title": "Hofburg",
                "category": "Historical place",
                "url": "https://www.wien.info/de/sightseeing/imperiales/hofburg-wien",
                "img": "https://lh5.googleusercontent.com/p/AF1QipOX4bfDbCBQgPGFeWhPXnP4_Jk59WIKlOSX9YO1=w148-h148-n-k-no"
            },
            {
                "title": "Schönbrunn Palace",
                "category": "Castle",
                "url": "https://www.schoenbrunn.at/",
                "img": "https://lh5.googleusercontent.com/p/AF1QipM59GqGmeLV81jk6jDiywdoI0kAeTfRBW7lXBgE=w148-h148-n-k-no"
            },
            {
                "title": "St. Stephen's Cathedral",
                "category": "Cathedral",
                "url": "https://www.stephanskirche.at/",
                "img": "https://lh5.googleusercontent.com/p/AF1QipNhdpuu1dAjkzVmGEOPzzTCxOOXlnoVniVU_Yh9=w148-h148-n-k-no"
            },
            {
                "title": "Belvedere Palace",
                "category": "Museum",
                "url": "https://www.belvedere.at/",
                "img": "https://lh5.googleusercontent.com/p/AF1QipNTunyOa6mgyd2TE4bU_a-I-LAcAyiuMZ2waF2C=w148-h148-n-k-no"
            },
            {
                "title": "Vienna Music Society",
                "category": "Concert hall",
                "url": "http://www.musikverein.at/",
                "img": "https://lh5.googleusercontent.com/p/AF1QipMj9TcBeEvp0RbKxLHmWM44UOxCgWPcIuzjYJiN=w148-h148-n-k-no"
            },
            {
                "title": "Kunsthistorisches Museum Wien",
                "category": "Museum",
                "url": "https://www.khm.at/",
                "img": "https://lh5.googleusercontent.com/p/AF1QipNET2OQ62qvbfxfFIcYdBk2IoPbsA3dDarJvBH_=w148-h148-n-k-no"
            },
            {
                "title": "Vienna State Opera",
                "category": "Opera house",
                "url": "https://www.wiener-staatsoper.at/",
                "img": "https://lh5.googleusercontent.com/p/AF1QipO25qyyid9Su9P2dGM3SRGlFNOl8HL0MiVzgLvE=w148-h148-n-k-no"
            },
            {
                "title": "CINEPLEXX DONAU ZENTRUM",
                "category": "Cinema",
                "url": "https://www.cineplexx.at/filme/kinoprogramm/?center=75",
                "img": "https://lh5.googleusercontent.com/p/AF1QipNG0lrD1qq8fPM4CLkW6ytd80-wIyhvWnL7TEhF=w148-h148-n-k-no"
            },
            {
                "title": "Liliputbahn im Prater",
                "category": "Railway Company",
                "url": "https://www.liliswelt.at/portfolio/liliputbahn/",
                "img": "https://lh5.googleusercontent.com/p/AF1QipOAr4FhG2Ko2DU2m8RJgSNWKWkVqWpxgddkE5Za=w148-h148-n-k-no"
            },
            {
                "title": "Time Busters (Branch Lower Augartenstraße)",
                "category": "Escape room centre",
                "url": "http://www.time-busters.at/",
                "img": "https://lh5.googleusercontent.com/p/AF1QipPtTUU2a8sOurblF-2G4LoYzCXkw0bgBrLDf57J=w148-h148-n-k-no"
            },
            {
                "title": "ViennaFlight Flightsimulation & Flighttraining OG",
                "category": "Aeroplane",
                "url": "http://www.viennaflight.at/",
                "img": "https://lh5.googleusercontent.com/p/AF1QipODyNXl97Fhf-E9nz52mR1R1GXeuQ-da-d3iW9O=w148-h148-n-k-no"
            },
            {
                "title": "Sportnahrung4Friends",
                "category": "Vitamin & Supplements Shop",
                "url": "http://www.sportnahrung4friends.at/",
                "img": "https://lh5.googleusercontent.com/p/AF1QipMPOQsFpsyZWN3CR2ONv_QW2EemVL3xLjHnp72r=w148-h148-n-k-no"
            },
            {
                "title": "Shiatsu Massage | Christoph Trummer | 1020 Wien",
                "category": "Massage spa",
                "url": "http://www.christoph-trummer.at/",
                "img": "https://lh5.googleusercontent.com/p/AF1QipNJt_rfTsgBN69232sIuqYowNABrcDSpjEvzC85=w148-h148-n-k-no"
            },
            {
                "title": "Austrian National Library, State Hall",
                "category": "Library",
                "url": "https://www.onb.ac.at/",
                "img": "https://lh5.googleusercontent.com/p/AF1QipPXirMcX7ezCsTu5OH2n_LD8l8M5Q985-fWGql1=w148-h148-n-k-no"
            },
            {
                "title": "Wiener Ruderverband",
                "category": "Sports",
                "url": "http://www.ruderverband.wien/",
                "img": "https://lh5.googleusercontent.com/p/AF1QipMYG43oTnLlBvm_iPLXJR8B21yst1XRBljX_R4t=w148-h148-n-k-no"
            }
        ]
    },
    "sights": [
        {
            "title": "Schönbrunn Palace",
            "category": "Castle",
            "url": "https://www.schoenbrunn.at/",
            "img": "https://lh5.googleusercontent.com/p/AF1QipM59GqGmeLV81jk6jDiywdoI0kAeTfRBW7lXBgE=w148-h148-n-k-no"
        },
        {
            "title": "Fortress Hohensalzburg",
            "category": "Fortress",
            "url": "https://www.salzburg-burgen.at/de/festung-hohensalzburg/",
            "img": "https://lh5.googleusercontent.com/p/AF1QipM-7X4j_X-MOdt0bCVJQ5u_06I1a4RzMbPsSZZL=w148-h148-n-k-no"
        },
        {
            "title": "Hofburg",
            "category": "Historical place",
            "url": "https://www.wien.info/de/sightseeing/imperiales/hofburg-wien",
            "img": "https://lh5.googleusercontent.com/p/AF1QipOX4bfDbCBQgPGFeWhPXnP4_Jk59WIKlOSX9YO1=w148-h148-n-k-no"
        },
        {
            "title": "Swarovski Kristallwelten",
            "category": "Museum",
            "url": "https://kristallwelten.swarovski.com/Content.Node/wattens/index.en.html",
            "img": "https://lh5.googleusercontent.com/p/AF1QipO6hybqRrXZ9fK-V6GRZf5eLQE_YXQZjNCEdyhr=w148-h148-n-k-no"
        },
        {
            "title": "St. Stephen's Cathedral",
            "category": "Cathedral",
            "url": "https://www.stephanskirche.at/",
            "img": "https://lh5.googleusercontent.com/p/AF1QipNhdpuu1dAjkzVmGEOPzzTCxOOXlnoVniVU_Yh9=w148-h148-n-k-no"
        },
        {
            "title": "Viennese Giant Ferris Wheel",
            "category": "Tourist attraction",
            "url": "http://www.wienerriesenrad.com/",
            "img": "https://lh5.googleusercontent.com/p/AF1QipMK48m26SP1A_wqV30rAJkNbz92lf3N8ulOhMon=w148-h148-n-k-no"
        },
        {
            "title": "Mirabell Palace",
            "category": "Castle",
            "url": "https://www.salzburg.info/de/sehenswertes/top10/schloss-mirabell",
            "img": "https://lh5.googleusercontent.com/p/AF1QipMP-2StHrUbclsG4E3qxzikJrkUTMSZL7mcQcqB=w148-h148-n-k-no"
        },
        {
            "title": "Vienna State Opera",
            "category": "Opera house",
            "url": "https://www.wiener-staatsoper.at/",
            "img": "https://lh5.googleusercontent.com/p/AF1QipO25qyyid9Su9P2dGM3SRGlFNOl8HL0MiVzgLvE=w148-h148-n-k-no"
        },
        {
            "title": "Golden Roof",
            "category": "Historical landmark",
            "url": "https://www.innsbruck.gv.at/page.cfm?vpath=bildung--kultur/stadtmuseen--stadtgalerie/museum-goldenes-dachl",
            "img": "https://lh4.googleusercontent.com/proxy/jnIKfKzu2Q68qE1BCiS2dtT6TUjm-CAsAKkMUblUmxFs4cS7NF8h_3X_YpJWLN-jwMO3VoXuUYjXb5YQFxAwpKlKSaU0peqQFFFnpNxkh5bVnZyYf4lGSG5DzxcYnWXhkK24nwrCYCYdp-OWPqpSUURP4npk11Y=w148-h148-n-k-no"
        },
        {
            "title": "Belvedere Palace",
            "category": "Museum",
            "url": "https://www.belvedere.at/",
            "img": "https://lh5.googleusercontent.com/p/AF1QipNTunyOa6mgyd2TE4bU_a-I-LAcAyiuMZ2waF2C=w148-h148-n-k-no"
        },
        {
            "title": "Melk Abbey",
            "category": "Abbey",
            "url": "http://stiftmelk.at/",
            "img": "https://lh5.googleusercontent.com/proxy/pR4i4630vfMJKS8PGtvxdbf1XgmYJ_-NoP9z56FMkBGrLZBCVtKHcNICN3jjNFEHCVaRiUNWdYcrWTlwRzcWNT8_jwbFiMpXtX-YuJ22F4QatDBVXVUe039e3xhZioE7h6iDjqz4z5aQ7Cwk_4ZoyYDZ9KxUu_Y=w148-h148-n-k-no"
        },
        {
            "title": "Kunsthistorisches Museum Wien",
            "category": "Museum",
            "url": "https://www.khm.at/",
            "img": "https://lh5.googleusercontent.com/p/AF1QipNET2OQ62qvbfxfFIcYdBk2IoPbsA3dDarJvBH_=w148-h148-n-k-no"
        },
        {
            "title": "Burg Hohenwerfen",
            "category": "Castle",
            "url": "https://www.burg-hohenwerfen.at/",
            "img": "https://lh5.googleusercontent.com/p/AF1QipPt88CI_DBuBhNZTmg2PWDzi2w2Ktak_0e_CHTN=w148-h148-n-k-no"
        },
        {
            "title": "Albertina",
            "category": "Art museum",
            "url": "https://www.albertina.at/",
            "img": "https://lh5.googleusercontent.com/p/AF1QipMLjR6QbuCWhAfMQ1O2NzMmL68ryIct0xGGrDbO=w148-h148-n-k-no"
        },
        {
            "title": "Krimml Waterfalls",
            "category": "Tourist attraction",
            "url": "http://www.wasserfaelle-krimml.at/",
            "img": "https://lh3.googleusercontent.com/proxy/dQPx1wx3QcDWm41JBWc-pG2LvCpWlQG4-DMzpEU315MrLchIhAeqYWSlRymaqXjXvcQoE44FOKzqLeer6g1huFaE3QSdAM0J3hKWPwnNzapER9WysOGGMOPozLicjBIHqQTCuFdZ4cIXwSzdG4obVZnN76OV9A=w148-h148-n-k-no"
        },
        {
            "title": "Mozart's Birthplace",
            "category": "Museum",
            "url": "https://mozarteum.at/museums/mozarts-geburtshaus/#info",
            "img": "https://lh5.googleusercontent.com/p/AF1QipM2GHR6OXMRjgNtz2nRfZX9aOmFRT-7lEuHYEdt=w148-h148-n-k-no"
        }
    ]
}