{
    "cities": {
        "Banja Luka": [
            {
                "title": "Kastel Fortress",
                "category": "Historical place",
                "img": "https://lh5.googleusercontent.com/p/AF1QipM_QrVGTOWdo3nhhlFvfXotk6OtHu1XxBjbYRFz=w148-h148-n-k-no"
            },
            {
                "title": "Ferhadija Mosque",
                "category": "Mosque",
                "img": "https://lh5.googleusercontent.com/p/AF1QipN17I_1HjQfmOmqRPZQy4PSBzijWjUlBmsX9uQc=w148-h148-n-k-no"
            },
            {
                "title": "Banski Dvor",
                "category": "Cultural centre",
                "img": "https://lh5.googleusercontent.com/p/AF1QipNBg1SEjerkecuyPRwyqsADdDyesM1favmzmV0z=w148-h148-n-k-no"
            },
            {
                "title": "Christ the Savior Orthodox Cathedral",
                "category": "Eastern Orthodox Church",
                "img": "https://lh5.googleusercontent.com/p/AF1QipORZVTKwzDtn3aowgsLqgum1CMtnMOzx9cxvs5f=w148-h148-n-k-no"
            },
            {
                "title": "Rekreativna zona Banja Luka",
                "category": "Nature reserve",
                "img": "https://lh5.googleusercontent.com/p/AF1QipN8cNctqt9ZD_g688IOdkxbllp33vVc4GlUIot0=w148-h148-n-k-no"
            },
            {
                "title": "Museum of the Republika Srpska",
                "category": "Museum",
                "img": "https://lh5.googleusercontent.com/p/AF1QipOiIEMzyUugJkj0oC9RbGrEyS8jXyAlTY_huvL1=w148-h148-n-k-no"
            },
            {
                "title": "Park Mladen Stojanović",
                "category": "Park and Garden",
                "img": "https://lh5.googleusercontent.com/p/AF1QipOdAQjqsE3MDfNfxx_h3S8YTtga6mClu2c1yxFq=w148-h148-n-k-no"
            },
            {
                "title": "Museum of Contemporary Art of the Republic of Srpska",
                "category": "Modern art museum",
                "img": "https://lh5.googleusercontent.com/p/AF1QipNDBRpDF5PUMpkZyu8071mbO7o7-IPfQ3fA4quB=w148-h148-n-k-no"
            },
            {
                "title": "Krupa Waterfalls",
                "category": "Tourist attraction",
                "img": "https://lh5.googleusercontent.com/p/AF1QipNfyZsPhu4n3InQRirthKlAXxqKmrZ4E-DsCi0F=w148-h148-n-k-no"
            },
            {
                "title": "Ethno Village - Museum Ljubačke Doline",
                "category": "Ethnographic museum",
                "img": "https://lh5.googleusercontent.com/p/AF1QipPNgX8gBwjVWdihiChSRKGCsbvPJxP9Lo8S5iBr=w148-h148-n-k-no"
            },
            {
                "title": "Vrbas",
                "category": "River",
                "img": "https://lh5.googleusercontent.com/p/AF1QipPeoKsNHQeM3o_-bGRbfRyDzopTbhHpNt60Omx-=w148-h148-n-k-no"
            },
            {
                "title": "Kozara National Park",
                "category": "Park and Garden",
                "img": "https://lh5.googleusercontent.com/p/AF1QipOw3AnQ-2iDEsyHF_3PWIVSpyr-2sySBf38GRNQ=w148-h148-n-k-no"
            },
            {
                "title": "Gomionica Serbian Orthodox Monastery",
                "category": "Monastery",
                "img": "https://lh5.googleusercontent.com/p/AF1QipM3QA1hJ-QEMx3a_6Z8X9SwqWBYXZJ7KlGLBuRw=w148-h148-n-k-no"
            },
            {
                "title": "Veselina Masleše",
                "category": "Route",
                "img": "https://lh5.googleusercontent.com/p/AF1QipO3S7OevoVZyaLv4qqYWayM8vFOIEIG7vWYFQA8=w148-h148-n-k-no"
            },
            {
                "title": "Kozara",
                "category": "Mountain peak",
                "img": "https://lh5.googleusercontent.com/p/AF1QipPjcg2yPxOCYQ-evQQKx7yQuzY0gWlMRpeCcH16=w148-h148-n-k-no"
            },
            {
                "title": "Church of the Holy Trinity",
                "category": "Orthodox church",
                "img": "https://lh5.googleusercontent.com/p/AF1QipP-2FmML3Z9xa2epmpKXXsvOQRQSXb6rAlZl_ND=w148-h148-n-k-no"
            }
        ],
        "Zenica": [
            {
                "title": "Cafe Bar Bonaparte",
                "category": "Cafe",
                "url": "http://www.facebook.com/bonapartebarcafe",
                "img": "https://lh5.googleusercontent.com/p/AF1QipM4Ics7vAYNVxWOFXdQULOreS_KwoFg0iWGKOKU=w148-h148-n-k-no"
            },
            {
                "title": "Stadium \"Bilino Polje”",
                "category": "Stadium",
                "url": "http://www.nkcelik.ba/",
                "img": "https://lh5.googleusercontent.com/p/AF1QipOJkMR7cou0h87zXZ0tfY_aeLYkN-KW4yIk6EY0=w148-h148-n-k-no"
            },
            {
                "title": "Design studio ELOSSO d.o.o.",
                "category": "Corporate office",
                "url": "http://www.elosso.com/",
                "img": "https://lh5.googleusercontent.com/p/AF1QipMBM9zdxUyW9Ri4S_joPuqmaoMs3UvxhRSAmUjd=w148-h148-n-k-no"
            },
            {
                "title": "Franciscan Monastery Kraljeva Sutjeska",
                "category": "Monastery",
                "url": "https://www.kraljeva-sutjeska.com/index.php?otvori=onama&prikazi=samostan",
                "img": "https://lh5.googleusercontent.com/p/AF1QipNHsMNSkYCiDF9iHUctuiGa2gdGMQZiC2S8UwBu=w148-h148-n-k-no"
            },
            {
                "title": "Sahat kula",
                "category": "Clock tower",
                "img": "https://lh5.googleusercontent.com/p/AF1QipNwb73lastianfLKojRWuyaQQ9DIL5uNljBonhA=w148-h148-n-k-no"
            },
            {
                "title": "Tvrđava Vranduk",
                "category": "Historical place",
                "img": "https://lh5.googleusercontent.com/p/AF1QipNyx1EZ--Qrg4tIrnuFkvuhc9UA-5sl1ORzlIxi=w148-h148-n-k-no"
            },
            {
                "title": "Latin Bridge",
                "category": "Bridge",
                "img": "https://lh5.googleusercontent.com/p/AF1QipN3daK5xA3Y9NQTTvy6QClTvR0dzOLYqPrHNlgz=w148-h148-n-k-no"
            },
            {
                "title": "Yellow Fortress",
                "category": "Observation deck",
                "url": "http://www.sarajevo.ba/",
                "img": "https://lh5.googleusercontent.com/p/AF1QipMg30rgmnV2FcTLcGI3T0lS4S5tI64XrtpsSDUM=w148-h148-n-k-no"
            },
            {
                "title": "Gazi Husrev-beg Mosque",
                "category": "Mosque",
                "url": "http://begovadzamija.ba/",
                "img": "https://lh5.googleusercontent.com/p/AF1QipOq2Ue-pd8eA40zRL4VbJW4SeEOfTFy9OBgda5h=w148-h148-n-k-no"
            },
            {
                "title": "The National Museum of Bosnia and Herzegovina",
                "category": "National museum",
                "url": "http://www.zemaljskimuzej.ba/",
                "img": "https://lh5.googleusercontent.com/p/AF1QipOwjtlt8PQE9K1AnxkDY2Yte3JtYMP-X8N9wzAN=w148-h148-n-k-no"
            },
            {
                "title": "Sacred Heart Cathedral",
                "category": "Catholic cathedral",
                "url": "http://katedrala-sarajevo.com/",
                "img": "https://lh5.googleusercontent.com/p/AF1QipNQWwOQ50Uu27QEl82SofLooG1nzK7MuSCnEJsH=w148-h148-n-k-no"
            },
            {
                "title": "Baščaršija",
                "category": "Tourist attraction",
                "url": "http://bascarsija.ba/",
                "img": "https://lh5.googleusercontent.com/p/AF1QipOOfVuZzZ8L6oRL6KoATSB8ZuAUe5H_dFVHpyRu=w148-h148-n-k-no"
            },
            {
                "title": "Tunnel of Hope",
                "category": "War museum",
                "url": "http://tunelspasa.ba/",
                "img": "https://lh5.googleusercontent.com/p/AF1QipNZwJX3M58aWYrVo1C26VnmdcC3u4H2HqMp4K-j=w148-h148-n-k-no"
            },
            {
                "title": "Sarajevo City Hall",
                "category": "Town Hall",
                "url": "http://www.vijecnica.ba/",
                "img": "https://lh5.googleusercontent.com/p/AF1QipPzJG1oQWA5s3okVmtQ9vKefisP05K6qSlBOoJP=w148-h148-n-k-no"
            },
            {
                "title": "Tešanj Castle",
                "category": "Castle",
                "img": "https://lh5.googleusercontent.com/p/AF1QipPHbXEfR4g-PxCrX0UZP56RfYrYcRz7bY4pinK4=w148-h148-n-k-no"
            },
            {
                "title": "Bosnian Pyramid of the Sun",
                "category": "Tourist attraction",
                "url": "http://www.piramidasunca.ba/",
                "img": "https://lh5.googleusercontent.com/p/AF1QipMWQr3b6dbvZLI0Mrll7Uo9WUgQfeR5xrabNhai=w148-h148-n-k-no"
            }
        ],
        "Tuzla": [
            {
                "title": "Slana Banja Sports and Recreation Complex",
                "category": "Memorial park",
                "url": "https://tztz.ba/ba/sportsko-rekreacioni-kompleks-slana-banja/",
                "img": "https://lh5.googleusercontent.com/p/AF1QipMYhS91tffFrNhiQOMzI8aGPxJNcgYT9cFV8zYH=w148-h148-n-k-no"
            },
            {
                "title": "City park",
                "category": "Tourist attraction",
                "img": "https://lh5.googleusercontent.com/p/AF1QipOcLAtSmyogpomPAPXHH7y1um2a3sl5YdnVXLsS=w148-h148-n-k-no"
            },
            {
                "title": "Cathedral of the Dormition of the Mother of God",
                "category": "Orthodox church",
                "img": "https://lh5.googleusercontent.com/p/AF1QipMBMQNJPejX41DT9T-bQLz3vrDJ-JA04BqqT4_q=w148-h148-n-k-no"
            },
            {
                "title": "Pannonica Salt Lakes",
                "category": "Water park",
                "url": "http://www.panonika.ba/",
                "img": "https://lh5.googleusercontent.com/p/AF1QipOwVTM45eoX1UKfDUHGthA8feQOcO1T6zgWb7fH=w148-h148-n-k-no"
            },
            {
                "title": "Museum of East Bosnia",
                "category": "Museum",
                "url": "http://www.muzejib.com/",
                "img": "https://lh5.googleusercontent.com/p/AF1QipOP9YBd7KnJMMEKFHczFLkqQb-cJZoNPCusS4Ef=w148-h148-n-k-no"
            },
            {
                "title": "Meša Selimović i Ismet Mujezinović",
                "category": "Historical landmark",
                "img": "https://lh5.googleusercontent.com/p/AF1QipNCJpzjmqxK3zDRqdypuxgrHGkf5iJ2x5-CALG0=w148-h148-n-k-no"
            },
            {
                "title": "Turalibegova (Poljska) džamija",
                "category": "Mosque",
                "url": "http://www.medzlistuzla.ba/",
                "img": "https://lh5.googleusercontent.com/p/AF1QipOxeEvIAJiW50GX34f-VYPKTS_FjkG_5CDbgX5K=w148-h148-n-k-no"
            },
            {
                "title": "Mosque of Atik Behrem Bey",
                "category": "Mosque",
                "url": "http://www.islamskazajednica.ba/",
                "img": "https://lh5.googleusercontent.com/p/AF1QipOSII6mTAALCMVunF9sKFkv4aprt5tLGvchDj-o=w148-h148-n-k-no"
            },
            {
                "title": "Pannonian Lake",
                "category": "Seasonal lake",
                "url": "http://www.panonika.ba/",
                "img": "https://lh5.googleusercontent.com/p/AF1QipMUEs-7vS-sw2b3Lq8giKBGgGBEHc_bYlS8eyL6=w148-h148-n-k-no"
            },
            {
                "title": "Trg slobode",
                "category": "Notable street",
                "img": "https://lh5.googleusercontent.com/p/AF1QipP8Yy0498Bvp4mwnaz-IrjjmxHuSMpfsgXHc4WH=w148-h148-n-k-no"
            },
            {
                "title": "Sarajevo City Hall",
                "category": "Town Hall",
                "url": "http://www.vijecnica.ba/",
                "img": "https://lh5.googleusercontent.com/p/AF1QipPzJG1oQWA5s3okVmtQ9vKefisP05K6qSlBOoJP=w148-h148-n-k-no"
            },
            {
                "title": "Katolička filijalna crkva",
                "category": "Catholic church",
                "img": "https://lh5.googleusercontent.com/p/AF1QipOi87S9VnqPnTd-VuezAvAgdZ0bUA9XOpT11zve=w148-h148-n-k-no"
            },
            {
                "title": "Gradačac Castle",
                "category": "Castle",
                "img": "https://lh5.googleusercontent.com/p/AF1QipMo-dbrFukojB8lTKxl-lmB6nvgjd7PciJUb0MB=w148-h148-n-k-no"
            },
            {
                "title": "Srebrenik Fortress",
                "category": "Fortress",
                "url": "http://starigrad.srebrenik.ba/",
                "img": "https://lh5.googleusercontent.com/p/AF1QipPeMMjiONskZLPDQeXvFMQiV31Lyk5itUbPo0dU=w148-h148-n-k-no"
            }
        ],
        "Bihać": [
            {
                "title": "Fethija Mosque",
                "category": "Mosque",
                "img": "https://lh5.googleusercontent.com/p/AF1QipPV7BTviakOi18N2QueZBAyZA2BKOGb-fMTWcMn=w148-h148-n-k-no"
            },
            {
                "title": "Gradski park",
                "category": "Park and Garden",
                "img": "https://lh5.googleusercontent.com/p/AF1QipNbtlXrZ5E8MwMMV_60FNVqf22bOLy0JV9rLjuF=w148-h148-n-k-no"
            },
            {
                "title": "Turbe (mauzolej), Bihać",
                "category": "Open-Air Museum",
                "url": "https://www.facebook.com/VisitBihac",
                "img": "https://lh5.googleusercontent.com/p/AF1QipOElvJLdqb60B93ax7B3aAEGbQMdkYo3Nfbk03u=w148-h148-n-k-no"
            },
            {
                "title": "A view on Una river and City Bridge",
                "category": "Tourist attraction",
                "img": "https://lh5.googleusercontent.com/p/AF1QipOT_DhtSfMuFs-POEpi6Tun9CwUWYLR3J6n-jgQ=w148-h148-n-k-no"
            },
            {
                "title": "Captain's Tower",
                "category": "History museum",
                "img": "https://lh5.googleusercontent.com/p/AF1QipPgk0pHMIxtlUQWnUIunD1EJp1Fb4wXAtl6x1o2=w148-h148-n-k-no"
            },
            {
                "title": "Ostrožac Castle",
                "category": "Historical landmark",
                "url": "http://www.ckt.ba/",
                "img": "https://lh5.googleusercontent.com/p/AF1QipOpPeYcxi70TFMXz9pt4fvX3yIcpFq68vRGDzkp=w148-h148-n-k-no"
            },
            {
                "title": "Hotel Kostelski buk",
                "category": "Hotel",
                "url": "http://www.kostelski-buk.com/",
                "img": "https://lh5.googleusercontent.com/p/AF1QipMjBfFOEbdYmStTIZHR2oKfaIaKkCXJacw8w2HR=w148-h148-n-k-no"
            },
            {
                "title": "Una Pirates Rafting Bihac",
                "category": "Rafting",
                "url": "https://unapiratesrafting.com/",
                "img": "https://lh5.googleusercontent.com/p/AF1QipPXLYpDY_5pb4sZw4JZ03AgnpHSR5LZidCJo4qD=w148-h148-n-k-no"
            },
            {
                "title": "Štrbački buk Bosnia",
                "category": "Tourist attraction",
                "url": "http://www.strbackibuk.com/",
                "img": "https://lh5.googleusercontent.com/p/AF1QipMWk1_w6w3ig1Wg-e6rHw9ErojBdFPCWVOIEWhW=w148-h148-n-k-no"
            },
            {
                "title": "Nacionalni park Una",
                "category": "National park",
                "url": "https://npuna.com/",
                "img": "https://lh5.googleusercontent.com/p/AF1QipPUF1L0hZ5cG3pMpm9E8Wo1RQgCLfMUchaQIRjN=w148-h148-n-k-no"
            },
            {
                "title": "Una RC Kiro Rafting",
                "category": "Rafting",
                "url": "http://www.una-kiro-rafting.com/",
                "img": "https://lh5.googleusercontent.com/p/AF1QipMRnR_UP_xOitwIq831-2CLj1PfiN78ChP-sL9k=w148-h148-n-k-no"
            },
            {
                "title": "Ripački Slap",
                "category": "National park",
                "img": "https://lh5.googleusercontent.com/p/AF1QipM5by4Ru54GiofKypCu0GSqtAqeBwPIL9ESPL1a=w148-h148-n-k-no"
            },
            {
                "title": "Una Aqua Centar",
                "category": "Rafting",
                "url": "http://www.una-aqua.com/",
                "img": "https://lh5.googleusercontent.com/p/AF1QipO_SS7FT_ikjmq1jpMPNnx1mXWi2nz1K5K_Q7II=w148-h148-n-k-no"
            },
            {
                "title": "Una Aquarius",
                "category": "Rafting",
                "url": "http://www.una-aquarius.com/",
                "img": "https://lh5.googleusercontent.com/p/AF1QipN9fx6pxFfFZQlsp7-TGXhqGBg06dJBESmyB2cV=w148-h148-n-k-no"
            },
            {
                "title": "Una Kayak Rafting Safari",
                "category": "Rafting",
                "url": "http://www.unakayaksafari.com/",
                "img": "https://lh5.googleusercontent.com/p/AF1QipMD-D73Jf2iSmGIdKserAXwbDufSmK6zYlHFE0Q=w148-h148-n-k-no"
            }
        ],
        "Sarajevo": [
            {
                "title": "Baščaršija",
                "category": "Tourist attraction",
                "url": "http://bascarsija.ba/",
                "img": "https://lh5.googleusercontent.com/p/AF1QipOOfVuZzZ8L6oRL6KoATSB8ZuAUe5H_dFVHpyRu=w148-h148-n-k-no"
            },
            {
                "title": "Sebilj",
                "category": "Historical landmark",
                "img": "https://lh5.googleusercontent.com/p/AF1QipNIInjDFZSU85CgO1s1ghsQQmM71fQVPIBPgeA=w148-h148-n-k-no"
            },
            {
                "title": "Avaz Twist Tower",
                "category": "Co-working Space",
                "url": "http://avaztwisttower.ba/",
                "img": "https://lh5.googleusercontent.com/p/AF1QipMKDQdlZd0-29SvWwCEJg-kROC9spp-T1ZuqRho=w148-h148-n-k-no"
            },
            {
                "title": "Gazi Husrev-beg Mosque",
                "category": "Mosque",
                "url": "http://begovadzamija.ba/",
                "img": "https://lh5.googleusercontent.com/p/AF1QipOq2Ue-pd8eA40zRL4VbJW4SeEOfTFy9OBgda5h=w148-h148-n-k-no"
            },
            {
                "title": "Sarajevo City Hall",
                "category": "Town Hall",
                "url": "http://www.vijecnica.ba/",
                "img": "https://lh5.googleusercontent.com/p/AF1QipPzJG1oQWA5s3okVmtQ9vKefisP05K6qSlBOoJP=w148-h148-n-k-no"
            },
            {
                "title": "Yellow Fortress",
                "category": "Observation deck",
                "url": "http://www.sarajevo.ba/",
                "img": "https://lh5.googleusercontent.com/p/AF1QipMg30rgmnV2FcTLcGI3T0lS4S5tI64XrtpsSDUM=w148-h148-n-k-no"
            },
            {
                "title": "Sacred Heart Cathedral",
                "category": "Catholic cathedral",
                "url": "http://katedrala-sarajevo.com/",
                "img": "https://lh5.googleusercontent.com/p/AF1QipNQWwOQ50Uu27QEl82SofLooG1nzK7MuSCnEJsH=w148-h148-n-k-no"
            },
            {
                "title": "Sarajevska žičara",
                "category": "Mountain cable car",
                "url": "http://www.zicara.ba/",
                "img": "https://lh5.googleusercontent.com/p/AF1QipMM8QrTxWrhwvkZoos57LYIvsJBQCiYSXj8qYqt=w148-h148-n-k-no"
            },
            {
                "title": "Latin Bridge",
                "category": "Bridge",
                "img": "https://lh5.googleusercontent.com/p/AF1QipN3daK5xA3Y9NQTTvy6QClTvR0dzOLYqPrHNlgz=w148-h148-n-k-no"
            },
            {
                "title": "Tunnel of Hope",
                "category": "War museum",
                "url": "http://tunelspasa.ba/",
                "img": "https://lh5.googleusercontent.com/p/AF1QipNZwJX3M58aWYrVo1C26VnmdcC3u4H2HqMp4K-j=w148-h148-n-k-no"
            },
            {
                "title": "The National Museum of Bosnia and Herzegovina",
                "category": "National museum",
                "url": "http://www.zemaljskimuzej.ba/",
                "img": "https://lh5.googleusercontent.com/p/AF1QipOwjtlt8PQE9K1AnxkDY2Yte3JtYMP-X8N9wzAN=w148-h148-n-k-no"
            },
            {
                "title": "Museum of Crimes Against Humanity and Genocide",
                "category": "Museum",
                "url": "https://www.facebook.com/MuseumOfCrimesAgainstHumanityAndGenocide/",
                "img": "https://lh5.googleusercontent.com/p/AF1QipPg8bmFZJD_jYN0Qer9MPeqZScRa6Fujl_HfDdN=w148-h148-n-k-no"
            },
            {
                "title": "Gallery 11/07/95",
                "category": "Museum",
                "url": "http://www.galerija110795.ba/",
                "img": "https://lh5.googleusercontent.com/p/AF1QipMO3FbrtwZrmf9ejHdWcnXp-czXfu4ChMHLQU_b=w148-h148-n-k-no"
            },
            {
                "title": "Emperor's Mosque",
                "category": "Mosque",
                "url": "http://www.carevadzamija.ba/",
                "img": "https://lh5.googleusercontent.com/p/AF1QipNxKlecx0Dt_M5cZdcD8mlfVdWO3qdRkGl2MaJb=w148-h148-n-k-no"
            },
            {
                "title": "War Childhood Museum",
                "category": "Museum",
                "url": "https://www.warchildhood.org/",
                "img": "https://lh5.googleusercontent.com/p/AF1QipNqmE5qt0lYFs5UsdxNiDew_USEHQPODAK2K2qb=w148-h148-n-k-no"
            },
            {
                "title": "Skakavac Waterfall",
                "category": "Tourist attraction",
                "img": "https://lh6.googleusercontent.com/proxy/-3JsBPoBDGZ12QZusk5eh0Nh6xpmSA-6ct-J0NBQejB_XHjEiXBLgiZXZDKqpmAgWhxCdG06D7iqfRpdTDdJNzppDunXSm6lHQ_08Dv2l50zZQX-MS8_L3egWqjMbctO4lEbJ8c050OZ-gDYqYs9x58y7MO20x4=w148-h148-n-k-no"
            }
        ],
        "Mostar": [
            {
                "title": "Old Bridge Mostar",
                "category": "Bridge",
                "url": "https://whc.unesco.org/en/list/946",
                "img": "https://lh5.googleusercontent.com/p/AF1QipNclg9n4tztM1H81EhtFaWj4KgR_JmWuGH56izv=w148-h148-n-k-no"
            },
            {
                "title": "Koski Mehmed Pasha Mosque",
                "category": "Mosque",
                "url": "http://www.islamskazajednica.ba/",
                "img": "https://lh5.googleusercontent.com/p/AF1QipPhj8FsT0KyTG5E-2iPL_09E7lTqymGGbilHfol=w148-h148-n-k-no"
            },
            {
                "title": "Kriva ćuprija",
                "category": "Bridge",
                "img": "https://lh5.googleusercontent.com/p/AF1QipPGq9NvfffUd0Pv8TO4FRUoqxjLJWrLPkSwBbzU=w148-h148-n-k-no"
            },
            {
                "title": "Museum Of War And Genocide Victims",
                "category": "Museum",
                "url": "https://www.facebook.com/profile.php?id=100064076110891",
                "img": "https://lh5.googleusercontent.com/p/AF1QipNxiFZq1Y3oM3V1AibXLaFeHEZ4drnyrfc-7g6P=w148-h148-n-k-no"
            },
            {
                "title": "Vidikovac Fortica",
                "category": "Adventure sports centre",
                "url": "http://www.zipline.ba/",
                "img": "https://lh5.googleusercontent.com/p/AF1QipOZJPajptni1zfzH-ZjnIACE3z5og8PbdGCv8w3=w148-h148-n-k-no"
            },
            {
                "title": "Bazar Kujundžiluk",
                "category": "Market",
                "img": "https://lh5.googleusercontent.com/p/AF1QipMVay0o6dzoeCZU5JBph_R07mAOBWX18fn_kDnD=w148-h148-n-k-no"
            },
            {
                "title": "Karađoz Beg Mosque",
                "category": "Mosque",
                "url": "http://www.islamskazajednica.ba/",
                "img": "https://lh5.googleusercontent.com/p/AF1QipNJS1JbWGB9mwOF8YFySWfwWWCJAfkWJh3BCkIU=w148-h148-n-k-no"
            },
            {
                "title": "Kajtaz House",
                "category": "Historical landmark",
                "url": "https://www.facebook.com/KajtazsHouse/?fref=ts",
                "img": "https://lh5.googleusercontent.com/p/AF1QipM5FTKXdfvHXF7xF0p7vhjyhb9J4MwhNgc7ZCr7=w148-h148-n-k-no"
            },
            {
                "title": "Biscevic House",
                "category": "Museum",
                "img": "https://lh5.googleusercontent.com/p/AF1QipNEJ0IW-bhayhdVlacoookzIfMIz2LQZhXL8aA8=w148-h148-n-k-no"
            },
            {
                "title": "Kravica Waterfall",
                "category": "National reserve",
                "url": "http://www.kravica.ba/",
                "img": "https://lh5.googleusercontent.com/p/AF1QipNIFzk4hGgtanoKycz-x5vfwZsMMlhjddW4Dg2E=w148-h148-n-k-no"
            },
            {
                "title": "Mostar Old Town",
                "category": "Tourist attraction",
                "img": "https://lh5.googleusercontent.com/p/AF1QipNJY8c8ryPFD_Q504L-GYiRN6j7z7Cc4j5kJFgn=w148-h148-n-k-no"
            },
            {
                "title": "Art Studio Pandur",
                "category": "Art gallery",
                "url": "https://www.artstudiopandur.com/",
                "img": "https://lh5.googleusercontent.com/p/AF1QipO9e9rVRXVkd6MDYVsGG1KAzgmnKo86P8vyi1Dm=w148-h148-n-k-no"
            },
            {
                "title": "Mostar Peace Bell Tower",
                "category": "Tourist attraction",
                "url": "https://franjevci.info/",
                "img": "https://lh5.googleusercontent.com/p/AF1QipOmMmfc97fWD1_z8PgsTB7_XHFg5ZNHVGMq1HoN=w148-h148-n-k-no"
            },
            {
                "title": "Muslibegovic House",
                "category": "Hotel",
                "url": "http://www.muslibegovichouse.com/",
                "img": "https://lh6.googleusercontent.com/proxy/uVD1XshHLOtrkSAEms4qK84lR7Qd5HqiLX2tn5KcccsQ04SdetYl7rY-MhF6Fo1hFnmvgzBRl9YjycsyzTGXA8OgpETnVD9RhOXqZAsaaQL3DS76J33r11-fTjBw2NOSAS41Bn7OYDUiLQuwXaNZDIFrsfkpkA=w148-h148-n-k-no"
            },
            {
                "title": "Cathedral of Mary, Mother of the Church",
                "category": "Catholic cathedral",
                "url": "https://katedrala-mostar.info/",
                "img": "https://lh5.googleusercontent.com/p/AF1QipNJglxZLDlQeyf5t0VoTdzqYlCESwwyJLtIeUP0=w148-h148-n-k-no"
            },
            {
                "title": "Lučki most",
                "category": "Bridge",
                "img": "https://lh5.googleusercontent.com/p/AF1QipMWiV1zwC5eYZz259oYVUpVNm_2FcXLxhG1vJDl=w148-h148-n-k-no"
            }
        ]
    },
    "sights": [
        {
            "title": "Kravica Waterfall",
            "category": "National reserve",
            "url": "http://www.kravica.ba/",
            "img": "https://lh5.googleusercontent.com/p/AF1QipNIFzk4hGgtanoKycz-x5vfwZsMMlhjddW4Dg2E=w148-h148-n-k-no"
        },
        {
            "title": "Old Bridge Mostar",
            "category": "Bridge",
            "url": "https://whc.unesco.org/en/list/946",
            "img": "https://lh5.googleusercontent.com/p/AF1QipNclg9n4tztM1H81EhtFaWj4KgR_JmWuGH56izv=w148-h148-n-k-no"
        },
        {
            "title": "Baščaršija",
            "category": "Tourist attraction",
            "url": "http://bascarsija.ba/",
            "img": "https://lh5.googleusercontent.com/p/AF1QipOOfVuZzZ8L6oRL6KoATSB8ZuAUe5H_dFVHpyRu=w148-h148-n-k-no"
        },
        {
            "title": "Pliva Waterfall",
            "category": "Tourist attraction",
            "url": "http://www.jajce.ba/",
            "img": "https://lh5.googleusercontent.com/p/AF1QipMiq3uiOS-pM07WdgD8j7YQf0ng88KRnn4O6AHs=w148-h148-n-k-no"
        },
        {
            "title": "Štrbački buk Bosnia",
            "category": "Tourist attraction",
            "url": "http://www.strbackibuk.com/",
            "img": "https://lh5.googleusercontent.com/p/AF1QipMWk1_w6w3ig1Wg-e6rHw9ErojBdFPCWVOIEWhW=w148-h148-n-k-no"
        },
        {
            "title": "Nacionalni park Una",
            "category": "National park",
            "url": "https://npuna.com/",
            "img": "https://lh5.googleusercontent.com/p/AF1QipPUF1L0hZ5cG3pMpm9E8Wo1RQgCLfMUchaQIRjN=w148-h148-n-k-no"
        },
        {
            "title": "Vrelo Bosne",
            "category": "Nature reserve",
            "url": "http://www.zppks.ba/",
            "img": "https://lh5.googleusercontent.com/p/AF1QipMgfjKXHQJfTBwpKIHPAkE4uJ_jToCFg8e5aP9H=w148-h148-n-k-no"
        },
        {
            "title": "Sebilj",
            "category": "Historical landmark",
            "img": "https://lh5.googleusercontent.com/p/AF1QipNIInjDFZSU85CgO1s1ghsQQmM71fQVPIBPgeA=w148-h148-n-k-no"
        },
        {
            "title": "Tunnel of Hope",
            "category": "War museum",
            "url": "http://tunelspasa.ba/",
            "img": "https://lh5.googleusercontent.com/p/AF1QipNZwJX3M58aWYrVo1C26VnmdcC3u4H2HqMp4K-j=w148-h148-n-k-no"
        },
        {
            "title": "The National Museum of Bosnia and Herzegovina",
            "category": "National museum",
            "url": "http://www.zemaljskimuzej.ba/",
            "img": "https://lh5.googleusercontent.com/p/AF1QipOwjtlt8PQE9K1AnxkDY2Yte3JtYMP-X8N9wzAN=w148-h148-n-k-no"
        },
        {
            "title": "Mehmed Paša Sokolović Bridge",
            "category": "Historical landmark",
            "url": "http://www.opstinavisegrad.com/",
            "img": "https://lh5.googleusercontent.com/p/AF1QipOfdk1bSpXigrdR-PK6rVRgZKYB1GOrbfrDOb0i=w148-h148-n-k-no"
        },
        {
            "title": "Sarajevo City Hall",
            "category": "Town Hall",
            "url": "http://www.vijecnica.ba/",
            "img": "https://lh5.googleusercontent.com/p/AF1QipPzJG1oQWA5s3okVmtQ9vKefisP05K6qSlBOoJP=w148-h148-n-k-no"
        },
        {
            "title": "Gazi Husrev-beg Mosque",
            "category": "Mosque",
            "url": "http://begovadzamija.ba/",
            "img": "https://lh5.googleusercontent.com/p/AF1QipOq2Ue-pd8eA40zRL4VbJW4SeEOfTFy9OBgda5h=w148-h148-n-k-no"
        },
        {
            "title": "Kozara National Park",
            "category": "Park and Garden",
            "url": "http://www.npkozara.com/",
            "img": "https://lh5.googleusercontent.com/p/AF1QipOw3AnQ-2iDEsyHF_3PWIVSpyr-2sySBf38GRNQ=w148-h148-n-k-no"
        },
        {
            "title": "Sarajevska žičara",
            "category": "Mountain cable car",
            "url": "http://www.zicara.ba/",
            "img": "https://lh5.googleusercontent.com/p/AF1QipMM8QrTxWrhwvkZoos57LYIvsJBQCiYSXj8qYqt=w148-h148-n-k-no"
        },
        {
            "title": "War Childhood Museum",
            "category": "Museum",
            "url": "https://www.warchildhood.org/",
            "img": "https://lh5.googleusercontent.com/p/AF1QipNqmE5qt0lYFs5UsdxNiDew_USEHQPODAK2K2qb=w148-h148-n-k-no"
        }
    ]
}