{
    "cities": {
        "Pleven": [
            {
                "title": "Pleven Panorama",
                "category": "Museum",
                "url": "https://panorama-pleven.com/",
                "img": "https://lh5.googleusercontent.com/p/AF1QipNvSkq211IjOT2dlIEfHUXN1t4IwAofw3qRWham=w148-h148-n-k-no"
            },
            {
                "title": "City Garden",
                "category": "Park and Garden",
                "url": "http://pleven.bg/",
                "img": "https://lh5.googleusercontent.com/p/AF1QipMIhyalJ2iQv_AFIpE6Jy7AQgG6bQWx0jtf2imh=w148-h148-n-k-no"
            },
            {
                "title": "Regional Historical Museum Pleven",
                "category": "Museum",
                "url": "http://rim-pleven.com/",
                "img": "https://lh5.googleusercontent.com/p/AF1QipPbjdf72LS4Px5_TNXBKVWNhMw2xLRe76jJtZ3V=w148-h148-n-k-no"
            },
            {
                "title": "Skobelev Park",
                "category": "Park and Garden",
                "url": "http://pleven.bg/",
                "img": "https://lh5.googleusercontent.com/p/AF1QipPVZ5h2kSwZ8sKQ5kF3cmFNvLuVesFRVlYlwm6q=w148-h148-n-k-no"
            },
            {
                "title": "Galaxy Bowling Club - Pleven",
                "category": "Bowling Alley",
                "img": "https://lh5.googleusercontent.com/p/AF1QipNM1YkBLV9avu-nG_ozIg0Sc0Jv1q30bohXzVD1=w148-h148-n-k-no"
            },
            {
                "title": "Pleven Water Cascades and Fountains",
                "category": "Tourist attraction",
                "url": "http://pleven.bg/",
                "img": "https://lh5.googleusercontent.com/p/AF1QipP7wEKhIIfXGfsa2-WR7Mv_NLFAR4Ww4iPUa8aS=w148-h148-n-k-no"
            },
            {
                "title": "Kaylaka Park",
                "category": "Park and Garden",
                "url": "https://bg.wikipedia.org/wiki/%D0%9A%D0%B0%D0%B9%D0%BB%D1%8A%D0%BA%D0%B0",
                "img": "https://lh5.googleusercontent.com/p/AF1QipOT-4MgnRrs_TWtL89uRbKpo86FBSrZckMwZUqa=w148-h148-n-k-no"
            },
            {
                "title": "Pleven Stadium",
                "category": "Stadium",
                "url": "http://pleven.bg/",
                "img": "https://lh5.googleusercontent.com/p/AF1QipOVL4i7GB3jP8ROYNHnWdZyqqjmoX1s3XWO4nuJ=w148-h148-n-k-no"
            },
            {
                "title": "Pleven Zoo",
                "category": "Zoo",
                "url": "https://plevenzapleven.bg/blog/tag/%D0%B7%D0%BE%D0%BE%D0%BF%D0%B0%D1%80%D0%BA/",
                "img": "https://lh5.googleusercontent.com/p/AF1QipPI_s9ymQjSjFWbzSFV2-9euQaiafilXvN1XyMG=w148-h148-n-k-no"
            },
            {
                "title": "Hisarya Medieval Fortress of Lovech",
                "category": "Fortress",
                "url": "https://lovech-museum.bg/",
                "img": "https://lh5.googleusercontent.com/p/AF1QipNHHsSzvb-rN4Tpo_izdAJ0oU9vDCqbrxX8vk1W=w148-h148-n-k-no"
            },
            {
                "title": "Persina Nature Park",
                "category": "Country park",
                "url": "https://www.persina.bg/",
                "img": "https://lh5.googleusercontent.com/p/AF1QipP2uqZ6rLinlNtZGWFAWZ6EK0czulZgDq9TpSzx=w148-h148-n-k-no"
            },
            {
                "title": "Monument of Mother Bulgaria",
                "category": "Monument",
                "img": "https://lh5.googleusercontent.com/p/AF1QipNLvwOTeyWgV2rMu-TztJjZ3qW_i9EciMgM9EV0=w148-h148-n-k-no"
            }
        ],
        "Pernik": [
            {
                "title": "Regional History Museum Pernik",
                "category": "Local history museum",
                "url": "https://museumpernik.com/",
                "img": "https://lh5.googleusercontent.com/p/AF1QipNtrgHTXdLPg2bnCXcHR92z0zGOdAhXm2fPRFJm=w148-h148-n-k-no"
            },
            {
                "title": "Pernik Fortress",
                "category": "Ruin",
                "url": "https://museumpernik.com/srednovekovna-krepost-pernik/",
                "img": "https://lh5.googleusercontent.com/p/AF1QipPjLhjZHotlSErrAIf8PdkPHmtOVdqBFCsSqejk=w148-h148-n-k-no"
            },
            {
                "title": "Rainbow Bowling Center",
                "category": "Bowling club",
                "url": "https://m.facebook.com/RainbowBowlingCenter/?locale2=bg_BG",
                "img": "https://lh5.googleusercontent.com/p/AF1QipOfeXD0DWVVlWSXPd5O2d-SqL9CP3yk700x88w0=w148-h148-n-k-no"
            },
            {
                "title": "Erma River Gorge, Tran",
                "category": "Nature reserve",
                "img": "https://lh5.googleusercontent.com/p/AF1QipParb2kuFcSm8XBI7u0AooUyukmi7MUqJv9nE_k=w148-h148-n-k-no"
            },
            {
                "title": "Zemen Monastery \"St. John the Apostle\"",
                "category": "Monastery",
                "img": "https://lh5.googleusercontent.com/p/AF1QipPwsHklzYfM_4C5yaLw2jMRztN-QX2ZiJEBOKCW=w148-h148-n-k-no"
            },
            {
                "title": "Kladnitsa",
                "category": "Locality",
                "img": "https://lh5.googleusercontent.com/p/AF1QipPl-WxPCONsDLvGxEhiS5GIruEFsaGQyJ0RhgJ6=w148-h148-n-k-no"
            }
        ],
        "Sofia": [
            {
                "title": "Patriarchal Cathedral of St. Alexander Nevsky",
                "category": "Eastern Orthodox Church",
                "url": "http://www.cathedral.bg/",
                "img": "https://lh5.googleusercontent.com/p/AF1QipMeBx8BVArzs3PclIzjIBSJAk5p89pC19gAiQfP=w148-h148-n-k-no"
            },
            {
                "title": "Church of St. Nicholas the Miraclemaker",
                "category": "Orthodox church",
                "url": "http://podvorie-sofia.bg/bg/main/",
                "img": "https://lh5.googleusercontent.com/p/AF1QipMGWXVJuGb5_hT0wub8laMP8BR3FV6Ofc7XOgtP=w148-h148-n-k-no"
            },
            {
                "title": "Cathedral of Saint Nedelya",
                "category": "Eastern Orthodox Church",
                "url": "https://www.sveta-nedelia.org/",
                "img": "https://lh5.googleusercontent.com/p/AF1QipPhsAsKvdBYhAwiT8YB9TArar7WNEOL3uB9TWi7=w148-h148-n-k-no"
            },
            {
                "title": "National Theater \"Ivan Vazov\"",
                "category": "Performing arts theatre",
                "url": "http://www.nationaltheatre.bg/",
                "img": "https://lh5.googleusercontent.com/p/AF1QipNI14Yx3u99ffBo35ozLfPQdPok7qdhOJkxU8QK=w148-h148-n-k-no"
            },
            {
                "title": "Borisova Gradina Park",
                "category": "Park and Garden",
                "url": "http://borisovagradina.com/",
                "img": "https://lh5.googleusercontent.com/p/AF1QipP7DTBWhSmMMDoz2a3khq0Vap1uUokD7lvDsRC7=w148-h148-n-k-no"
            },
            {
                "title": "National Museum of History",
                "category": "History museum",
                "url": "http://www.historymuseum.org/",
                "img": "https://lh5.googleusercontent.com/p/AF1QipPSzBcUwuPSXxvaEp2Kl6BO_lkO2tqUEJeeRyu_=w148-h148-n-k-no"
            },
            {
                "title": "Boyana Church",
                "category": "Museum",
                "url": "http://www.boyanachurch.org/",
                "img": "https://lh4.googleusercontent.com/proxy/on8YA5AL1tFBglGIp3yO1JeLYOBFk8JtvTB6WjMjRh-2N6L3uyUAU5P8nvHdyJuoETWHKoSlZ6T3RDxvKjQfqOg3JUD7rnplW8RGPN6hnjk331D36UGvwssvImpYYOb2mzOLsQPqPN7NUrWPAhTuGN58dfyPTQ=w148-h148-n-k-no"
            },
            {
                "title": "National Palace of Culture (NDK)",
                "category": "Cultural centre",
                "url": "http://www.ndk.bg/",
                "img": "https://lh5.googleusercontent.com/p/AF1QipO0Jy-zMIkAaxpEZJu0aVZ4fPN2FSysXdBhLYio=w148-h148-n-k-no"
            },
            {
                "title": "National Archeological Museum of the Bulgarian Academy of Sciences",
                "category": "Archaeological museum",
                "url": "http://www.naim.bg/",
                "img": "https://lh5.googleusercontent.com/p/AF1QipPrZDYbuo4TfibdIIr1rS3WhWEX4fSy4OFClZQ=w148-h148-n-k-no"
            },
            {
                "title": "The Basilica of Saint Sofia (6th century)",
                "category": "Eastern Orthodox Church",
                "url": "https://www.facebook.com/profile.php?id=100088088524168",
                "img": "https://lh5.googleusercontent.com/p/AF1QipMCczEQOPIm2TqUOwO1EaVL7BiXyNreCttK0M6F=w148-h148-n-k-no"
            },
            {
                "title": "The City Garden",
                "category": "Park and Garden",
                "url": "http://visitsofia.bg/",
                "img": "https://lh5.googleusercontent.com/p/AF1QipMwigOu3XNyUJJZnFopzZIoLixtKGuAFP8LVhYR=w148-h148-n-k-no"
            },
            {
                "title": "National Museum of Military History",
                "category": "Army museum",
                "url": "http://www.militarymuseum.bg/",
                "img": "https://lh5.googleusercontent.com/p/AF1QipPrY8_YQQImmXbUk6-RmXaiMUGJYR782FEo8wle=w148-h148-n-k-no"
            },
            {
                "title": "Sofia Zoo",
                "category": "Zoo",
                "url": "http://www.zoosofia.eu/",
                "img": "https://lh5.googleusercontent.com/p/AF1QipNi1fyzX_GjvTBgXjIdEnzUdbkpKcBpzoVx6gkY=w148-h148-n-k-no"
            },
            {
                "title": "Regional History Museum of Sofia",
                "category": "Local history museum",
                "url": "http://www.sofiahistorymuseum.bg/",
                "img": "https://lh5.googleusercontent.com/p/AF1QipNgA81oAbQyW_XmXwVvoR1Gll7c6tSEoZN7JjKE=w148-h148-n-k-no"
            },
            {
                "title": "Muzeiko",
                "category": "Children's museum",
                "url": "https://www.muzeiko.bg/",
                "img": "https://lh5.googleusercontent.com/p/AF1QipPp1BUhF9n3IvF9yXx5osUhZtr8EMwDnnjOdedr=w148-h148-n-k-no"
            },
            {
                "title": "Ancient orthodox rounda church \"Saint George\" (4th century)",
                "category": "Orthodox church",
                "url": "http://svgeorgi-rotonda.com/",
                "img": "https://lh3.googleusercontent.com/proxy/1Ew1MbDsNbCbVuCldQvLpqC18ilWJggAyxmzfU7i5BpD3qzxaa2QnZl08_zPL37o5pbvc4EDTswiLHfDW7ApjUDWtoiUBJhKpg7URAhTOnuFQf3I-wWtQbqv2ntkrkezcCTP_3a5saDrA5S4MQE8jG2v-rPC2-k=w148-h148-n-k-no"
            }
        ],
        "Gabrovo": [
            {
                "title": "Museum of Education",
                "category": "Museum",
                "url": "http://www.nmogabrovo.com/",
                "img": "https://lh5.googleusercontent.com/p/AF1QipPBR6KP04_G9kaQOCRk8XST8rMF9c9zQPeCqV5b=w148-h148-n-k-no"
            },
            {
                "title": "Regionalen istoricheski muzei - Gabrovo",
                "category": "Local history museum",
                "url": "http://h-museum-gabrovo.bg/",
                "img": "https://lh5.googleusercontent.com/p/AF1QipPiXYMs-PN2W3rG65pIEt0kbLUilshueetCjtIu=w148-h148-n-k-no"
            },
            {
                "title": "Ethno village Etar",
                "category": "Ethnographic museum",
                "url": "http://www.etar.bg/",
                "img": "https://lh5.googleusercontent.com/p/AF1QipPoF6qGd2i9w2AsfknBl4O-96PpISHePlJSC9rq=w148-h148-n-k-no"
            },
            {
                "title": "Музей на хумора и сатирата, Габрово",
                "category": "Museum",
                "url": "http://www.humorhouse.bg/",
                "img": "https://lh5.googleusercontent.com/p/AF1QipNaaWXsB3Eg3EvuVUcRwX5lJgbPfDllKqtFggIl=w148-h148-n-k-no"
            },
            {
                "title": "Dryanovo monastery \"St. Archangel Michael\"",
                "category": "Monastery",
                "img": "https://lh5.googleusercontent.com/p/AF1QipOfd6tIpsEtQLicFXzaNn0jCdo7gTBmcg839Y9L=w148-h148-n-k-no"
            },
            {
                "title": "Shipka Memorial Church",
                "category": "Russian Orthodox church",
                "img": "https://lh5.googleusercontent.com/p/AF1QipMUAaaTBOYTzB2KH05kNcOWTiqtVpk8pCdllQBI=w148-h148-n-k-no"
            },
            {
                "title": "Bacho Kiro cave",
                "category": "Tourist attraction",
                "img": "https://lh5.googleusercontent.com/p/AF1QipOgV-wq1xceKEkTyOcBDR4F5J2bcZ2Uw9bXH0xn=w148-h148-n-k-no"
            },
            {
                "title": "Tomb of Seuthes III",
                "category": "Museum",
                "url": "http://muzei-kazanlak.org/",
                "img": "https://lh5.googleusercontent.com/p/AF1QipNLJ1S882P4wu7qi7t9slIOw_psGA9-L-GZqxg-=w148-h148-n-k-no"
            },
            {
                "title": "Museum of Woodcarving and Ethnographic Arts",
                "category": "Handicraft museum",
                "url": "http://www.en.tryavna-museum.eu/museum_tryavna",
                "img": "https://lh5.googleusercontent.com/p/AF1QipNrW20WFUYD5LHuZfnuCIy1mm5SRh3xmN-Lc6VY=w148-h148-n-k-no"
            },
            {
                "title": "Museum Architectural Reserve \"Bozhentsi\"",
                "category": "Ethnographic museum",
                "url": "http://www.bojentsi.com/",
                "img": "https://lh5.googleusercontent.com/p/AF1QipNAo8SNlDJWebpLeKRQsTZnsPoxQSlnLqNyhFlO=w148-h148-n-k-no"
            },
            {
                "title": "Hotalich",
                "category": "Archaeological museum",
                "url": "http://www.hotalich.bg/",
                "img": "https://lh5.googleusercontent.com/p/AF1QipPvZvU8jAXUtwCFFzFfPkFEJ0rn9r_yZUjIp6FV=w148-h148-n-k-no"
            },
            {
                "title": "Daskalov House Museum",
                "category": "Museum",
                "url": "http://www.tryavna-museum.eu/%D0%BC%D1%83%D0%B7%D0%B5%D0%B9_%D0%B4%D0%B0%D1%81%D0%BA%D0%B0%D0%BB%D0%BE%D0%B2%D0%B0%D1%82%D0%B0-%D0%BA%D1%8A%D1%89%D0%B0_%D1%82%D1%80%D1%8F%D0%B2%D0%BD%D0%B0",
                "img": "https://lh5.googleusercontent.com/p/AF1QipPPWRKnxoRUo8vf-ZxTE5JZjQxqwe7PwSNgSl6E=w148-h148-n-k-no"
            },
            {
                "title": "Соколски манастир",
                "category": "Place of worship",
                "img": "https://lh5.googleusercontent.com/p/AF1QipOSv5hueCritSzWZaqr39rZ7cwZzULmcN1tPIgn=w148-h148-n-k-no"
            },
            {
                "title": "Predbalkan",
                "category": "Mountain peak",
                "img": "https://lh5.googleusercontent.com/p/AF1QipMKZxWuioTdVdY4_YcCRbrAHTqBHjPqqXopoeci=w148-h148-n-k-no"
            },
            {
                "title": "Pass of the Republic",
                "category": "Mountain pass",
                "img": "https://lh5.googleusercontent.com/p/AF1QipNBbbZkUaBL2xxKnLOT1GMlnN4Y2cXwIzPqk9Zl=w148-h148-n-k-no"
            },
            {
                "title": "Negovanka",
                "category": "River",
                "img": "https://lh5.googleusercontent.com/p/AF1QipPMJP-QyePXTnGD8zHqEtRJ0B6fyrF5bKTzG4XW=w148-h148-n-k-no"
            }
        ],
        "Stara Zagora": [
            {
                "title": "Stara Zagora Zoo",
                "category": "Zoo",
                "url": "https://zoo.starazagora.bg/",
                "img": "https://lh5.googleusercontent.com/p/AF1QipPlxkGAPV1ZS1Sk6zshQmbh_OGI6l6Y3nEbDXJS=w148-h148-n-k-no"
            },
            {
                "title": "Regional Museum of History Stara Zagora",
                "category": "History museum",
                "url": "https://www.rimstz.eu/",
                "img": "https://lh5.googleusercontent.com/p/AF1QipNQO_FuU30q1xQeyfYDcT5K3gfDFPADKDXhAtXq=w148-h148-n-k-no"
            },
            {
                "title": "Park “Ayazmo“",
                "category": "Park and Garden",
                "img": "https://lh5.googleusercontent.com/p/AF1QipP7krHWZ8NyQmqptuoyu19lE0iaGjbnfjCE9n5A=w148-h148-n-k-no"
            },
            {
                "title": "Samara Flag Monument",
                "category": "Memorial park",
                "url": "https://starazagora.love/bg/century-trip/monuments/the-defenders-of-stara-zagora/",
                "img": "https://lh5.googleusercontent.com/p/AF1QipPDPvNzMo-Uz22otZID4VLXkQ-0DNg12la9jq_r=w148-h148-n-k-no"
            },
            {
                "title": "Museum of Religions",
                "category": "History museum",
                "url": "http://www.museum.starazagora.net/en/architectural-complex-museum-of-religions",
                "img": "https://lh5.googleusercontent.com/p/AF1QipNIJ5Cgt_Kggr1eEISJUT1iKL50IHAjUfHEg7_t=w148-h148-n-k-no"
            },
            {
                "title": "Zagorka Brewery",
                "category": "Brewery",
                "url": "http://zagorkacompany.bg/",
                "img": "https://lh5.googleusercontent.com/p/AF1QipNir7FytqFvJwOqm9efBj9qV0jM_DKiw9bg3VBu=w148-h148-n-k-no"
            },
            {
                "title": "Neolithic Dwellings Museum.",
                "category": "Museum",
                "url": "http://www.museum.starazagora.net/en/neolithic-dwellings-museum",
                "img": "https://lh5.googleusercontent.com/p/AF1QipNqSIMZD-skf-6CaLBJHqXOVD6yIlRnbkzhBPfs=w148-h148-n-k-no"
            },
            {
                "title": "Tourist Information Centre Stara Zagora",
                "category": "Travel",
                "url": "https://visitstarazagora.bg/",
                "img": "https://lh5.googleusercontent.com/p/AF1QipODjOUpeShUCMthrMAANWoeqDeOgeZ7wY2Inzvr=w148-h148-n-k-no"
            },
            {
                "title": "езеро Загорка",
                "category": "Lake",
                "img": "https://lh5.googleusercontent.com/p/AF1QipNgWpo3flXUK59fQLuaJ46TUV7wnZSFgV0w4N2u=w148-h148-n-k-no"
            },
            {
                "title": "Shipka Memorial Church",
                "category": "Russian Orthodox church",
                "img": "https://lh5.googleusercontent.com/p/AF1QipMUAaaTBOYTzB2KH05kNcOWTiqtVpk8pCdllQBI=w148-h148-n-k-no"
            },
            {
                "title": "Church St.Dimitar",
                "category": "Orthodox church",
                "url": "http://mitropolia-starazagora.bg/%D0%BA%D0%B0%D1%82%D0%B5%D0%B4%D1%80%D0%B0%D0%BB%D0%B5%D0%BD-%D1%85%D1%80%D0%B0%D0%BC-%D1%81%D0%B2-%D0%B4%D0%B8%D0%BC%D0%B8%D1%82%D1%8A%D1%80/",
                "img": "https://lh5.googleusercontent.com/p/AF1QipMZvJxU4g-Bh1LMPJ36-0JLU3JAozToSe9te4er=w148-h148-n-k-no"
            },
            {
                "title": "Monument of Freedom, Saint Nicholas peak",
                "category": "Historical landmark",
                "url": "https://www.shipkamuseum.org/about/our-mission/",
                "img": "https://lh5.googleusercontent.com/p/AF1QipPNQkkdHjmtOvgrP6u_aYNSQD4tIrdT5Hx2GaA_=w148-h148-n-k-no"
            },
            {
                "title": "Damascena Ethnographic Complex",
                "category": "Tourist attraction",
                "url": "http://damascena.net/",
                "img": "https://lh5.googleusercontent.com/p/AF1QipPILUZHu1QS9dpK6yphkrA-7XlNGZ9PFFHAC4cY=w148-h148-n-k-no"
            },
            {
                "title": "Паметник на Бузлуджа",
                "category": "Mountain peak",
                "img": "https://lh5.googleusercontent.com/p/AF1QipM20tT31QT4HWc92ea_5maRtPcwBVMMkk_oFrgs=w148-h148-n-k-no"
            },
            {
                "title": "Защитена местност \"Винишки камък\"",
                "category": "Tourist attraction",
                "img": "https://lh5.googleusercontent.com/p/AF1QipNhcpZrzwynPMgiw1bZrTQcxS742eMtUi7CMOWN=w148-h148-n-k-no"
            },
            {
                "title": "Tomb of Seuthes III",
                "category": "Museum",
                "url": "http://muzei-kazanlak.org/",
                "img": "https://lh5.googleusercontent.com/p/AF1QipNLJ1S882P4wu7qi7t9slIOw_psGA9-L-GZqxg-=w148-h148-n-k-no"
            }
        ],
        "Yambol": [
            {
                "title": "\"Central\" park Yambol",
                "category": "City park",
                "img": "https://lh5.googleusercontent.com/p/AF1QipMCMDKzYJA4OPKhDJ9Ik0GACYr0XvenqNcdkQDs=w148-h148-n-k-no"
            },
            {
                "title": "Yambol Regional Historical Museum",
                "category": "Museum",
                "url": "http://www.yambolmuseum.eu/",
                "img": "https://lh5.googleusercontent.com/p/AF1QipO-EKHbIu_hmEFdx9AX9pQpkFg_0BCjz4zRxxNc=w148-h148-n-k-no"
            },
            {
                "title": "Bezistena",
                "category": "Historical landmark",
                "url": "http://bezistena.com/",
                "img": "https://lh5.googleusercontent.com/p/AF1QipNF8DNU3NPS8qg5FJqen0oeDtPD7fNJ5p1_U_SE=w148-h148-n-k-no"
            },
            {
                "title": "Sports Hall Diana",
                "category": "Sports complex",
                "img": "https://lh5.googleusercontent.com/p/AF1QipPn7s1z6BkYDnUnj88yzebyo3g8V7OHx2ONkvbB=w148-h148-n-k-no"
            },
            {
                "title": "NAR \"Kabile\"",
                "category": "Archaeological museum",
                "url": "http://www.tourism-yambol.com/%D0%B0%D1%80%D1%85%D0%B5%D0%BE%D0%BB%D0%BE%D0%B3%D0%B8%D1%87%D0%B5%D1%81%D0%BA%D0%B8-%D1%80%D0%B5%D0%B7%D0%B5%D1%80%D0%B2%D0%B0%D1%82-%D0%BA%D0%B0%D0%B1%D0%B8%D0%BB%D0%B5",
                "img": "https://lh5.googleusercontent.com/p/AF1QipNrC2HEVPO6M7A6cSg2R2_BFz77BLw_eKx3UhZD=w148-h148-n-k-no"
            },
            {
                "title": "Museum of combat glory",
                "category": "War museum",
                "url": "http://mbs.bg/",
                "img": "https://lh5.googleusercontent.com/p/AF1QipNIAUa8NWp3gF09pJC_LvOq0u1ex4q5WszF1gGU=w148-h148-n-k-no"
            },
            {
                "title": "Coffee bar Ivanina",
                "category": "Cafe",
                "img": "https://lh5.googleusercontent.com/p/AF1QipMbHGJ3Hz2DsyZT7_BqgsT3c5UB9QwhlkjJU7MZ=w148-h148-n-k-no"
            },
            {
                "title": "Ethnographic Museum Elhovo",
                "category": "Museum",
                "url": "http://www.museum-elhovo.com/",
                "img": "https://lh5.googleusercontent.com/p/AF1QipMxhCJSZjuEdD2tWhdIeIxRTttWii_VPj_W4QZw=w148-h148-n-k-no"
            }
        ],
        "Veliko Tŭrnovo": [
            {
                "title": "Tsarevets Fortress",
                "category": "Fortress",
                "url": "https://museumvt.com/",
                "img": "https://lh5.googleusercontent.com/p/AF1QipMeazc45HaeUot_K9dPMWGcguHk5UBkiXFKY2jR=w148-h148-n-k-no"
            },
            {
                "title": "Museum of Illusions",
                "category": "Museum",
                "url": "https://www.illusions-bg.com/",
                "img": "https://lh5.googleusercontent.com/p/AF1QipNMSn8ouv1Y0n0y5r_lbgZhFvA_DYHZfDmEQ0m1=w148-h148-n-k-no"
            },
            {
                "title": "Multimedia visitor centre \"Tsarevgrad Tarnov\"",
                "category": "Wax museum",
                "url": "https://tickets.museumvt.com/en/sites/tsarevgrad-turnov---multimedia-visitor-center",
                "img": "https://lh5.googleusercontent.com/p/AF1QipOXUKpmFGNmY1ZE5OPLbeUmSFHIdkokaZ2MMeCg=w148-h148-n-k-no"
            },
            {
                "title": "Monument to the Assen Dynasty",
                "category": "Monument",
                "img": "https://lh5.googleusercontent.com/p/AF1QipN1nexTqjjaP7rjPBttnG4m3Vx_q4PnohM1CmF9=w148-h148-n-k-no"
            },
            {
                "title": "Trapezitsa Fortress",
                "category": "Castle",
                "img": "https://lh5.googleusercontent.com/p/AF1QipMDUBBdPEsEAQTGTFr3HMh9SlJK36GMqlCx9Fz2=w148-h148-n-k-no"
            },
            {
                "title": "Mini-Bulgaria Park",
                "category": "History museum",
                "url": "https://mini-bulgaria.com/",
                "img": "https://lh5.googleusercontent.com/p/AF1QipPMaUleFAWdMiD2KQ_f7brSXecaahbtk_a9IJuY=w148-h148-n-k-no"
            },
            {
                "title": "Monument of Mother Bulgaria",
                "category": "Monument",
                "img": "https://lh5.googleusercontent.com/p/AF1QipNLvwOTeyWgV2rMu-TztJjZ3qW_i9EciMgM9EV0=w148-h148-n-k-no"
            },
            {
                "title": "Han Hadji Nikoli Restaurant",
                "category": "Restaurant",
                "url": "http://www2.hanhadjinikoli.com/index.php/en/restaurant",
                "img": "https://lh5.googleusercontent.com/p/AF1QipO_i478UyWeie8VtQwg0KllLjS39jHOogHxD2c=w148-h148-n-k-no"
            },
            {
                "title": "Holy Forty Martyrs Church",
                "category": "Orthodox church",
                "url": "http://museumvt.com/en/church-of-st-40-martyrs/",
                "img": "https://lh5.googleusercontent.com/p/AF1QipOBlW3wD0g1iarGpWrEeaTyQImJrX6nt1mj87SE=w148-h148-n-k-no"
            },
            {
                "title": "Samovodska charshia market",
                "category": "Market",
                "img": "https://lh5.googleusercontent.com/p/AF1QipOlCahIi1XqGW72Bm3VIYqGksT5aTX8JRnHLm64=w148-h148-n-k-no"
            },
            {
                "title": "Patriarchal Cathedral of the Holy Ascension",
                "category": "Cathedral",
                "img": "https://lh5.googleusercontent.com/p/AF1QipNlThmQiM7V0aWGKMA4ICurBnRoqDiSe1Cc02iO=w148-h148-n-k-no"
            },
            {
                "title": "Marno Pole Park",
                "category": "Park and Garden",
                "url": "http://www.velikoturnovo.info/en/monuments/i54/Marno-Pole-Park.html",
                "img": "https://lh5.googleusercontent.com/p/AF1QipP3gXFximdUMOrcrpGz7DXLXLPc59BRJXwhOywy=w148-h148-n-k-no"
            },
            {
                "title": "Monastery of the Holy Transfiguration of God",
                "category": "Monastery",
                "img": "https://lh5.googleusercontent.com/p/AF1QipPcwgf9eyDxocPvBDXfGoQWyfj8spmUq9J0sQQe=w148-h148-n-k-no"
            },
            {
                "title": "Church of St. Peter and Paul",
                "category": "Orthodox church",
                "url": "http://www.museumvt.com/",
                "img": "https://lh5.googleusercontent.com/p/AF1QipP0ReD0au5Db6_tpFnQJ4MkzECBd2hD9w4sC4T_=w148-h148-n-k-no"
            },
            {
                "title": "Tower of Baldwin",
                "category": "Historical landmark",
                "img": "https://lh5.googleusercontent.com/p/AF1QipPJr-4jS3JKVT7Xp_akI0A6Y8oInVRnaINu6sq3=w148-h148-n-k-no"
            },
            {
                "title": "Museum \"Konstantsaliev house\"",
                "category": "History museum",
                "url": "http://www.museumvt.com/",
                "img": "https://lh5.googleusercontent.com/p/AF1QipPLucpaGv088XyrTHOuBM1htZN1-kBWASyQBvYL=w148-h148-n-k-no"
            }
        ],
        "Vratsa": [
            {
                "title": "Regional historical museum - Vratsa",
                "category": "History museum",
                "img": "https://lh5.googleusercontent.com/p/AF1QipOWwi8Hqs7qeyn1mTC27BUhgd7nvDB5MF9LeMDi=w148-h148-n-k-no"
            },
            {
                "title": "КЛУБ \"KARAMEL\"",
                "category": "Bar",
                "img": "https://lh5.googleusercontent.com/p/AF1QipNGDQTLJfwHxJO1Gc7RDzt_7zFK6d6N-SFtBIP0=w148-h148-n-k-no"
            },
            {
                "title": "Hristo Botev Stadium",
                "category": "Stadium",
                "img": "https://lh5.googleusercontent.com/p/AF1QipOxmwzrHzrQcP-rMjhu2dc8Rf7iCX6glksqDx-s=w148-h148-n-k-no"
            },
            {
                "title": "Hristo Botev Monument",
                "category": "Historical landmark",
                "img": "https://lh5.googleusercontent.com/p/AF1QipMG_mQuwUT0OU5pLXdY_RiGazFIl5Dr8qH8yWXU=w148-h148-n-k-no"
            },
            {
                "title": "Patriarchal Cathedral of St. Alexander Nevsky",
                "category": "Eastern Orthodox Church",
                "img": "https://lh5.googleusercontent.com/p/AF1QipMeBx8BVArzs3PclIzjIBSJAk5p89pC19gAiQfP=w148-h148-n-k-no"
            },
            {
                "title": "Dabnika Park",
                "category": "Park and Garden",
                "img": "https://lh5.googleusercontent.com/p/AF1QipNEu7QzC15mr58hOwtaiP2Ute1IcwfPkWLq8vZb=w148-h148-n-k-no"
            },
            {
                "title": "Lakatnik Rocks",
                "category": "Tourist attraction",
                "img": "https://lh5.googleusercontent.com/p/AF1QipNUXlPPtQAN6CLw4Xg2LW75Q72Jy3xZZ_DfOJcu=w148-h148-n-k-no"
            },
            {
                "title": "Eagle Travel 62 ltd.,",
                "category": "Travel Agent",
                "img": "https://lh5.googleusercontent.com/p/AF1QipPQZyW9FlxGec-rhYwrWLlaYVTp1FgscKVyOmag=w148-h148-n-k-no"
            },
            {
                "title": "National Palace of Culture Park",
                "category": "Park and Garden",
                "img": "https://lh5.googleusercontent.com/p/AF1QipOx1_2KhcIqpJBJ5eY3ee-3cAIbL1T0V07TMY3L=w148-h148-n-k-no"
            },
            {
                "title": "National Museum of Military History",
                "category": "Army museum",
                "img": "https://lh5.googleusercontent.com/p/AF1QipPrY8_YQQImmXbUk6-RmXaiMUGJYR782FEo8wle=w148-h148-n-k-no"
            },
            {
                "title": "Околчица",
                "category": "Mountain peak",
                "img": "https://lh5.googleusercontent.com/p/AF1QipOk_lrGISUQ3eLeIM1Qe766-G9Tmh7QoOLpeNgb=w148-h148-n-k-no"
            },
            {
                "title": "Cherepish Monastery",
                "category": "Monastery",
                "img": "https://lh5.googleusercontent.com/p/AF1QipPQ0ehkPWmehGKsg3sgghrpM5gnOzORxfTn09Es=w148-h148-n-k-no"
            },
            {
                "title": "Zaimov Park",
                "category": "Park and Garden",
                "img": "https://lh5.googleusercontent.com/p/AF1QipN6XMkiSeT2TU3_RtkCdEGCWmyWY9OU27ZVekeo=w148-h148-n-k-no"
            },
            {
                "title": "Ledenika Cave",
                "category": "Tourist attraction",
                "img": "https://lh5.googleusercontent.com/p/AF1QipPXsUVw8p1aaMz4t0T_1wNrhALININ-C429pQU7=w148-h148-n-k-no"
            },
            {
                "title": "The City Garden",
                "category": "Park and Garden",
                "img": "https://lh5.googleusercontent.com/p/AF1QipMwigOu3XNyUJJZnFopzZIoLixtKGuAFP8LVhYR=w148-h148-n-k-no"
            },
            {
                "title": "Mini-Bulgaria Park",
                "category": "History museum",
                "img": "https://lh5.googleusercontent.com/p/AF1QipPMaUleFAWdMiD2KQ_f7brSXecaahbtk_a9IJuY=w148-h148-n-k-no"
            }
        ],
        "Plovdiv": [
            {
                "title": "Ancient Theatre of Philippopolis",
                "category": "Historical landmark",
                "img": "https://lh5.googleusercontent.com/p/AF1QipPZ2ECIl3rycOGdBwWGVM2MxSXPprnXdVM1TIQM=w148-h148-n-k-no"
            },
            {
                "title": "“Tsar Simeon Garden” Park",
                "category": "Park and Garden",
                "img": "https://lh5.googleusercontent.com/p/AF1QipMTtIO6NXZVc0icJ-zh6X3GxUv48OtyC0o6tMt6=w148-h148-n-k-no"
            },
            {
                "title": "Ancient Stadium of Philipopolis",
                "category": "Historical landmark",
                "img": "https://lh5.googleusercontent.com/p/AF1QipOg6Q79UsjI_5cJAiJxbiCsZrkEuFVbQY2B_yCW=w148-h148-n-k-no"
            },
            {
                "title": "Old Town of Plovdiv",
                "category": "Historical landmark",
                "img": "https://lh5.googleusercontent.com/p/AF1QipNYx5he9NgnrO-S-m4_znjnLaYMjoU0VppOl7pz=w148-h148-n-k-no"
            },
            {
                "title": "Monument of the Red Army \"Alyosha\"",
                "category": "Monument",
                "img": "https://lh5.googleusercontent.com/p/AF1QipOWwMvgcnZcQhRjRZ46Kj4h_FuE6E1VxbWKrPLs=w148-h148-n-k-no"
            },
            {
                "title": "Regional Ethnographic Museum Plovdiv",
                "category": "Museum",
                "img": "https://lh5.googleusercontent.com/p/AF1QipPZRnDkpFVckDGZAdCvGzaOgorUS5tcCCnUEDQs=w148-h148-n-k-no"
            },
            {
                "title": "Singing Fountain",
                "category": "Tourist attraction",
                "img": "https://lh5.googleusercontent.com/p/AF1QipOHLrgGfT2Z_IGdB2OzPE2KeqVLD-JcgAi9GVwe=w148-h148-n-k-no"
            },
            {
                "title": "Nebet Tepe",
                "category": "Historical landmark",
                "img": "https://lh5.googleusercontent.com/p/AF1QipN70ksg_HMn1ZxFTFwuawmNK2c661WOu7tUaPt0=w148-h148-n-k-no"
            },
            {
                "title": "Hindliyan`s House",
                "category": "Museum",
                "img": "https://lh5.googleusercontent.com/p/AF1QipOLMJqLbmiRxG_1LyCL0qH3_IFcowoUCOaFYeti=w148-h148-n-k-no"
            },
            {
                "title": "Museum of Natural Sciences",
                "category": "Natural history museum",
                "img": "https://lh5.googleusercontent.com/p/AF1QipNx-WwQm5-OmhU_tbzpeYFUhbKJiN2sGe_RQNic=w148-h148-n-k-no"
            },
            {
                "title": "Bishop’s Basilica of Philippopolis",
                "category": "Museum",
                "img": "https://lh5.googleusercontent.com/p/AF1QipNdx6loEufyrEIh4IMutGVk3_V3zbs7mbDv06Ce=w148-h148-n-k-no"
            },
            {
                "title": "Balabanov's House",
                "category": "Museum",
                "img": "https://lh5.googleusercontent.com/p/AF1QipMt5NampiBMTw9PZ-Zj5mzXK4TFxNz7Loip3Sgq=w148-h148-n-k-no"
            },
            {
                "title": "Djumaya Mosque",
                "category": "Mosque",
                "img": "https://lh5.googleusercontent.com/p/AF1QipOJjA9WTedBulJXA1N5Q6GybIW4AwqeXpORO-Ph=w148-h148-n-k-no"
            },
            {
                "title": "Plovdiv Regional History Museum",
                "category": "Historical place museum",
                "img": "https://lh5.googleusercontent.com/p/AF1QipO623_q6wZs48PrzyTfkbFuMDfuoUWlLP9hyszF=w148-h148-n-k-no"
            },
            {
                "title": "Sveta Marina church",
                "category": "Eastern Orthodox Church",
                "img": "https://lh5.googleusercontent.com/p/AF1QipMWmlDBrFhumH1AMwMgl9vDlVMnr28NuHRvWIN0=w148-h148-n-k-no"
            },
            {
                "title": "Small Basilica Archeological Site (5th-6th century)",
                "category": "Museum",
                "img": "https://lh5.googleusercontent.com/p/AF1QipOR9bX3vZYMBTcMQvFlYFxOmWXkxeASTsQpmcHn=w148-h148-n-k-no"
            }
        ],
        "Varna": [
            {
                "title": "Sea Garden",
                "category": "Park and Garden",
                "url": "http://www.varna.bg/",
                "img": "https://lh5.googleusercontent.com/p/AF1QipM2di6lxUQW4t7Y0fMXjICNTZY6m_Kqwr5mh3Q=w148-h148-n-k-no"
            },
            {
                "title": "Dormition of the Mother of God Cathedral",
                "category": "Orthodox church",
                "url": "http://mitropolia-varna.org/",
                "img": "https://lh5.googleusercontent.com/p/AF1QipOWsO4glEzcfO2cFPZi_xxAnph-cMJPfAGA7SL0=w148-h148-n-k-no"
            },
            {
                "title": "Retro Museum",
                "category": "Museum",
                "url": "https://www.facebook.com/RetroMuseumBg/?ref=br_rs",
                "img": "https://lh5.googleusercontent.com/p/AF1QipOcS4stB_q5zvWoyuDOzMBYqj20PbmsDqGMQr2o=w148-h148-n-k-no"
            },
            {
                "title": "Archaeological Museum Varna",
                "category": "Archaeological museum",
                "url": "http://www.archaeo.museumvarna.com/",
                "img": "https://lh5.googleusercontent.com/proxy/5xXK9zWgd1_53U34pw_Zv57YKJc5LeaUV3HQx-JAEGErRFeHHNkjqFbgs9JCe5yGNILHGLTODduTXu-S4z4_tWQ_c6nmSENAXB8SGNKiryfc5q6dQfM0QxIdgV51RpXqLC6uvXa3vqQnUasQ4OtP5OGRWS-smw=w148-h148-n-k-no"
            },
            {
                "title": "Dolphinarium Varna",
                "category": "Aquarium",
                "url": "https://dolphinariumvarna.bg/",
                "img": "https://lh5.googleusercontent.com/p/AF1QipOlvBV8P9ilyqn0qvTOcxxEnzoz0eCNohBPFalj=w148-h148-n-k-no"
            },
            {
                "title": "University Botanical Garden Ecopark Varna",
                "category": "Botanical garden",
                "url": "http://www.ubg-bg.com/",
                "img": "https://lh5.googleusercontent.com/p/AF1QipM4W1ahirLpQvY0ykLpNQIxRzf6fqe1tjRoiPWK=w148-h148-n-k-no"
            },
            {
                "title": "Port Varna",
                "category": "Marina",
                "url": "http://www.port-varna.bg/",
                "img": "https://lh5.googleusercontent.com/p/AF1QipN5DuXiNYmYehnX_AgJxoOyQXKBJGiotROEZAqP=w148-h148-n-k-no"
            },
            {
                "title": "Aladzha Monastery",
                "category": "Monastery",
                "img": "https://lh5.googleusercontent.com/p/AF1QipO9vVcK79KVtXjQA2XyANLwsFn58ekO84goL5hd=w148-h148-n-k-no"
            },
            {
                "title": "Evksinograd Palace",
                "category": "Historical place",
                "url": "http://www.euxinograd.bg/en",
                "img": "https://lh5.googleusercontent.com/p/AF1QipPE80Ndq9P8lFvOrJwD33z20R3UYbyJwjgMBhuZ=w148-h148-n-k-no"
            },
            {
                "title": "Roman Thermae Varna",
                "category": "Archaeological site",
                "url": "https://www.archaeo.museumvarna.com/bg/other2/list/id/1",
                "img": "https://lh5.googleusercontent.com/p/AF1QipPywkuY4-3WxMhVPcIyOo5jDC7e_5yGCTaXrMNP=w148-h148-n-k-no"
            },
            {
                "title": "Butterfly House Varna",
                "category": "Museum",
                "url": "http://butterflyvarna.com/",
                "img": "https://lh5.googleusercontent.com/p/AF1QipPIUEdvDD9odgjupC2lfr6JauRWaSPnmS-ZbU75=w148-h148-n-k-no"
            },
            {
                "title": "Детски кът Варна",
                "category": "Amusement park",
                "img": "https://lh5.googleusercontent.com/p/AF1QipM38t2aZFNZhWLha9i3ECSkfqg2vs0scxq7v3ri=w148-h148-n-k-no"
            },
            {
                "title": "Varna Zoo",
                "category": "Zoo",
                "url": "http://varna-zoo.com/",
                "img": "https://lh5.googleusercontent.com/p/AF1QipNYAT7qFbRSy62kkD5Xg_dViuibVUHxPW1AM6Qv=w148-h148-n-k-no"
            },
            {
                "title": "Asparuhov park",
                "category": "City park",
                "url": "http://live.varna.bg/bg/parks/asparuhov-park.html",
                "img": "https://lh5.googleusercontent.com/p/AF1QipOQfc_P4yAUamINcTAHq3mwVSdF-8DkuXXKPt1t=w148-h148-n-k-no"
            },
            {
                "title": "Palace of Culture and Sports",
                "category": "Sports complex",
                "url": "http://palaceofvarna.com/",
                "img": "https://lh5.googleusercontent.com/p/AF1QipOjI9laE7s_YbZbIBgi7EBrEaAwC1EDRyGeCffi=w148-h148-n-k-no"
            },
            {
                "title": "Grand Mall",
                "category": "Shopping Centre",
                "url": "http://grandmall-varna.com/",
                "img": "https://lh5.googleusercontent.com/p/AF1QipMGfDRzGI0pjfAx0IFK2y9xtp00nvNzaoIetXYG=w148-h148-n-k-no"
            }
        ],
        "Ruse": [
            {
                "title": "Museum of urban life Kaliopa House",
                "category": "Museum",
                "img": "https://lh5.googleusercontent.com/p/AF1QipM0zSkXzo1etcJlafph7xOZiO_LMJm4OPM2-6Jw=w148-h148-n-k-no"
            },
            {
                "title": "“Sexaginta Prista” Port of the sixty ships fortress",
                "category": "Historical landmark",
                "url": "http://museumruse.com/",
                "img": "https://lh5.googleusercontent.com/p/AF1QipOHLALOH3iH_gk4hjKG_FmVYtc947aDVEmc7X2r=w148-h148-n-k-no"
            },
            {
                "title": "Courthouse",
                "category": "City courthouse",
                "url": "https://ruse-rs.justice.bg/",
                "img": "https://lh5.googleusercontent.com/p/AF1QipPG8GXbfBXC8dJM80D87jWUae-uhEJPdy8y9oVz=w148-h148-n-k-no"
            },
            {
                "title": "Holy Trinity Cathedral Church",
                "category": "Orthodox church",
                "img": "https://lh5.googleusercontent.com/p/AF1QipNiAkHrH0_v2jvf58PO5OuxWdVJ3dECTm3AaZoI=w148-h148-n-k-no"
            },
            {
                "title": "Lipnik Forest Park",
                "category": "Park and Garden",
                "img": "https://lh5.googleusercontent.com/p/AF1QipN9S9Mk4W63x9x1pxpRS_qlD37dQfhExly3ntZu=w148-h148-n-k-no"
            },
            {
                "title": "State Opera Ruse",
                "category": "Opera house",
                "url": "http://www.ruseopera.com/",
                "img": "https://lh5.googleusercontent.com/p/AF1QipOJYQSdUaNi0slPpnjoPum0dQwtPjfzTrwxGJW-=w148-h148-n-k-no"
            },
            {
                "title": "Orlova Chuka Cave",
                "category": "Tourist attraction",
                "url": "https://www.facebook.com/orlova.chuka.cave",
                "img": "https://lh5.googleusercontent.com/p/AF1QipPUu1pEmyMBUODAf3SesocJv3cJG5d_FpoxVA4=w148-h148-n-k-no"
            },
            {
                "title": "Vazata the flower vase",
                "category": "Park and Garden",
                "img": "https://lh5.googleusercontent.com/p/AF1QipPPIe2o0lJNNcvEEJ5NqVOQq-ZZD7Cu7CDUnBr0=w148-h148-n-k-no"
            },
            {
                "title": "Rock-Hewn Churches of Ivanovo",
                "category": "Monastery",
                "img": "https://lh5.googleusercontent.com/p/AF1QipMiZbIpkETarQ55eyS-MIoGxBgDaTiGdfNy6blz=w148-h148-n-k-no"
            },
            {
                "title": "Cherven Fortress",
                "category": "Archaeological museum",
                "img": "https://lh5.googleusercontent.com/p/AF1QipPNIhlmiEY99QFMvmYUInRmt2i6urvkkTZXyznM=w148-h148-n-k-no"
            },
            {
                "title": "Basarbovo Monastery",
                "category": "Monument",
                "url": "http://bg.wikipedia.org/wiki/%D0%91%D0%B0%D1%81%D0%B0%D1%80%D0%B1%D0%BE%D0%B2%D1%81%D0%BA%D0%B8_%D0%BC%D0%B0%D0%BD%D0%B0%D1%81%D1%82%D0%B8%D1%80",
                "img": "https://lh5.googleusercontent.com/p/AF1QipOYxFwA1kj9-KI9kfrKU_zMBwi0aj585O4KY-Yg=w148-h148-n-k-no"
            },
            {
                "title": "Rusenski Lom",
                "category": "River",
                "img": "https://lh5.googleusercontent.com/p/AF1QipM_uAYkDIoEBqq5JA0aT4K_iigoU5E8O-11tB31=w148-h148-n-k-no"
            },
            {
                "title": "Pantheon of National Revival Heroes",
                "category": "Monument",
                "img": "https://lh5.googleusercontent.com/p/AF1QipOx28pqSd0uvA9JtGY5d6V_Fpc7WRdelIfApbtI=w148-h148-n-k-no"
            },
            {
                "title": "Regional Historical Museum",
                "category": "Local history museum",
                "url": "https://www.museumruse.com/",
                "img": "https://lh5.googleusercontent.com/p/AF1QipOfBYJZEC5t5_p0rN1eI8M2NaTVgJmZDlX9mU0N=w148-h148-n-k-no"
            },
            {
                "title": "National Museum of Transport and Communications",
                "category": "Museum",
                "url": "https://fan.bdz.bg/en/museum-of-transport/muzei-na-transporta-gr-ruse.html",
                "img": "https://lh5.googleusercontent.com/p/AF1QipN_tax-g0L6y42MPzotmAX6vFeLWlBAr65CQOjZ=w148-h148-n-k-no"
            },
            {
                "title": "Cherven",
                "category": "Locality",
                "img": "https://lh5.googleusercontent.com/p/AF1QipMT3TAgrEebmlvCNy5NAoNd_a6x38zdyLGUAQNr=w148-h148-n-k-no"
            }
        ],
        "Kardzhali": [
            {
                "title": "City Garden, Kardzhali",
                "category": "Park and Garden",
                "img": "https://lh5.googleusercontent.com/p/AF1QipPJnwC33maLEtFlJNC3LAJxMCWwSvBrzrOpxI-V=w148-h148-n-k-no"
            },
            {
                "title": "Regional Museum of History Kardzhali",
                "category": "History museum",
                "url": "http://www.rim-kardzhali.bg/",
                "img": "https://lh5.googleusercontent.com/p/AF1QipPxAkX_jxqPZUhyXaTe8_CN1vX4y1cpmFPF5yw1=w148-h148-n-k-no"
            },
            {
                "title": "Park Recreation and Culture Prostor",
                "category": "Park and Garden",
                "img": "https://lh5.googleusercontent.com/p/AF1QipPSiWfFRd6grQ5Ftx_QFB61ucDdSwoTbiT36aIo=w148-h148-n-k-no"
            },
            {
                "title": "Arda Arena",
                "category": "Stadium",
                "url": "https://fcarda.bg/",
                "img": "https://lh5.googleusercontent.com/p/AF1QipNq0pNGxmih-vZWCjJZ8po3tztIm7ntcS9u6A_4=w148-h148-n-k-no"
            },
            {
                "title": "The stone wedding",
                "category": "Historical landmark",
                "img": "https://lh5.googleusercontent.com/p/AF1QipPxMEw9lDjYbV1Ck4Pqp6WIhnJFgnKDWaWEZHLo=w148-h148-n-k-no"
            },
            {
                "title": "Devil's bridge",
                "category": "Tourist attraction",
                "img": "https://lh5.googleusercontent.com/p/AF1QipNlRW6Ye9yyt3ekGdmUZHYWcOmmuCWSOZuKzfL1=w148-h148-n-k-no"
            },
            {
                "title": "Castle Ustra",
                "category": "Fortress",
                "img": "https://lh5.googleusercontent.com/p/AF1QipMPJAlG9RbPBhueYy7decypx0GIYEbQl0_MkD-W=w148-h148-n-k-no"
            },
            {
                "title": "Medieval monastery \"St. John the Baptist\"",
                "category": "Monastery",
                "url": "https://ioanprodrom.com/",
                "img": "https://lh5.googleusercontent.com/p/AF1QipO2lP88pZFYliSSrtaA3wSHNsM9BWGW9MCRTIYv=w148-h148-n-k-no"
            },
            {
                "title": "Ancient sanctuary city Perperikon",
                "category": "Historical landmark",
                "url": "http://perperikon.bg/",
                "img": "https://lh5.googleusercontent.com/p/AF1QipOv1b7uGB-5RbifTTTwKf972QP4kvRHrkuwcTew=w148-h148-n-k-no"
            },
            {
                "title": "Thracian cult complex “Orlovi skali”",
                "category": "Tourist attraction",
                "img": "https://lh5.googleusercontent.com/p/AF1QipN1VET9QEt5p3TiN0Xil-L_crdoqW_6txvECF3m=w148-h148-n-k-no"
            },
            {
                "title": "Художествена галерия „Станка Димитрова“",
                "category": "Art gallery",
                "img": "https://lh5.googleusercontent.com/p/AF1QipMQx41tOCURQXKza-2SvfULmYdsaPOdU81TyjJE=w148-h148-n-k-no"
            },
            {
                "title": "Mushroom Rocks",
                "category": "Tourist attraction",
                "img": "https://lh5.googleusercontent.com/p/AF1QipNS_kDAQOTw8M-Pogv7z9Q_d7YBNeZ8WgZshvDX=w148-h148-n-k-no"
            },
            {
                "title": "Utroba (Womb) Cave & Thracian Sanctuary",
                "category": "Tourist attraction",
                "url": "https://travelfinder.bg/places/bulgaria/rhodopes/kardzhali/wonders/the-womb-cave/",
                "img": "https://lh5.googleusercontent.com/p/AF1QipPl6zt2UXizheWIZ0eL3qLH-ELTrffHzcAqz9Sq=w148-h148-n-k-no"
            }
        ],
        "Pazardzhik": [
            {
                "title": "Pazardzhik History Museum",
                "category": "Local history museum",
                "url": "https://museum-pz.com/",
                "img": "https://lh5.googleusercontent.com/p/AF1QipPHFzOPC4Ri0OWJOqP8S-Q4dMoz9XeNchfEs5pt=w148-h148-n-k-no"
            },
            {
                "title": "\"Svoboda\" Park Island",
                "category": "Park and Garden",
                "img": "https://lh5.googleusercontent.com/p/AF1QipMF5EJmW1vkcmM5q24TxHDrd70IocVKikNbejUO=w148-h148-n-k-no"
            },
            {
                "title": "Zvanichevo",
                "category": "Locality",
                "img": "https://lh5.googleusercontent.com/p/AF1QipPuNNVYv2zF5Do2-wJyYEtbo5nsZeZ5GaLMhyje=w148-h148-n-k-no"
            },
            {
                "title": "Spa Hotel Kleptuza",
                "category": "Hotel",
                "url": "http://www.hotel-kleptuza.com/",
                "img": "https://lh3.googleusercontent.com/proxy/94mk8XFL-4SMXRsq5GONuqQ-Cdi0l2yXawKxAe6NoIA26b2KP4Xj_vqDZP-U1dJmOAYoecZ6YPt0WK_pyBxgltvIuj7UCIx_P2VjdW5SMGCAB2Q9RzB1ruXxg3VMwbx7a9h82_MDzDDKBCFduvKfGow8PcOu7A=w148-h148-n-k-no"
            },
            {
                "title": "Cave Snejanka",
                "category": "Tourist attraction",
                "url": "https://peshterasnejanka.com/",
                "img": "https://lh5.googleusercontent.com/p/AF1QipPZbGTHzxulbkBMf1GH-ZMKOCpNXFrDhcKxIEQU=w148-h148-n-k-no"
            },
            {
                "title": "Bessa Valley Winery",
                "category": "Winery",
                "url": "https://bessavalley.com/",
                "img": "https://lh5.googleusercontent.com/p/AF1QipPnCKCZFTBu8lQwIfbeLeL7C8QbnZU-NSM1w4yJ=w148-h148-n-k-no"
            },
            {
                "title": "Lepenitsa Cave",
                "category": "Tourist attraction",
                "url": "https://www.facebook.com/%D0%9F%D0%B5%D1%89%D0%B5%D1%80%D0%B0-%D0%9B%D0%B5%D0%BF%D0%B5%D0%BD%D0%B8%D1%86%D0%B0-%D0%A0%D0%B0%D0%BA%D0%B8%D1%82%D0%BE%D0%B2%D0%BE-104942557999280",
                "img": "https://lh5.googleusercontent.com/p/AF1QipO-Y05sWHfkD6DxXH1OkCMjpb1-Xakerq4EnkEW=w148-h148-n-k-no"
            },
            {
                "title": "Batak Reservoir",
                "category": "Reservoir",
                "img": "https://lh5.googleusercontent.com/p/AF1QipPxcke8ebvDW7trhvUDxmCTxB_FA5JLC7zVpul0=w148-h148-n-k-no"
            },
            {
                "title": "Park “Kleptuza”",
                "category": "Park and Garden",
                "img": "https://lh5.googleusercontent.com/p/AF1QipOZOTXlbRF6A58pdmPmvpNDZz67U1Fxdm7qKLCg=w148-h148-n-k-no"
            }
        ],
        "Haskovo": [
            {
                "title": "Monument of the Holy Mother of God",
                "category": "Historical landmark",
                "img": "https://lh5.googleusercontent.com/p/AF1QipPeS3QXO1EgdN3nxtHNCyAaeiNvqWpPWGoIx3qt=w148-h148-n-k-no"
            },
            {
                "title": "Kenana Park zoo",
                "category": "Zoo",
                "img": "https://lh5.googleusercontent.com/p/AF1QipOyEpK9pS2aqBgzCuTuXDDJePp_od1RH0iQ2v8w=w148-h148-n-k-no"
            },
            {
                "title": "Haskovo Zoo",
                "category": "Zoo",
                "img": "https://lh5.googleusercontent.com/p/AF1QipOIg9KkT6rQs1OcanI7kck3wBPKckyt9eVTiTAa=w148-h148-n-k-no"
            },
            {
                "title": "Авангард Голд / Avangard Gold - Златарски Магазин",
                "category": "Jewellery Store",
                "img": "https://lh5.googleusercontent.com/p/AF1QipNnfs1Hwoq56_kGuBWVpeIg422gWDfOUE1bP3oX=w148-h148-n-k-no"
            },
            {
                "title": "Kenana Park",
                "category": "City park",
                "img": "https://lh5.googleusercontent.com/p/AF1QipNRMVThuNoCbUQA9A7-50m4iH6YunQVtiC46gPw=w148-h148-n-k-no"
            },
            {
                "title": "“Vaptsarov” Park",
                "category": "Park and Garden",
                "img": "https://lh5.googleusercontent.com/p/AF1QipNcchn_-KU38XKxOjZNFY2hBMYuzrSR8u_001VD=w148-h148-n-k-no"
            },
            {
                "title": "\"Penyo Penev\" Park",
                "category": "Park and Garden",
                "img": "https://lh5.googleusercontent.com/p/AF1QipNOWOa1XnbJ6zO_lAeZVdLxfapI3i_ItysJDtKZ=w148-h148-n-k-no"
            },
            {
                "title": "“Maritza” Park",
                "category": "Park and Garden",
                "img": "https://lh5.googleusercontent.com/p/AF1QipOWR61AYr7q_ExtJEFBbsglEjrye49DGy8nlYC1=w148-h148-n-k-no"
            },
            {
                "title": "Club Sense",
                "category": "Nightclub",
                "img": "https://lh5.googleusercontent.com/p/AF1QipNAnL1TEZRSd_kNQo3F2FHSi_mh2rAaGKhwzm8=w148-h148-n-k-no"
            },
            {
                "title": "Uzundzhovo Church",
                "category": "Orthodox church",
                "img": "https://lh5.googleusercontent.com/p/AF1QipMRaqNTjcI5dT4yaULN13NUhG3XWr2Gob1DLTo=w148-h148-n-k-no"
            },
            {
                "title": "Thracian tomb of Aleksandrovo",
                "category": "Museum",
                "img": "https://lh5.googleusercontent.com/p/AF1QipPiu3xeEJCfnynA6eC_LB-3aEieSIGdlXcEPGKP=w148-h148-n-k-no"
            },
            {
                "title": "Thracian Tumulus at Mezek",
                "category": "Historical place museum",
                "img": "https://lh5.googleusercontent.com/p/AF1QipMKfhcFvhHfiy59UtVLMR264cGc1kaGo-WpeWEx=w148-h148-n-k-no"
            },
            {
                "title": "Tundzha River",
                "category": "River",
                "img": "https://lh5.googleusercontent.com/p/AF1QipO646KiClty8QFNm-8v3_XrM2ATp5t468rXpJP1=w148-h148-n-k-no"
            },
            {
                "title": "Mezek fortress (Neoutzikon)",
                "category": "Fortress",
                "img": "https://lh5.googleusercontent.com/p/AF1QipNqA0YPWKzIBHk8t0DwUP_y1_40iHuj0ONn-T4d=w148-h148-n-k-no"
            },
            {
                "title": "Крепостта Лютица",
                "category": "Castle",
                "img": "https://lh5.googleusercontent.com/p/AF1QipPfa_4tVEfnOS6qgn7Gla1VkEVVhIncn8v1k37n=w148-h148-n-k-no"
            },
            {
                "title": "Villa Armira",
                "category": "Archaeological museum",
                "img": "https://lh5.googleusercontent.com/p/AF1QipN6ET01wD_7qVVYK-He_d5h3CcWQLeXwYHoNOWa=w148-h148-n-k-no"
            }
        ],
        "Asenovgrad": [
            {
                "title": "“Tsar Simeon Garden” Park",
                "category": "Park and Garden",
                "img": "https://lh5.googleusercontent.com/p/AF1QipMTtIO6NXZVc0icJ-zh6X3GxUv48OtyC0o6tMt6=w148-h148-n-k-no"
            },
            {
                "title": "Monument of the Red Army \"Alyosha\"",
                "category": "Monument",
                "img": "https://lh5.googleusercontent.com/p/AF1QipOWwMvgcnZcQhRjRZ46Kj4h_FuE6E1VxbWKrPLs=w148-h148-n-k-no"
            },
            {
                "title": "Asen's Fortress",
                "category": "Fortress",
                "url": "https://www.asenova-krepost.eu/",
                "img": "https://lh5.googleusercontent.com/p/AF1QipP2JpEl_IfEkKbaOaYjHWDpJBFF-Ltjzvz02P48=w148-h148-n-k-no"
            },
            {
                "title": "Monument of Unification",
                "category": "Historical landmark",
                "url": "http://www.visitplovdiv.com/",
                "img": "https://lh5.googleusercontent.com/p/AF1QipOEk5Qlz6jhIm5TL8EDflFS8YesNd2Ca_H4oZVr=w148-h148-n-k-no"
            },
            {
                "title": "Ancient Theatre of Philippopolis",
                "category": "Historical landmark",
                "url": "http://www.oldplovdiv.bg/",
                "img": "https://lh5.googleusercontent.com/p/AF1QipPZ2ECIl3rycOGdBwWGVM2MxSXPprnXdVM1TIQM=w148-h148-n-k-no"
            },
            {
                "title": "Bachkovo Monastery \"Uspenie Bogorodichno\"",
                "category": "Monastery",
                "url": "http://www.bachkovskimanastir.com/",
                "img": "https://lh5.googleusercontent.com/p/AF1QipOfvw_Mg_RsrZSMr7uUS1-pRyqjrdU8gfeatklg=w148-h148-n-k-no"
            },
            {
                "title": "Arapovo Monastery",
                "category": "Monastery",
                "url": "http://www.plovdivskamitropolia.bg/",
                "img": "https://lh5.googleusercontent.com/p/AF1QipMAnX414D4zB906ghsTuR6SDHXQUL0u6mmDRXXd=w148-h148-n-k-no"
            }
        ],
        "Sliven": [
            {
                "title": "Art Gallery Dimitar Dobrovich",
                "category": "Art gallery",
                "url": "https://gallerysliven.com/",
                "img": "https://lh5.googleusercontent.com/p/AF1QipPgxVqV16Yt0Vhsb0FsiPUPhKbVE878FSDpwnps=w148-h148-n-k-no"
            },
            {
                "title": "Regional History Museum of Sliven",
                "category": "History museum",
                "url": "http://museum.sliven.net/",
                "img": "https://lh5.googleusercontent.com/p/AF1QipNUUY4wLm2u35Fdpl0EOTWc7E89hJy2JNmcnPpP=w148-h148-n-k-no"
            },
            {
                "title": "Tuida Castle",
                "category": "Fortress",
                "url": "http://tuidacastle.sliven.bg/",
                "img": "https://lh5.googleusercontent.com/p/AF1QipMlmOB-pJJkC3wFtbx52fLxrWBi7H34ssheLrox=w148-h148-n-k-no"
            },
            {
                "title": "Къща-музей „Йордан Йовков“",
                "category": "Museum",
                "url": "https://opoznai.bg/view/kashta-muzei-iordan-iovkov-jeravna",
                "img": "https://lh5.googleusercontent.com/p/AF1QipPEaGRfAbwcpIILfYritdxtb6RTuh-H-EeBLP-x=w148-h148-n-k-no"
            },
            {
                "title": "Hadzhi Dimitar Museum-House",
                "category": "Museum",
                "url": "https://museum.sliven.net/obekti-hadji-dimitar",
                "img": "https://lh5.googleusercontent.com/p/AF1QipPUfrpzw1Fiu_xEcBpZ6S75r3Z_hBxP2y69Fjcv=w148-h148-n-k-no"
            }
        ],
        "Shumen": [
            {
                "title": "Historical Museum",
                "category": "Museum",
                "url": "http://museum-shumen.eu/",
                "img": "https://lh5.googleusercontent.com/p/AF1QipNiXAFOvDgp50iilXViNkERjztFj6R2MV7tIuY3=w148-h148-n-k-no"
            },
            {
                "title": "Park Kyoshkovete",
                "category": "Park and Garden",
                "url": "https://www.shumen.bg/administratsiya/kmet/",
                "img": "https://lh5.googleusercontent.com/p/AF1QipMLRnRyVi8D5DbZjSg1wri3RmgpKDzd5sqQbeYO=w148-h148-n-k-no"
            },
            {
                "title": "Tourist Infomation Centre",
                "category": "Visitor centre",
                "url": "https://visitshumen.bg/",
                "img": "https://lh5.googleusercontent.com/p/AF1QipPIkpdpfA0GFZ5X-Z1B3Q0PWinuFNIdiQr9Od5_=w148-h148-n-k-no"
            },
            {
                "title": "Biserna Cave (Zandana)",
                "category": "Tourist attraction",
                "url": "http://shumenskoplato.bg/%D0%BF%D0%B5%D1%89%D0%B5%D1%80%D0%B0-%D0%B1%D0%B8%D1%81%D0%B5%D1%80%D0%BD%D0%B0/",
                "img": "https://lh5.googleusercontent.com/p/AF1QipPHYrIXQdxPkh2apAIJSUb1lVhlUllheUiwLtiu=w148-h148-n-k-no"
            },
            {
                "title": "Historical and archaeological reserve Shumen Fortress",
                "category": "Tourist attraction",
                "url": "https://museum-shumen.eu/%D0%B8%D1%81%D1%82%D0%BE%D1%80%D0%B8%D0%BA%D0%BE-%D0%B0%D1%80%D1%85%D0%B5%D0%BE%D0%BB%D0%BE%D0%B3%D0%B8%D1%87%D0%B5%D1%81%D0%BA%D0%B8-%D1%80%D0%B5%D0%B7%D0%B5%D1%80%D0%B2%D0%B0%D1%82-%D1%88%D1%83/",
                "img": "https://lh5.googleusercontent.com/p/AF1QipNkvAER6Is6r2LAFyDZJ-Pp6vRYPU9CO-XWHR12=w148-h148-n-k-no"
            },
            {
                "title": "Founders of the Bulgarian State Monument",
                "category": "Open-Air Museum",
                "url": "http://www.ab-bg.com/bg1300",
                "img": "https://lh5.googleusercontent.com/p/AF1QipM1fv4fGwhX6pMsKn68HTOcZWvIFoV9ytEC5he_=w148-h148-n-k-no"
            },
            {
                "title": "Pаrk \"Studentski\"",
                "category": "Amusement park",
                "img": "https://lh5.googleusercontent.com/p/AF1QipOi4r2qz7uROyt20wPu89Xo4VIEJhYRJf-dG_7M=w148-h148-n-k-no"
            },
            {
                "title": "Discotheque Kolizeum",
                "category": "Night Club",
                "url": "https://www.facebook.com/colosseum.danceclub.9/",
                "img": "https://lh5.googleusercontent.com/p/AF1QipNg1Uae5c5JYej8YBDHbj76dvoV7RocmwCZ82wy=w148-h148-n-k-no"
            },
            {
                "title": "Pliska Museum of National History and Archaeology",
                "category": "Archaeological museum",
                "url": "http://xn----7sbb3acmfmvip.bg/",
                "img": "https://lh5.googleusercontent.com/p/AF1QipN4t5rUDCS1gZrUfn1Cx-l1B3DH-m31WxniwKm7=w148-h148-n-k-no"
            },
            {
                "title": "Great Basilica, Pliska",
                "category": "Museum",
                "url": "http://xn----7sbb3acmfmvip.bg/",
                "img": "https://lh5.googleusercontent.com/p/AF1QipNt4xRWj3EHLehI_C9dpHA-_xDmyJatPeszaYk4=w148-h148-n-k-no"
            },
            {
                "title": "Madara Horseman",
                "category": "Historical landmark",
                "img": "https://lh5.googleusercontent.com/p/AF1QipMbqop5MX2LsL2MpBP9loWw6Kiyyf4w3NsOGQLR=w148-h148-n-k-no"
            },
            {
                "title": "Shumen Plateau Nature Park",
                "category": "Nature reserve",
                "url": "http://shumenskoplato.bg/",
                "img": "https://lh5.googleusercontent.com/p/AF1QipNLxbkNNEfshowbFMKZgrKM8pB8uVwO09rbFGtp=w148-h148-n-k-no"
            },
            {
                "title": "Shumen Fortress",
                "category": "Building",
                "img": "https://lh5.googleusercontent.com/p/AF1QipPHbQd2eAeCtNY6oH7QbRvqs50Y6q_FDAEvMb91=w148-h148-n-k-no"
            },
            {
                "title": "NATIONAL HISTORY-ARCHAEOLOGICAL RESERVE",
                "category": "History museum",
                "img": "https://lh5.googleusercontent.com/p/AF1QipMUYfkHn1dGNwVO_N9aPgi80iyeMzf6kA1l0M2_=w148-h148-n-k-no"
            },
            {
                "title": "Veliki Preslav",
                "category": "Locality",
                "img": "https://lh5.googleusercontent.com/p/AF1QipO_bdNkHAf2JK-y4NHTGUT2-AX0J91pBAdYSfXK=w148-h148-n-k-no"
            }
        ],
        "Blagoevgrad": [
            {
                "title": "Monument of Gotse Delchev",
                "category": "Historical landmark",
                "img": "https://lh5.googleusercontent.com/p/AF1QipOGeTGKOnAJL0JKbP0PXQOO3pG0y3eOXOaUI1WI=w148-h148-n-k-no"
            },
            {
                "title": "Largo Mall",
                "category": "Shopping Centre",
                "url": "http://www.largocenter.bg/",
                "img": "https://lh5.googleusercontent.com/p/AF1QipNXlnN4c3B8UVavPoAu6cCTqgPcFUuBMyq9NprT=w148-h148-n-k-no"
            },
            {
                "title": "Регионален исторически музей Благоевград",
                "category": "History museum",
                "url": "http://museumbld.com/",
                "img": "https://lh5.googleusercontent.com/p/AF1QipNEiUzIZITdO-M-1fipV58gonh2pKyDirFh0uFf=w148-h148-n-k-no"
            },
            {
                "title": "Hotel PARK Bachinovo",
                "category": "Hotel",
                "url": "https://www.hotel-park-bachinovo.bg/",
                "img": "https://lh5.googleusercontent.com/p/AF1QipO2QJYXY6j4B5yQi_nC1eX3-MyAhqfczvew_jyS=w148-h148-n-k-no"
            },
            {
                "title": "Ski & Board Traventuria",
                "category": "Ski shop",
                "url": "http://www.skibansko.bg/",
                "img": "https://lh5.googleusercontent.com/p/AF1QipNDuvVKUKYBmD2a_q0O9gX72TOYv9HDL2nuCn63=w148-h148-n-k-no"
            },
            {
                "title": "Mega Ski Center - Bansko ski hire & rent",
                "category": "Ski shop",
                "url": "http://banskoskihire.com/",
                "img": "https://lh5.googleusercontent.com/p/AF1QipNZ6oupfpZN-BlC3jco5jd16x4UdfPFUXpeN_O8=w148-h148-n-k-no"
            },
            {
                "title": "Villa Melnik",
                "category": "Winery",
                "url": "http://www.villamelnik.com/",
                "img": "https://lh5.googleusercontent.com/p/AF1QipMEElZqQnw14qaQ4e_Tf-nzAO33dQ4_jPCOWXSp=w148-h148-n-k-no"
            },
            {
                "title": "Kartala Ski Resort",
                "category": "Ski resort",
                "url": "http://www.kartalaskipark.com/",
                "img": "https://lh5.googleusercontent.com/p/AF1QipNU9zws2qFB-mjlbYXad7HVeIdzTkcjDzO9z9iH=w148-h148-n-k-no"
            },
            {
                "title": "Rozhen Monastery",
                "category": "Monastery",
                "img": "https://lh5.googleusercontent.com/p/AF1QipNcUaI5FWvEAerX6jTh45x_7h2Cl98huukoYP90=w148-h148-n-k-no"
            },
            {
                "title": "Sankiyski Ski Snowboard Hire & School in Bansko",
                "category": "Ski Hire Service",
                "url": "http://www.sankiyskischool.com/",
                "img": "https://lh5.googleusercontent.com/p/AF1QipMrH4Syxeq5eXqszEHiqQcxm1BUYlgIGrI9tBHV=w148-h148-n-k-no"
            },
            {
                "title": "TOTEM Ski & Snowboard Bansko",
                "category": "Ski shop",
                "url": "http://www.totemskibansko.com/",
                "img": "https://lh5.googleusercontent.com/p/AF1QipMCnVuyVmW4u-ikfZlEYlUiP-tYDp2l68Ef3b9a=w148-h148-n-k-no"
            },
            {
                "title": "Pirin National Park",
                "category": "National park",
                "url": "http://pirin.bg/",
                "img": "https://lh5.googleusercontent.com/p/AF1QipOi0ZZviC_iOs_Fqi1W4M8Nsda-zyBTQlzBkc0k=w148-h148-n-k-no"
            },
            {
                "title": "Kordopulov House",
                "category": "Museum",
                "url": "http://www.kordopulova-house.com/",
                "img": "https://lh5.googleusercontent.com/p/AF1QipNNYRclXOHdAYLfkBKD0QMctBfQM67H4CdFjIpM=w148-h148-n-k-no"
            },
            {
                "title": "Recovery Lounge Bansko",
                "category": "Spa and health club",
                "img": "https://lh5.googleusercontent.com/p/AF1QipMBgffcrLaLrPJkM7alkqMRSeIZu_8iZuvw6xwY=w148-h148-n-k-no"
            },
            {
                "title": "Peak Bezbog",
                "category": "Tourist attraction",
                "img": "https://lh5.googleusercontent.com/p/AF1QipOzDE8sOiLIPrRD42B_3OAhwXpqXiNJDZUfhvQu=w148-h148-n-k-no"
            },
            {
                "title": "Sandanski",
                "category": "Locality",
                "img": "https://lh6.googleusercontent.com/proxy/uLsEn7yeCs4bdCFkU0MVfpQxeqEChuuATT_mpkmSYglFI9IUIrwA6F-pxjOP3ovKfZzSjmAcJiWQuL_f506F7Q0YcTOeKxFTNaNQ0DktwYXaMvvbJC-Q2XgsqVZriH7__QCIPqqs5bLUemeYyjG1MMdvT5TtLA=w148-h148-n-k-no"
            }
        ],
        "Burgas": [
            {
                "title": "The Sea Garden",
                "category": "Park and Garden",
                "url": "http://www.burgas.bg/",
                "img": "https://lh5.googleusercontent.com/p/AF1QipMKo5VKWjHlS9b-AhHlByvPCqYNXx-wzfnOqYd_=w148-h148-n-k-no"
            },
            {
                "title": "Mall Galleria Burgas",
                "category": "Shopping Centre",
                "url": "https://galleriaburgas.bg/",
                "img": "https://lh5.googleusercontent.com/p/AF1QipMjP6cZILMrfMeOdhcHyZmvJr1Kjvq_UxC_0fmm=w148-h148-n-k-no"
            },
            {
                "title": "Church Saints Cyril and Methodius",
                "category": "Orthodox church",
                "img": "https://lh5.googleusercontent.com/p/AF1QipOlB9obu-ey3ddORLaNqep6LVv0RMlNDVtWj-9x=w148-h148-n-k-no"
            },
            {
                "title": "Dino Park",
                "category": "Amusement park",
                "url": "https://www.facebook.com/profile.php?id=100088712860493",
                "img": "https://lh5.googleusercontent.com/p/AF1QipMv6_FxyNccMMcwWEj1NKP462q5TDMHpPV73Z9l=w148-h148-n-k-no"
            },
            {
                "title": "Акве калиде – Термополис",
                "category": "Thermal Baths",
                "url": "http://www.aquae-calidae.com/",
                "img": "https://lh5.googleusercontent.com/p/AF1QipNfSDcOfS_1lPQ8c_cwu4IvRgUVWxTllwZtZi8g=w148-h148-n-k-no"
            },
            {
                "title": "Aviomuseum Burgas",
                "category": "Museum",
                "url": "http://www.avioburgas.bg/",
                "img": "https://lh5.googleusercontent.com/p/AF1QipMJX1gpG9SI0PRXNZ97J-akoXT4kdpJwOGez256=w148-h148-n-k-no"
            },
            {
                "title": "Плаж Бургас - Beach Burgas",
                "category": "Beach",
                "url": "https://www.gotoburgas.com/bg/places-to-go/44",
                "img": "https://lh5.googleusercontent.com/p/AF1QipML0UzY57NUqWwCfQszgjuHkFbsq4lgprlPR71w=w148-h148-n-k-no"
            },
            {
                "title": "Playground, Mall Galleria",
                "category": "Playground",
                "url": "http://www.playground.bg/bg/",
                "img": "https://lh5.googleusercontent.com/p/AF1QipPCQLpmKEwcj1pAbNtjHFj4tdVoBTXgBUrYTPRO=w148-h148-n-k-no"
            },
            {
                "title": "Archaeological Museum Burgas",
                "category": "Archaeological museum",
                "url": "http://www.burgasmuseums.bg/",
                "img": "https://lh5.googleusercontent.com/p/AF1QipPXnNuwqTbvOXWHGz2p_YExrc7dZ4P9aLSWj-lj=w148-h148-n-k-no"
            },
            {
                "title": "Ethnographic Museum Burgas",
                "category": "Ethnographic museum",
                "url": "http://www.burgasmuseums.bg/",
                "img": "https://lh5.googleusercontent.com/p/AF1QipOqLFDYzg5STOc5-Ll33iqS80mkasxnX61FkDUu=w148-h148-n-k-no"
            },
            {
                "title": "St. Anastasia Island",
                "category": "Island",
                "img": "https://lh5.googleusercontent.com/p/AF1QipOqeQK6fZ-t_dFTUiS4cafe8iRvkMjfUm-6pRsh=w148-h148-n-k-no"
            },
            {
                "title": "The Pier of Burgas",
                "category": "Fishing Pier",
                "url": "http://gotoburgas.com/",
                "img": "https://lh5.googleusercontent.com/p/AF1QipPOT2PGpffJKd0Dzmrz4gp5UK-X6Smosyg7qQYV=w148-h148-n-k-no"
            },
            {
                "title": "Sunset Aquapark Pomorie",
                "category": "Water park",
                "url": "https://www.sunsetaquapark.bg/?utm_source=gmb&utm_medium=search",
                "img": "https://lh5.googleusercontent.com/p/AF1QipOMRU-oZFAsLWzQyFFBjSMGTGwqacBCbfBXAMzh=w148-h148-n-k-no"
            },
            {
                "title": "Nature Conservation Center Poda",
                "category": "Nature reserve",
                "url": "http://bspb.org/poda",
                "img": "https://lh5.googleusercontent.com/p/AF1QipOoyRBd6x1Dyfu8xdmXXvTvyMrWVZcKDLTJcjE8=w148-h148-n-k-no"
            },
            {
                "title": "Salt Museum",
                "category": "Museum",
                "url": "https://pomorie-historical-museum.com/obekti-kam-muzeya/filial-muzey-na-solta.html",
                "img": "https://lh5.googleusercontent.com/p/AF1QipOFN1diume1c90EGVjQdJRTEqWbVe2sDQEwl5X3=w148-h148-n-k-no"
            },
            {
                "title": "Kavatsite",
                "category": "Beach",
                "url": "http://www.gid-bolgaria.ru/",
                "img": "https://lh5.googleusercontent.com/p/AF1QipPQtLmmUKf4N763IHR38lmkg4Ogh7Xu5kvTN9wV=w148-h148-n-k-no"
            }
        ],
        "Dobrich": [
            {
                "title": "Bacardi Club",
                "category": "Club",
                "img": "https://lh5.googleusercontent.com/p/AF1QipO14TgjZAnthFQStV9a2fy8H_bcAt20AOV951RI=w148-h148-n-k-no"
            },
            {
                "title": "Yaylata",
                "category": "National reserve",
                "url": "http://kamenbryag.info/yailata/",
                "img": "https://lh5.googleusercontent.com/p/AF1QipMd9L9n-CVjDzSahb_0imhsjeHdHO0X8eQrDIkN=w148-h148-n-k-no"
            },
            {
                "title": "Balchik Dvoretsa Palace and Park",
                "category": "Historical landmark",
                "url": "http://www.dvoreca.com/",
                "img": "https://lh5.googleusercontent.com/p/AF1QipO1O_ZMhyCtQ81Nhk5DRJxRPeON9xCCq3qhqryH=w148-h148-n-k-no"
            },
            {
                "title": "Adora Beach",
                "category": "Tourist attraction",
                "url": "https://www.adora.fun/",
                "img": "https://lh5.googleusercontent.com/p/AF1QipMLDRZFUIVIDlx4HsRSrgZsJHuMRBxJ6dMadEAz=w148-h148-n-k-no"
            },
            {
                "title": "Добрички зоопарк - Център за Защита на Природата и Животните",
                "category": "Zoo",
                "url": "https://www.zoocentredobrich.com/",
                "img": "https://lh5.googleusercontent.com/p/AF1QipPV33IuL3zKP5vccZgqaGi2dNl1kISyK5MawplW=w148-h148-n-k-no"
            },
            {
                "title": "Lake Dryan",
                "category": "Park and Garden",
                "img": "https://lh5.googleusercontent.com/p/AF1QipN4naNSF_CSacR5O2Y6vp2DXKUEEELVU67-Q--6=w148-h148-n-k-no"
            },
            {
                "title": "Аrcheological park \"Durankulak Lake\"",
                "category": "Historical landmark",
                "url": "http://www.dobrichmuseum.bg/index.php/bg/research/archaeology-research/30-arheologicheskiyat-kompleks-durankulashko-ezero-priroda-ekologiya-i-otkritiya",
                "img": "https://lh5.googleusercontent.com/p/AF1QipO9_OTc4edDZrwDQrMQSloGAapnzmcHvCrJtgYx=w148-h148-n-k-no"
            },
            {
                "title": "Durankulak Beach",
                "category": "Beach",
                "url": "http://durankulak.alle.bg/",
                "img": "https://lh5.googleusercontent.com/p/AF1QipPbajscnsR6x7ccy-G70N8ER7pEN-slXCmnzaLX=w148-h148-n-k-no"
            },
            {
                "title": "Bendida Beach",
                "category": "Beach",
                "url": "http://www.thraciancliffs.com/",
                "img": "https://lh5.googleusercontent.com/p/AF1QipN1dvyEjjWvlAVwJne-GPvbVqERyFfwzMILq0uV=w148-h148-n-k-no"
            },
            {
                "title": "Shabla Lighthouse",
                "category": "Monument",
                "url": "https://shabla.bg/%D0%BA%D0%BE%D0%BD%D1%82%D0%B0%D0%BA%D1%82%D0%B8/",
                "img": "https://lh5.googleusercontent.com/p/AF1QipPy9LErefc6w3OKGOrasLYbAETUtdpVtGtqQVYy=w148-h148-n-k-no"
            },
            {
                "title": "Rusalka Beach",
                "category": "Beach",
                "img": "https://lh5.googleusercontent.com/p/AF1QipPhfT70hQ8EFle_CB8bBWURXTVfLiyJdQP5eW6G=w148-h148-n-k-no"
            },
            {
                "title": "Visit Bulgaria Bespoke Tours & Activities",
                "category": "Outdoor activity organiser",
                "url": "http://www.visitbulgariaon.com/",
                "img": "https://lh5.googleusercontent.com/p/AF1QipPuxOUvrLQOlbBt5qK1UdGUbQ7xOZAmsm0nZLUu=w148-h148-n-k-no"
            },
            {
                "title": "Cape Kaliakra",
                "category": "Scenic point",
                "url": "https://varnamaps.eu/kaliakra-bolata/",
                "img": "https://lh5.googleusercontent.com/p/AF1QipNhnhfXwr1NfobV6wdTaTZWgKhTcPYcIsnt3Bec=w148-h148-n-k-no"
            },
            {
                "title": "Albena Beach",
                "category": "Beach",
                "url": "http://albena.bg/",
                "img": "https://lh5.googleusercontent.com/p/AF1QipOU5QabChY6_oog8TPjGkTkHgQ8f87hi2n2K5_j=w148-h148-n-k-no"
            },
            {
                "title": "Tyulenovo",
                "category": "Locality",
                "img": "https://lh5.googleusercontent.com/p/AF1QipNq4zua5bgC0j9fPLzuSwG6N5B7VGlOtNUFCGbd=w148-h148-n-k-no"
            },
            {
                "title": "Balchik",
                "category": "Locality",
                "img": "https://lh5.googleusercontent.com/p/AF1QipNyLEigRiAuw5c5MVOjJAM20hMj4Q7luMMkjcre=w148-h148-n-k-no"
            }
        ]
    },
    "sights": [
        {
            "title": "Rila Monastery",
            "category": "Monastery",
            "url": "https://rilskimanastir.org/",
            "img": "https://lh6.googleusercontent.com/proxy/RMUu9HZD586p8skuVb7Ug7KFw4d2VnUkQfSedttMV6G1kMBG3rHcRUm87HFWyP5qsdJx_n4s7mflsa-kLJedBIB9KUXdMu-gELdJWp-3-CFh_T4YLnvUDE6QM8kCSi4fqcXP4gLb_EWATullDqDioUsBDFUtJXI=w148-h148-n-k-no"
        },
        {
            "title": "Patriarchal Cathedral of St. Alexander Nevsky",
            "category": "Eastern Orthodox Church",
            "url": "http://www.cathedral.bg/",
            "img": "https://lh5.googleusercontent.com/p/AF1QipMeBx8BVArzs3PclIzjIBSJAk5p89pC19gAiQfP=w148-h148-n-k-no"
        },
        {
            "title": "Pirin National Park",
            "category": "National park",
            "url": "http://pirin.bg/",
            "img": "https://lh5.googleusercontent.com/p/AF1QipOi0ZZviC_iOs_Fqi1W4M8Nsda-zyBTQlzBkc0k=w148-h148-n-k-no"
        },
        {
            "title": "Ancient Theatre of Philippopolis",
            "category": "Historical landmark",
            "url": "http://www.oldplovdiv.bg/",
            "img": "https://lh5.googleusercontent.com/p/AF1QipPZ2ECIl3rycOGdBwWGVM2MxSXPprnXdVM1TIQM=w148-h148-n-k-no"
        },
        {
            "title": "National Theater \"Ivan Vazov\"",
            "category": "Performing arts theatre",
            "url": "http://www.nationaltheatre.bg/",
            "img": "https://lh5.googleusercontent.com/p/AF1QipNI14Yx3u99ffBo35ozLfPQdPok7qdhOJkxU8QK=w148-h148-n-k-no"
        },
        {
            "title": "Church of St. Nicholas the Miraclemaker",
            "category": "Orthodox church",
            "url": "http://podvorie-sofia.bg/bg/main/",
            "img": "https://lh5.googleusercontent.com/p/AF1QipMGWXVJuGb5_hT0wub8laMP8BR3FV6Ofc7XOgtP=w148-h148-n-k-no"
        },
        {
            "title": "Tsarevets Fortress",
            "category": "Fortress",
            "url": "https://museumvt.com/",
            "img": "https://lh5.googleusercontent.com/p/AF1QipMeazc45HaeUot_K9dPMWGcguHk5UBkiXFKY2jR=w148-h148-n-k-no"
        },
        {
            "title": "Aquapark Nessebar | Аквапарк Несебър",
            "category": "Water park",
            "url": "http://www.aquaparknessebar.bg/",
            "img": "https://lh5.googleusercontent.com/p/AF1QipOS37Se7QsPWGoSXoWJ0N1pqffFrLFgaiPPaqnl=w148-h148-n-k-no"
        },
        {
            "title": "Retro Museum",
            "category": "Museum",
            "url": "https://www.facebook.com/RetroMuseumBg/?ref=br_rs",
            "img": "https://lh5.googleusercontent.com/p/AF1QipOcS4stB_q5zvWoyuDOzMBYqj20PbmsDqGMQr2o=w148-h148-n-k-no"
        },
        {
            "title": "National Palace of Culture (NDK)",
            "category": "Cultural centre",
            "url": "http://www.ndk.bg/",
            "img": "https://lh5.googleusercontent.com/p/AF1QipO0Jy-zMIkAaxpEZJu0aVZ4fPN2FSysXdBhLYio=w148-h148-n-k-no"
        },
        {
            "title": "Balchik Dvoretsa Palace and Park",
            "category": "Historical landmark",
            "url": "http://www.dvoreca.com/",
            "img": "https://lh5.googleusercontent.com/p/AF1QipO1O_ZMhyCtQ81Nhk5DRJxRPeON9xCCq3qhqryH=w148-h148-n-k-no"
        },
        {
            "title": "National Museum of History",
            "category": "History museum",
            "url": "http://www.historymuseum.org/",
            "img": "https://lh5.googleusercontent.com/p/AF1QipPSzBcUwuPSXxvaEp2Kl6BO_lkO2tqUEJeeRyu_=w148-h148-n-k-no"
        },
        {
            "title": "Devetashka Cave",
            "category": "Tourist attraction",
            "url": "http://devetakiplateau.org/",
            "img": "https://lh5.googleusercontent.com/p/AF1QipPzj0aqpUotTcKn3mBFYezPiNYKHI0lldy6zjXZ=w148-h148-n-k-no"
        },
        {
            "title": "Prohodna Cave",
            "category": "Tourist attraction",
            "url": "https://nikolay100.com/travel/en/prohodna-cave-the-eyes-of-god/",
            "img": "https://lh5.googleusercontent.com/p/AF1QipN4CYp_cSPaAvJ0b2N2QpJZ3YecEAg1c7BlzGdB=w148-h148-n-k-no"
        },
        {
            "title": "Ancient orthodox rounda church \"Saint George\" (4th century)",
            "category": "Orthodox church",
            "url": "http://svgeorgi-rotonda.com/",
            "img": "https://lh3.googleusercontent.com/proxy/1Ew1MbDsNbCbVuCldQvLpqC18ilWJggAyxmzfU7i5BpD3qzxaa2QnZl08_zPL37o5pbvc4EDTswiLHfDW7ApjUDWtoiUBJhKpg7URAhTOnuFQf3I-wWtQbqv2ntkrkezcCTP_3a5saDrA5S4MQE8jG2v-rPC2-k=w148-h148-n-k-no"
        },
        {
            "title": "Regional History Museum of Sofia",
            "category": "Local history museum",
            "url": "http://www.sofiahistorymuseum.bg/",
            "img": "https://lh5.googleusercontent.com/p/AF1QipNgA81oAbQyW_XmXwVvoR1Gll7c6tSEoZN7JjKE=w148-h148-n-k-no"
        }
    ]
}