{
    "cities": {
        "Bohicon": [
            {
                "title": "The Museum of the Zinsou Foundation",
                "category": "Modern art museum",
                "url": "http://www.fondation-zinsou.org/",
                "img": "https://lh5.googleusercontent.com/p/AF1QipNrxQRKiG5qPse0qqmNBXht3i68KEPVIvFVpQsM=w148-h148-n-k-no"
            },
            {
                "title": "Ouidah Museum of History (Portuguese Fort)",
                "category": "Museum",
                "img": "https://lh5.googleusercontent.com/p/AF1QipMLIGqdXngNpNjePtHmr9xlVpRgcWOmUo5DVPay=w148-h148-n-k-no"
            },
            {
                "title": "Our Lady of Arigbo Cave Catholic Church",
                "category": "Catholic church",
                "img": "https://lh5.googleusercontent.com/p/AF1QipOyerFuIHRbi7_9NpZCDbfhIkDCYEij7bMu2_54=w148-h148-n-k-no"
            },
            {
                "title": "Place des Martyrs",
                "category": "Museum",
                "img": "https://lh5.googleusercontent.com/p/AF1QipNMGPS7KRlU8um4vx88yVLsW9Dg4iRUMHUL0pJ2=w148-h148-n-k-no"
            },
            {
                "title": "Lake Nokoue",
                "category": "Lake",
                "img": "https://lh5.googleusercontent.com/p/AF1QipMn8-VVaPPwS-FzyzOvXrEKLsAdTsW3MwkXthfL=w148-h148-n-k-no"
            },
            {
                "title": "Grande Mosquée de Porto Novo",
                "category": "Mosque",
                "img": "https://lh5.googleusercontent.com/p/AF1QipOQHiNj8okI1Hc_IjhSfJDlXHoaKTNbhr3HHy9n=w148-h148-n-k-no"
            },
            {
                "title": "Honmè Museum",
                "category": "Historical place museum",
                "img": "https://lh5.googleusercontent.com/p/AF1QipPv1PbEKQYI-R5oqDxnlOJARzgjlAiA6-RXaAkR=w148-h148-n-k-no"
            },
            {
                "title": "Great Mosque of Zongo",
                "category": "Mosque",
                "img": "https://lh5.googleusercontent.com/p/AF1QipM2U0OemwPZSYgz_E4zDC-A7bCXM6dpNwut2NIs=w148-h148-n-k-no"
            },
            {
                "title": "Centre de Promotion de l'Artisanat",
                "category": "Compound grounds",
                "img": "https://lh5.googleusercontent.com/p/AF1QipNltNmZdDoqRNyz4EJzjuQqVQmLsZahSdWg2LDT=w148-h148-n-k-no"
            },
            {
                "title": "Place des Martyrs",
                "category": "Monument",
                "img": "https://lh5.googleusercontent.com/p/AF1QipMkWeuXaBJMtldL-wc6KdSF27tBl_XtTsEPOn-g=w148-h148-n-k-no"
            },
            {
                "title": "Institut Français du Bénin",
                "category": "Cultural centre",
                "img": "https://lh5.googleusercontent.com/p/AF1QipMWRAX8uTwkVeU3cqMmJpEGdIu0HlMalweaPXEw=w148-h148-n-k-no"
            },
            {
                "title": "EYA Centre Communautaire",
                "category": "Recreation Centre",
                "url": "https://eyacenter.com/",
                "img": "https://lh5.googleusercontent.com/p/AF1QipMXGvZ_SWKPYxnBSP9XD7i4_v2a7FrKDVLZmwKB=w148-h148-n-k-no"
            },
            {
                "title": "Memorial de Zoungbodji",
                "category": "Tourist attraction",
                "img": "https://lh5.googleusercontent.com/p/AF1QipOiXKGAu5o1HfQpEUXV8TPNabqIAXNgZPrDexAr=w148-h148-n-k-no"
            },
            {
                "title": "Pythons Temple",
                "category": "Tourist attraction",
                "url": "https://www.africatourvisa.com/benin/ouidah/",
                "img": "https://lh5.googleusercontent.com/p/AF1QipOsFFSICiKTVpTZZ20ULjFVouszAlYM7ghRRPP9=w148-h148-n-k-no"
            },
            {
                "title": "Fidjrossè Beach",
                "category": "Park and Garden",
                "img": "https://lh5.googleusercontent.com/p/AF1QipOzlMQaqmmk9T0dZwZJRoWPVaT_YA-Bph4MZPgZ=w148-h148-n-k-no"
            },
            {
                "title": "Toffa",
                "category": "Place of worship",
                "img": "https://lh5.googleusercontent.com/p/AF1QipNlDjhATIm1WP97n047k2uesxvJLXizGHA73yxW=w148-h148-n-k-no"
            }
        ],
        "Kandi": [
            {
                "title": "Imambara Garden",
                "category": "Garden",
                "img": "https://lh5.googleusercontent.com/p/AF1QipO-zjsUqgmhscKxDslrZQfF1ly9FGrlNYZr0DE4=w148-h148-n-k-no"
            },
            {
                "title": "Rabindra Sarobar",
                "category": "Lake",
                "img": "https://lh5.googleusercontent.com/p/AF1QipPZk1dpxCLC2oS-hQ5rYhX-BheH4ZpLFj-gVPvG=w148-h148-n-k-no"
            },
            {
                "title": "Hazarduari Palace & Museum",
                "category": "Historical place museum",
                "img": "https://lh5.googleusercontent.com/p/AF1QipP7JTHRhnyUE6jUUY5AqgQyP6YbCQHAS65NAt2T=w148-h148-n-k-no"
            },
            {
                "title": "KATRA MASJID",
                "category": "Historical landmark",
                "img": "https://lh5.googleusercontent.com/p/AF1QipN2lyPQXeiWOA2hfsjDezLXDJHTDmq6R6mq8-V9=w148-h148-n-k-no"
            },
            {
                "title": "Shree Kiriteswari Shaktipeeth Temple",
                "category": "Hindu temple",
                "img": "https://lh5.googleusercontent.com/p/AF1QipPSMIWi3lPgLRP9uIZcrD86wcSVHaFQUbcjpSa4=w148-h148-n-k-no"
            },
            {
                "title": "JAHAN KOSHA CANNON",
                "category": "Historical place",
                "img": "https://lh5.googleusercontent.com/p/AF1QipOhMc8XCQe6fpcOtYia9nYfqMC-LlHQt6PmRija=w148-h148-n-k-no"
            },
            {
                "title": "Char Bangla Temple",
                "category": "Hindu temple",
                "img": "https://lh5.googleusercontent.com/p/AF1QipOzA8uq2D7Rr_diIAKWIbvL7NLLYV5xLnvj7aL2=w148-h148-n-k-no"
            },
            {
                "title": "House of Jagat Seth",
                "category": "Historical landmark",
                "img": "https://lh5.googleusercontent.com/p/AF1QipOCUeaoOk-_WdITi7M6qRo2jX4OMFMZZqxkvxLk=w148-h148-n-k-no"
            },
            {
                "title": "Khosbag Garden",
                "category": "Park and Garden",
                "img": "https://lh5.googleusercontent.com/p/AF1QipM-SGfyJHWh0yk9FsqbQYyp8zsgwtnO-Oh7nrWY=w148-h148-n-k-no"
            },
            {
                "title": "Motijhil Park Road",
                "category": "Trail",
                "img": "https://lh5.googleusercontent.com/p/AF1QipNfda_mz7FFEiPdmJwKdZX_pi06ZhzStTcDno2q=w148-h148-n-k-no"
            },
            {
                "title": "Kathgola",
                "category": "Neighborhood",
                "img": "https://lh5.googleusercontent.com/p/AF1QipNCPzpU-qIYVADwciT6ptKEPo_hx3VxtZ8jZgH2=w148-h148-n-k-no"
            },
            {
                "title": "Jalangi River",
                "category": "River",
                "img": "https://lh5.googleusercontent.com/p/AF1QipPQvyYaWZlvvYggWqmMaeo0s7celoYZVKKuXWA1=w148-h148-n-k-no"
            }
        ],
        "Parakou": [],
        "Kérou": [],
        "Ekpé": [
            {
                "title": "Jardin des Plantes et de la Nature (JPN)",
                "category": "Botanical garden",
                "img": "https://lh5.googleusercontent.com/p/AF1QipNXuya5PWs3PRCAI755No1iffDo1POqjPn2feDq=w148-h148-n-k-no"
            },
            {
                "title": "Grand Popo",
                "category": "Locality",
                "img": "https://lh5.googleusercontent.com/p/AF1QipNgpSrRKc8B9lVUk1v8H2vAxrjJ6_gmNeOoxPBn=w148-h148-n-k-no"
            },
            {
                "title": "Palais Royal d'Allada",
                "category": "Museum",
                "img": "https://lh5.googleusercontent.com/p/AF1QipP_98f8yaQYDnQ2f5vguPLoiOCkXRx-F0kUQ-N5=w148-h148-n-k-no"
            },
            {
                "title": "Our Lady of Arigbo Cave Catholic Church",
                "category": "Catholic church",
                "img": "https://lh5.googleusercontent.com/p/AF1QipOyerFuIHRbi7_9NpZCDbfhIkDCYEij7bMu2_54=w148-h148-n-k-no"
            },
            {
                "title": "Abomey",
                "category": "Locality",
                "img": "https://lh5.googleusercontent.com/p/AF1QipMHzQros5TnYaVZttWlER4-V5y1cOwmtrnSMXAf=w148-h148-n-k-no"
            },
            {
                "title": "Great Mosque of Zongo",
                "category": "Mosque",
                "img": "https://lh5.googleusercontent.com/p/AF1QipM2U0OemwPZSYgz_E4zDC-A7bCXM6dpNwut2NIs=w148-h148-n-k-no"
            },
            {
                "title": "Honmè Museum",
                "category": "Historical place museum",
                "img": "https://lh5.googleusercontent.com/p/AF1QipPv1PbEKQYI-R5oqDxnlOJARzgjlAiA6-RXaAkR=w148-h148-n-k-no"
            },
            {
                "title": "Institut Français du Bénin",
                "category": "Cultural centre",
                "img": "https://lh5.googleusercontent.com/p/AF1QipMWRAX8uTwkVeU3cqMmJpEGdIu0HlMalweaPXEw=w148-h148-n-k-no"
            },
            {
                "title": "Centre de Promotion de l'Artisanat",
                "category": "Compound grounds",
                "img": "https://lh5.googleusercontent.com/p/AF1QipNltNmZdDoqRNyz4EJzjuQqVQmLsZahSdWg2LDT=w148-h148-n-k-no"
            },
            {
                "title": "Place des Martyrs",
                "category": "Monument",
                "img": "https://lh5.googleusercontent.com/p/AF1QipMkWeuXaBJMtldL-wc6KdSF27tBl_XtTsEPOn-g=w148-h148-n-k-no"
            },
            {
                "title": "EYA Centre Communautaire",
                "category": "Recreation Centre",
                "url": "https://eyacenter.com/",
                "img": "https://lh5.googleusercontent.com/p/AF1QipMXGvZ_SWKPYxnBSP9XD7i4_v2a7FrKDVLZmwKB=w148-h148-n-k-no"
            },
            {
                "title": "Grande Mosquée de Porto Novo",
                "category": "Mosque",
                "img": "https://lh5.googleusercontent.com/p/AF1QipOQHiNj8okI1Hc_IjhSfJDlXHoaKTNbhr3HHy9n=w148-h148-n-k-no"
            },
            {
                "title": "Obama beach",
                "category": "Restaurant",
                "img": "https://lh5.googleusercontent.com/p/AF1QipNNUdHZr-HtcfRRIuVHDijyxsRq_CYX_oOhMguR=w148-h148-n-k-no"
            },
            {
                "title": "Etoile rouge",
                "category": "Monument",
                "img": "https://lh5.googleusercontent.com/p/AF1QipMIdIYkNnkHWwz5C1rO0a8fp7pq3iZG2fXZzLEc=w148-h148-n-k-no"
            },
            {
                "title": "Toffa",
                "category": "Place of worship",
                "img": "https://lh5.googleusercontent.com/p/AF1QipNlDjhATIm1WP97n047k2uesxvJLXizGHA73yxW=w148-h148-n-k-no"
            },
            {
                "title": "Memorial de Zoungbodji",
                "category": "Tourist attraction",
                "img": "https://lh5.googleusercontent.com/p/AF1QipOiXKGAu5o1HfQpEUXV8TPNabqIAXNgZPrDexAr=w148-h148-n-k-no"
            }
        ],
        "Abomey": [
            {
                "title": "Abomey Historical Museum",
                "category": "Local history museum",
                "img": "https://lh5.googleusercontent.com/p/AF1QipNvuPZcRBDPGvCH90FTswq2pPwfSM5TbqdUxomf=w148-h148-n-k-no"
            },
            {
                "title": "Place GOHO",
                "category": "Monument",
                "img": "https://lh5.googleusercontent.com/p/AF1QipMUqPFocx1kW0vnk-tHdcXKXtoFscAwhYIUYjc7=w148-h148-n-k-no"
            },
            {
                "title": "Temple vodoun HWEMU",
                "category": "Religious destination",
                "img": "https://lh5.googleusercontent.com/p/AF1QipPepLB8iXlIoUry0znhX1x8VUujN5wFo_JbjcP9=w148-h148-n-k-no"
            },
            {
                "title": "Behanzin Statue",
                "category": "Monument",
                "img": "https://lh5.googleusercontent.com/p/AF1QipOP7USH1kuKtzwTFDgRjCgcY2lmu1BwozncBOFX=w148-h148-n-k-no"
            },
            {
                "title": "Stade Omnisport d'Abomey",
                "category": "Stadium",
                "img": "https://lh5.googleusercontent.com/p/AF1QipOi3gl1yfBa1mhsAfM46AKlZlBymihy9v2qfapW=w148-h148-n-k-no"
            },
            {
                "title": "Palais Royal GBINDÔDO",
                "category": "Museum",
                "img": "https://lh5.googleusercontent.com/p/AF1QipNMawTfgyOGIKxE5z_WoEZfTl_UJrgouwm2eHCK=w148-h148-n-k-no"
            },
            {
                "title": "Exhibition of the King Béhanzin in his Royal Palace",
                "category": "History museum",
                "img": "https://lh5.googleusercontent.com/p/AF1QipMJYfhraAwybdLbWHnGvOzKMvYWWAMPNvZLLSQP=w148-h148-n-k-no"
            },
            {
                "title": "Carrefour ZAKPO Bohicon",
                "category": "Tourist attraction",
                "img": "https://lh5.googleusercontent.com/p/AF1QipPg-47eQGEAKEUX4dGZ1HHb1TZX6W6uVOFC-aIW=w148-h148-n-k-no"
            },
            {
                "title": "Palais Royal d'Allada",
                "category": "Museum",
                "img": "https://lh5.googleusercontent.com/p/AF1QipP_98f8yaQYDnQ2f5vguPLoiOCkXRx-F0kUQ-N5=w148-h148-n-k-no"
            },
            {
                "title": "Obama beach",
                "category": "Restaurant",
                "img": "https://lh5.googleusercontent.com/p/AF1QipNNUdHZr-HtcfRRIuVHDijyxsRq_CYX_oOhMguR=w148-h148-n-k-no"
            },
            {
                "title": "Basilique, Caméléon",
                "category": "Corporate office",
                "img": "https://lh5.googleusercontent.com/p/AF1QipPAtHXbCscr_9-HZWxMcCEuoygKRm3gyPqpscf4=w148-h148-n-k-no"
            },
            {
                "title": "Great Mosque of Zongo",
                "category": "Mosque",
                "img": "https://lh5.googleusercontent.com/p/AF1QipM2U0OemwPZSYgz_E4zDC-A7bCXM6dpNwut2NIs=w148-h148-n-k-no"
            },
            {
                "title": "Our Lady of Arigbo Cave Catholic Church",
                "category": "Catholic church",
                "img": "https://lh5.googleusercontent.com/p/AF1QipOyerFuIHRbi7_9NpZCDbfhIkDCYEij7bMu2_54=w148-h148-n-k-no"
            },
            {
                "title": "Institut Français du Bénin",
                "category": "Cultural centre",
                "img": "https://lh5.googleusercontent.com/p/AF1QipMWRAX8uTwkVeU3cqMmJpEGdIu0HlMalweaPXEw=w148-h148-n-k-no"
            },
            {
                "title": "EYA Centre Communautaire",
                "category": "Recreation Centre",
                "url": "https://eyacenter.com/",
                "img": "https://lh5.googleusercontent.com/p/AF1QipMXGvZ_SWKPYxnBSP9XD7i4_v2a7FrKDVLZmwKB=w148-h148-n-k-no"
            },
            {
                "title": "Grande Mosquée de Porto Novo",
                "category": "Mosque",
                "img": "https://lh5.googleusercontent.com/p/AF1QipOQHiNj8okI1Hc_IjhSfJDlXHoaKTNbhr3HHy9n=w148-h148-n-k-no"
            }
        ],
        "Nikki": [],
        "Cotonou": [
            {
                "title": "Amazon Statue",
                "category": "Sculpture",
                "img": "https://lh5.googleusercontent.com/p/AF1QipO-G2VL4brSH-Yy_kzALcsXQ66brpiGWkquVmTX=w148-h148-n-k-no"
            },
            {
                "title": "Fidjrossè Beach",
                "category": "Park and Garden",
                "img": "https://lh5.googleusercontent.com/p/AF1QipOzlMQaqmmk9T0dZwZJRoWPVaT_YA-Bph4MZPgZ=w148-h148-n-k-no"
            },
            {
                "title": "Place des Martyrs",
                "category": "Museum",
                "img": "https://lh5.googleusercontent.com/p/AF1QipNMGPS7KRlU8um4vx88yVLsW9Dg4iRUMHUL0pJ2=w148-h148-n-k-no"
            },
            {
                "title": "Lagune de Cotonou",
                "category": "Water",
                "img": "https://lh5.googleusercontent.com/p/AF1QipO9Z6cLAS5Jj2big3e9GqjPsRFvavX4m3lfnaw=w148-h148-n-k-no"
            },
            {
                "title": "Dantokpa Market",
                "category": "Market",
                "img": "https://lh5.googleusercontent.com/p/AF1QipNgFCp0fs-dxs_VHcvK1rSHlCM9cvHw8goWj73N=w148-h148-n-k-no"
            },
            {
                "title": "Obama beach",
                "category": "Restaurant",
                "img": "https://lh5.googleusercontent.com/p/AF1QipNNUdHZr-HtcfRRIuVHDijyxsRq_CYX_oOhMguR=w148-h148-n-k-no"
            },
            {
                "title": "Cathédrale Notre-Dame-de-Miséricorde de Cotonou",
                "category": "Cathedral",
                "img": "https://lh5.googleusercontent.com/p/AF1QipPOa9zWPXS_eZLej8rbBd8PHKFi63351xuYFM8E=w148-h148-n-k-no"
            },
            {
                "title": "Place des Martyrs",
                "category": "Monument",
                "img": "https://lh5.googleusercontent.com/p/AF1QipMkWeuXaBJMtldL-wc6KdSF27tBl_XtTsEPOn-g=w148-h148-n-k-no"
            },
            {
                "title": "Centre de Promotion de l'Artisanat",
                "category": "Compound grounds",
                "img": "https://lh5.googleusercontent.com/p/AF1QipNltNmZdDoqRNyz4EJzjuQqVQmLsZahSdWg2LDT=w148-h148-n-k-no"
            },
            {
                "title": "Esplanade des Amazones",
                "category": "Historical landmark",
                "img": "https://lh5.googleusercontent.com/p/AF1QipOfsiDByCrOHGyrbWJTy4bJ21HZxq2WSHtQJ9Ld=w148-h148-n-k-no"
            },
            {
                "title": "Great Mosque of Zongo",
                "category": "Mosque",
                "img": "https://lh5.googleusercontent.com/p/AF1QipM2U0OemwPZSYgz_E4zDC-A7bCXM6dpNwut2NIs=w148-h148-n-k-no"
            },
            {
                "title": "General Mathieu Kerekou Friendship Stadium",
                "category": "Stadium",
                "img": "https://lh5.googleusercontent.com/p/AF1QipOBJRsuG26DphgQMX_qbApmu2XJSIH52QaqWjCj=w148-h148-n-k-no"
            },
            {
                "title": "Institut Français du Bénin",
                "category": "Cultural centre",
                "img": "https://lh5.googleusercontent.com/p/AF1QipMWRAX8uTwkVeU3cqMmJpEGdIu0HlMalweaPXEw=w148-h148-n-k-no"
            },
            {
                "title": "EYA Centre Communautaire",
                "category": "Recreation Centre",
                "img": "https://lh5.googleusercontent.com/p/AF1QipMXGvZ_SWKPYxnBSP9XD7i4_v2a7FrKDVLZmwKB=w148-h148-n-k-no"
            },
            {
                "title": "Ganvie",
                "category": "Locality",
                "img": "https://lh5.googleusercontent.com/p/AF1QipNWBI4fi0TJDLi5_kvDzPROQ1cS0SwmPd5xLJQ0=w148-h148-n-k-no"
            },
            {
                "title": "Bab's Dock",
                "category": "Recreation Centre",
                "img": "https://lh5.googleusercontent.com/p/AF1QipN_LRgttrw6IXelv7K_2j6e8J3C7apU3t1uakzF=w148-h148-n-k-no"
            }
        ],
        "Abomey-Calavi": [
            {
                "title": "Eglise Sainte Joséphine Bakhita",
                "category": "Church",
                "img": "https://lh5.googleusercontent.com/p/AF1QipNQZOk6Bo2YE7mH5BWN5cHcSZRvcFN17fyoLhBc=w148-h148-n-k-no"
            },
            {
                "title": "Eglise Catholique St Paul Zogbadjè",
                "category": "Catholic church",
                "img": "https://lh5.googleusercontent.com/p/AF1QipP6l3ejv2CC_DF-otEVsohE7nHu-ywQpYiq88jF=w148-h148-n-k-no"
            },
            {
                "title": "Lagune de Cotonou",
                "category": "Water",
                "img": "https://lh5.googleusercontent.com/p/AF1QipO9Z6cLAS5Jj2big3e9GqjPsRFvavX4m3lfnaw=w148-h148-n-k-no"
            },
            {
                "title": "Obama beach",
                "category": "Restaurant",
                "img": "https://lh5.googleusercontent.com/p/AF1QipNNUdHZr-HtcfRRIuVHDijyxsRq_CYX_oOhMguR=w148-h148-n-k-no"
            },
            {
                "title": "The Museum of the Zinsou Foundation",
                "category": "Modern art museum",
                "url": "http://www.fondation-zinsou.org/",
                "img": "https://lh5.googleusercontent.com/p/AF1QipNrxQRKiG5qPse0qqmNBXht3i68KEPVIvFVpQsM=w148-h148-n-k-no"
            },
            {
                "title": "Place des Martyrs",
                "category": "Monument",
                "img": "https://lh5.googleusercontent.com/p/AF1QipMkWeuXaBJMtldL-wc6KdSF27tBl_XtTsEPOn-g=w148-h148-n-k-no"
            },
            {
                "title": "Centre de Promotion de l'Artisanat",
                "category": "Compound grounds",
                "img": "https://lh5.googleusercontent.com/p/AF1QipNltNmZdDoqRNyz4EJzjuQqVQmLsZahSdWg2LDT=w148-h148-n-k-no"
            },
            {
                "title": "Lake Nokoue",
                "category": "Lake",
                "img": "https://lh5.googleusercontent.com/p/AF1QipMn8-VVaPPwS-FzyzOvXrEKLsAdTsW3MwkXthfL=w148-h148-n-k-no"
            },
            {
                "title": "Palais Royal d'Allada",
                "category": "Museum",
                "img": "https://lh5.googleusercontent.com/p/AF1QipP_98f8yaQYDnQ2f5vguPLoiOCkXRx-F0kUQ-N5=w148-h148-n-k-no"
            },
            {
                "title": "Our Lady of Arigbo Cave Catholic Church",
                "category": "Catholic church",
                "img": "https://lh5.googleusercontent.com/p/AF1QipOyerFuIHRbi7_9NpZCDbfhIkDCYEij7bMu2_54=w148-h148-n-k-no"
            },
            {
                "title": "Ouidah Museum of History (Portuguese Fort)",
                "category": "Museum",
                "img": "https://lh5.googleusercontent.com/p/AF1QipMLIGqdXngNpNjePtHmr9xlVpRgcWOmUo5DVPay=w148-h148-n-k-no"
            },
            {
                "title": "Great Mosque of Zongo",
                "category": "Mosque",
                "img": "https://lh5.googleusercontent.com/p/AF1QipM2U0OemwPZSYgz_E4zDC-A7bCXM6dpNwut2NIs=w148-h148-n-k-no"
            },
            {
                "title": "General Mathieu Kerekou Friendship Stadium",
                "category": "Stadium",
                "img": "https://lh5.googleusercontent.com/p/AF1QipOBJRsuG26DphgQMX_qbApmu2XJSIH52QaqWjCj=w148-h148-n-k-no"
            },
            {
                "title": "Fidjrossè Beach",
                "category": "Park and Garden",
                "img": "https://lh5.googleusercontent.com/p/AF1QipOzlMQaqmmk9T0dZwZJRoWPVaT_YA-Bph4MZPgZ=w148-h148-n-k-no"
            },
            {
                "title": "Cathédrale Notre-Dame-de-Miséricorde de Cotonou",
                "category": "Cathedral",
                "img": "https://lh5.googleusercontent.com/p/AF1QipPOa9zWPXS_eZLej8rbBd8PHKFi63351xuYFM8E=w148-h148-n-k-no"
            },
            {
                "title": "Dantokpa Market",
                "category": "Market",
                "img": "https://lh5.googleusercontent.com/p/AF1QipNgFCp0fs-dxs_VHcvK1rSHlCM9cvHw8goWj73N=w148-h148-n-k-no"
            }
        ],
        "Godomè": [
            {
                "title": "Place des Martyrs",
                "category": "Museum",
                "img": "https://lh5.googleusercontent.com/p/AF1QipNMGPS7KRlU8um4vx88yVLsW9Dg4iRUMHUL0pJ2=w148-h148-n-k-no"
            },
            {
                "title": "Palais Royal d'Allada",
                "category": "Museum",
                "img": "https://lh5.googleusercontent.com/p/AF1QipP_98f8yaQYDnQ2f5vguPLoiOCkXRx-F0kUQ-N5=w148-h148-n-k-no"
            },
            {
                "title": "Our Lady of Arigbo Cave Catholic Church",
                "category": "Catholic church",
                "img": "https://lh5.googleusercontent.com/p/AF1QipOyerFuIHRbi7_9NpZCDbfhIkDCYEij7bMu2_54=w148-h148-n-k-no"
            },
            {
                "title": "Ouidah Museum of History (Portuguese Fort)",
                "category": "Museum",
                "img": "https://lh5.googleusercontent.com/p/AF1QipMLIGqdXngNpNjePtHmr9xlVpRgcWOmUo5DVPay=w148-h148-n-k-no"
            },
            {
                "title": "The Museum of the Zinsou Foundation",
                "category": "Modern art museum",
                "url": "http://www.fondation-zinsou.org/",
                "img": "https://lh5.googleusercontent.com/p/AF1QipNrxQRKiG5qPse0qqmNBXht3i68KEPVIvFVpQsM=w148-h148-n-k-no"
            },
            {
                "title": "Lake Nokoue",
                "category": "Lake",
                "img": "https://lh5.googleusercontent.com/p/AF1QipMn8-VVaPPwS-FzyzOvXrEKLsAdTsW3MwkXthfL=w148-h148-n-k-no"
            },
            {
                "title": "Grande Mosquée de Porto Novo",
                "category": "Mosque",
                "img": "https://lh5.googleusercontent.com/p/AF1QipOQHiNj8okI1Hc_IjhSfJDlXHoaKTNbhr3HHy9n=w148-h148-n-k-no"
            },
            {
                "title": "Honmè Museum",
                "category": "Historical place museum",
                "img": "https://lh5.googleusercontent.com/p/AF1QipPv1PbEKQYI-R5oqDxnlOJARzgjlAiA6-RXaAkR=w148-h148-n-k-no"
            },
            {
                "title": "Memorial de Zoungbodji",
                "category": "Tourist attraction",
                "img": "https://lh5.googleusercontent.com/p/AF1QipOiXKGAu5o1HfQpEUXV8TPNabqIAXNgZPrDexAr=w148-h148-n-k-no"
            },
            {
                "title": "Institut Français du Bénin",
                "category": "Cultural centre",
                "img": "https://lh5.googleusercontent.com/p/AF1QipMWRAX8uTwkVeU3cqMmJpEGdIu0HlMalweaPXEw=w148-h148-n-k-no"
            },
            {
                "title": "Centre de Promotion de l'Artisanat",
                "category": "Compound grounds",
                "img": "https://lh5.googleusercontent.com/p/AF1QipNltNmZdDoqRNyz4EJzjuQqVQmLsZahSdWg2LDT=w148-h148-n-k-no"
            },
            {
                "title": "Toffa",
                "category": "Place of worship",
                "img": "https://lh5.googleusercontent.com/p/AF1QipNlDjhATIm1WP97n047k2uesxvJLXizGHA73yxW=w148-h148-n-k-no"
            },
            {
                "title": "Great Mosque of Zongo",
                "category": "Mosque",
                "img": "https://lh5.googleusercontent.com/p/AF1QipM2U0OemwPZSYgz_E4zDC-A7bCXM6dpNwut2NIs=w148-h148-n-k-no"
            },
            {
                "title": "Place des Martyrs",
                "category": "Monument",
                "img": "https://lh5.googleusercontent.com/p/AF1QipMkWeuXaBJMtldL-wc6KdSF27tBl_XtTsEPOn-g=w148-h148-n-k-no"
            },
            {
                "title": "EYA Centre Communautaire",
                "category": "Recreation Centre",
                "url": "https://eyacenter.com/",
                "img": "https://lh5.googleusercontent.com/p/AF1QipMXGvZ_SWKPYxnBSP9XD7i4_v2a7FrKDVLZmwKB=w148-h148-n-k-no"
            },
            {
                "title": "General Mathieu Kerekou Friendship Stadium",
                "category": "Stadium",
                "img": "https://lh5.googleusercontent.com/p/AF1QipOBJRsuG26DphgQMX_qbApmu2XJSIH52QaqWjCj=w148-h148-n-k-no"
            }
        ],
        "Malanville": [],
        "Porto-Novo": [
            {
                "title": "Stade Charles de Gaulle",
                "category": "Stadium",
                "img": "https://lh5.googleusercontent.com/p/AF1QipNDa8clfy8HYxHkQtlyluktdyWqfHobpVGvNhxg=w148-h148-n-k-no"
            },
            {
                "title": "Porto-novo Bénin",
                "category": "Comedy club",
                "img": "https://lh5.googleusercontent.com/p/AF1QipM7fG494BvagPGR_DssDdfyscjUvdqpYo7qx6ED=w148-h148-n-k-no"
            },
            {
                "title": "Honmè Museum",
                "category": "Historical place museum",
                "img": "https://lh5.googleusercontent.com/p/AF1QipPv1PbEKQYI-R5oqDxnlOJARzgjlAiA6-RXaAkR=w148-h148-n-k-no"
            },
            {
                "title": "Notre-Dame Cathedral",
                "category": "Compound grounds",
                "img": "https://lh5.googleusercontent.com/p/AF1QipPN2Xm6JPNgoQCeqemFEKAUp0cFnCEhmeNPEWut=w148-h148-n-k-no"
            },
            {
                "title": "Grande Mosquée de Porto Novo",
                "category": "Mosque",
                "img": "https://lh5.googleusercontent.com/p/AF1QipOQHiNj8okI1Hc_IjhSfJDlXHoaKTNbhr3HHy9n=w148-h148-n-k-no"
            },
            {
                "title": "Lagune de Cotonou",
                "category": "Water",
                "img": "https://lh5.googleusercontent.com/p/AF1QipO9Z6cLAS5Jj2big3e9GqjPsRFvavX4m3lfnaw=w148-h148-n-k-no"
            },
            {
                "title": "Obama beach",
                "category": "Restaurant",
                "img": "https://lh5.googleusercontent.com/p/AF1QipNNUdHZr-HtcfRRIuVHDijyxsRq_CYX_oOhMguR=w148-h148-n-k-no"
            },
            {
                "title": "Toffa",
                "category": "Place of worship",
                "img": "https://lh5.googleusercontent.com/p/AF1QipNlDjhATIm1WP97n047k2uesxvJLXizGHA73yxW=w148-h148-n-k-no"
            },
            {
                "title": "Jardin des Plantes et de la Nature (JPN)",
                "category": "Botanical garden",
                "img": "https://lh5.googleusercontent.com/p/AF1QipNXuya5PWs3PRCAI755No1iffDo1POqjPn2feDq=w148-h148-n-k-no"
            }
        ],
        "Natitingou": [],
        "Djougou": []
    },
    "sights": [
        {
            "title": "Pendjari National Park",
            "category": "National park",
            "url": "http://www.africanparks.org/the-parks/pendjari",
            "img": "https://lh5.googleusercontent.com/p/AF1QipNNCkfqTA6_gsTtp3-9SFxlV4L6JNNJ7FoY_Wdm=w148-h148-n-k-no"
        },
        {
            "title": "Cotonou",
            "category": "Locality",
            "img": "https://lh5.googleusercontent.com/p/AF1QipODx9awjdYxBt1Wa-9v6bAZIi9ucQ34jq9vTaYJ=w148-h148-n-k-no"
        },
        {
            "title": "Pythons Temple",
            "category": "Tourist attraction",
            "url": "https://www.africatourvisa.com/benin/ouidah/",
            "img": "https://lh5.googleusercontent.com/p/AF1QipOsFFSICiKTVpTZZ20ULjFVouszAlYM7ghRRPP9=w148-h148-n-k-no"
        },
        {
            "title": "Fidjrossè Beach",
            "category": "Park and Garden",
            "img": "https://lh5.googleusercontent.com/p/AF1QipOzlMQaqmmk9T0dZwZJRoWPVaT_YA-Bph4MZPgZ=w148-h148-n-k-no"
        },
        {
            "title": "The Museum of the Zinsou Foundation",
            "category": "Modern art museum",
            "url": "http://www.fondation-zinsou.org/",
            "img": "https://lh5.googleusercontent.com/p/AF1QipNrxQRKiG5qPse0qqmNBXht3i68KEPVIvFVpQsM=w148-h148-n-k-no"
        },
        {
            "title": "Ganvie",
            "category": "Locality",
            "img": "https://lh5.googleusercontent.com/p/AF1QipNWBI4fi0TJDLi5_kvDzPROQ1cS0SwmPd5xLJQ0=w148-h148-n-k-no"
        },
        {
            "title": "Porto-Novo",
            "category": "Locality",
            "img": "https://lh5.googleusercontent.com/p/AF1QipOmVu5DXVkGfYhvx2kzgPy1EqgYteGefCNkLrn1=w148-h148-n-k-no"
        },
        {
            "title": "Ouidah Museum of History (Portuguese Fort)",
            "category": "Museum",
            "img": "https://lh5.googleusercontent.com/p/AF1QipMLIGqdXngNpNjePtHmr9xlVpRgcWOmUo5DVPay=w148-h148-n-k-no"
        },
        {
            "title": "Ouidah",
            "category": "Locality",
            "img": "https://lh5.googleusercontent.com/p/AF1QipNwStG2gMNTtFkvfZTShWX77iQpwQuGxrBHXdeM=w148-h148-n-k-no"
        },
        {
            "title": "Dantokpa Market",
            "category": "Market",
            "img": "https://lh5.googleusercontent.com/p/AF1QipNgFCp0fs-dxs_VHcvK1rSHlCM9cvHw8goWj73N=w148-h148-n-k-no"
        },
        {
            "title": "Abomey",
            "category": "Locality",
            "img": "https://lh5.googleusercontent.com/p/AF1QipMHzQros5TnYaVZttWlER4-V5y1cOwmtrnSMXAf=w148-h148-n-k-no"
        },
        {
            "title": "Abomey Historical Museum",
            "category": "Local history museum",
            "img": "https://lh5.googleusercontent.com/p/AF1QipNvuPZcRBDPGvCH90FTswq2pPwfSM5TbqdUxomf=w148-h148-n-k-no"
        },
        {
            "title": "Grand Popo",
            "category": "Locality",
            "img": "https://lh5.googleusercontent.com/p/AF1QipNgpSrRKc8B9lVUk1v8H2vAxrjJ6_gmNeOoxPBn=w148-h148-n-k-no"
        },
        {
            "title": "Regional Center Songhaï",
            "category": "Non-Governmental Organisation",
            "img": "https://lh5.googleusercontent.com/p/AF1QipPvLyg-8Lb-XEN5oG--2_wvJTfilhRIkpCkqmYk=w148-h148-n-k-no"
        },
        {
            "title": "Lake Nokoue",
            "category": "Lake",
            "img": "https://lh5.googleusercontent.com/p/AF1QipMn8-VVaPPwS-FzyzOvXrEKLsAdTsW3MwkXthfL=w148-h148-n-k-no"
        },
        {
            "title": "W National Park Benin",
            "category": "National park",
            "img": "https://lh5.googleusercontent.com/p/AF1QipNEwdotnzP2BcVxtE_g6YmMPFuA49IzssFg4KmK=w148-h148-n-k-no"
        }
    ]
}