{
    "cities": {
        "Hyosha": [],
        "Kabinda": [],
        "Isiro": [],
        "Kayna": [
            {
                "title": "Giraffe Centre",
                "category": "Nature reserve",
                "url": "http://giraffecentre.org/",
                "img": "https://lh5.googleusercontent.com/p/AF1QipOL49uabicK75AyYngj-gFjA16tChTXigHx84Q=w148-h148-n-k-no"
            },
            {
                "title": "Nairobi National Park",
                "category": "National park",
                "url": "https://www.kws.go.ke/parks/nairobi-national-park",
                "img": "https://lh5.googleusercontent.com/p/AF1QipMy4tV8ATED9G3VZ-PSqGNWwFy21dX0GRvn2-o=w148-h148-n-k-no"
            },
            {
                "title": "Tsavo East National Park",
                "category": "National park",
                "url": "https://www.kws.go.ke/content/tsavo-east-national-park",
                "img": "https://lh5.googleusercontent.com/p/AF1QipO7sHF6Kcrssxw1DgdczNrABLMkpK-U0L6_didu=w148-h148-n-k-no"
            },
            {
                "title": "Amboseli National Park",
                "category": "National park",
                "url": "https://www.kws.go.ke/amboseli-national-park",
                "img": "https://lh5.googleusercontent.com/p/AF1QipO-IIdJNmzDM5Nsw3dr5U2HhyEjhtHpJLOhA8Vb=w148-h148-n-k-no"
            },
            {
                "title": "Maasai Mara National Reserve",
                "category": "National reserve",
                "img": "https://lh5.googleusercontent.com/p/AF1QipM377c-jRm45TB69InvoxnNHMZ6041PP-io21fs=w148-h148-n-k-no"
            },
            {
                "title": "Hells Gate National Park",
                "category": "National park",
                "url": "https://www.kws.go.ke/content/hells-gate-national-park",
                "img": "https://lh5.googleusercontent.com/p/AF1QipNmbXQJTxtWeeUi9rvuUYUF-AyK1bYRUaBwFWEv=w148-h148-n-k-no"
            },
            {
                "title": "Ol Pejeta Conservancy",
                "category": "Nature reserve",
                "url": "https://www.olpejetaconservancy.org/",
                "img": "https://lh5.googleusercontent.com/p/AF1QipPxpUDaOqMdgryyA0FBd57OSkc9wETrfYPoMDRs=w148-h148-n-k-no"
            },
            {
                "title": "Karen Blixen Museum",
                "category": "Museum",
                "url": "http://www.museums.or.ke/karen-blixen/",
                "img": "https://lh6.googleusercontent.com/proxy/g7Y7Mtpn4DnEAw-iLfGVR79KlQQ9NyNfm8WFyaHdZcTGldMLdR1ZLK-NuZJfAur9xRxr7s7ODQgfFn0LNim8DyX_mGliNLUMX8ak5IR8Hlm-7obHmhZNfcqYIBVlydu7ulUsf4vjM44V45u0oBltCtVDBvcBKvg=w148-h148-n-k-no"
            },
            {
                "title": "Lake Nakuru National Park",
                "category": "National park",
                "url": "https://www.kws.go.ke/lake-nakuru-national-park",
                "img": "https://lh5.googleusercontent.com/p/AF1QipO8qgKH_GrYHvT_HdnrIdpJPNMB1jq9oj2lGcCP=w148-h148-n-k-no"
            },
            {
                "title": "Elephant Nursery",
                "category": "Animal shelter",
                "url": "https://www.sheldrickwildlifetrust.org/faqs#visiting",
                "img": "https://lh5.googleusercontent.com/p/AF1QipPJfLLq0l950Ng66xQN-W2hSUHET4v2ttfJhBrD=w148-h148-n-k-no"
            },
            {
                "title": "Haller Park",
                "category": "Park and Garden",
                "url": "http://haller.org.uk/",
                "img": "https://lh5.googleusercontent.com/p/AF1QipNiHd1hQ-F19JcOhMt7TkXqL3E0DzFIBo7LW2pZ=w148-h148-n-k-no"
            },
            {
                "title": "Nairobi",
                "category": "Locality",
                "img": "https://lh5.googleusercontent.com/p/AF1QipPBhj_TjWXfvjvrZ400bNLbzSEXtlf52WGiQOBt=w148-h148-n-k-no"
            },
            {
                "title": "Aberdare National Park",
                "category": "Park and Garden",
                "url": "http://www.kws.go.ke/",
                "img": "https://lh5.googleusercontent.com/p/AF1QipOtVk9E-WClncwQnmJVuot13nVNDJ2wsOv_5SM=w148-h148-n-k-no"
            },
            {
                "title": "Jamia Mosque Nairobi",
                "category": "Mosque",
                "url": "https://www.facebook.com/JamiaMosqueNairobi",
                "img": "https://lh5.googleusercontent.com/p/AF1QipP0mCMdA5mRNy1e72FYInd1nNb22DTCJkSY1Jjk=w148-h148-n-k-no"
            },
            {
                "title": "Mount Kenya National Park",
                "category": "National park",
                "url": "http://www.kws.go.ke/content/mount-kenya-national-park-reserve",
                "img": "https://lh5.googleusercontent.com/p/AF1QipPA1j-4OR1b2ry8kyhbsnszG8DQHUs49DioX5Ki=w148-h148-n-k-no"
            },
            {
                "title": "Buffalo Springs National Reserve",
                "category": "National reserve",
                "url": "http://www.kenyasafari.com/",
                "img": "https://lh5.googleusercontent.com/p/AF1QipOvyXsT7Xi4U-rCEROa5IajkMWIrhC29OJMxLPF=w148-h148-n-k-no"
            }
        ],
        "Kinshasa": [
            {
                "title": "Aqua Splash DRC",
                "category": "Water park",
                "url": "https://aquasplashwaterpark.com/",
                "img": "https://lh5.googleusercontent.com/p/AF1QipMvyyWHpO1H2nv9TJ0Zpo_LuJUMG6HFHI7FLBMA=w148-h148-n-k-no"
            },
            {
                "title": "Lola ya Bonobo Sanctuary",
                "category": "Animal park",
                "url": "http://www.bonobos.org/",
                "img": "https://lh5.googleusercontent.com/p/AF1QipMV0x7Svw8ne3h_T7CJ0QgFQ36VbT0ETNQBfnoq=w148-h148-n-k-no"
            },
            {
                "title": "Académie des Beaux-Arts",
                "category": "University",
                "url": "http://www.academie-kinshasa.cd/",
                "img": "https://lh5.googleusercontent.com/p/AF1QipM8zkSbSxHEN5bxw0R0UO18pWwebDrHX9eJUSwE=w148-h148-n-k-no"
            },
            {
                "title": "Echangeur",
                "category": "Building",
                "img": "https://lh5.googleusercontent.com/p/AF1QipNY_zvDMftTZBSfprpPhnGL-qt-Wt69aXTsodtd=w148-h148-n-k-no"
            },
            {
                "title": "Pentecost Martyrs Stadium",
                "category": "Stadium",
                "img": "https://lh5.googleusercontent.com/p/AF1QipM3DD2OSdTpx1vWAQ_HxQFP4duehTAKZfdYquTX=w148-h148-n-k-no"
            },
            {
                "title": "Church of Our Lady of Fatima",
                "category": "Catholic church",
                "img": "https://lh5.googleusercontent.com/p/AF1QipN87nwCKeZE6A5qF9PpAWVd5WTU_np2tOFpsz-M=w148-h148-n-k-no"
            },
            {
                "title": "Lac Ma Vallée",
                "category": "Lake",
                "img": "https://lh5.googleusercontent.com/p/AF1QipO5naVrzaGF6gBYJFsd5BM7mNLyiW4oe9fvz8z-=w148-h148-n-k-no"
            },
            {
                "title": "National Museum of the Democratic Republic of the Congo",
                "category": "Museum",
                "img": "https://lh5.googleusercontent.com/p/AF1QipNHTzUg8o9x_6GqYxcIGQbkHs9jO3SZWlvBm5iB=w148-h148-n-k-no"
            },
            {
                "title": "Cathédrale du Centenaire Protestant",
                "category": "Church",
                "img": "https://lh5.googleusercontent.com/p/AF1QipNRVZHt-vfaki7jzVLGDV3XIfwqDPYb3TPf5m02=w148-h148-n-k-no"
            },
            {
                "title": "Forescom",
                "category": "Building",
                "img": "https://lh5.googleusercontent.com/p/AF1QipMTPSKW0IiZqnxv2x-4S2imKyzhFIxE9oXA65GI=w148-h148-n-k-no"
            },
            {
                "title": "Halle de la Gombe",
                "category": "Compound grounds",
                "img": "https://lh5.googleusercontent.com/p/AF1QipOHuX0JVUrxW3o1tlk4Y3NVtnmHLZ7hNOJ4s4po=w148-h148-n-k-no"
            },
            {
                "title": "Palais De Marbre",
                "category": "Palace",
                "img": "https://lh5.googleusercontent.com/p/AF1QipMu9bUnf95jNsYvdM2R83euxHVvWD9h8rtDQTfa=w148-h148-n-k-no"
            },
            {
                "title": "Building ex-Sozacom",
                "category": "Property Rental",
                "img": "https://lh5.googleusercontent.com/p/AF1QipO9Tl_Yt8srR-HaaFEqgUlBQWw_HqDrTU2dWxNm=w148-h148-n-k-no"
            },
            {
                "title": "Palace of the Nation",
                "category": "Government office",
                "img": "https://lh5.googleusercontent.com/p/AF1QipOGo3C5qJTlk9zv3FFy1oVMlkWL3PcPeDYfA3B9=w148-h148-n-k-no"
            },
            {
                "title": "Université de Kinshasa, Batiment administratif edik siviy",
                "category": "Public university",
                "url": "http://www.unikin.ac.cd/",
                "img": "https://lh5.googleusercontent.com/p/AF1QipNp4Lxi4ii0vzK_GJSKVmTOGEVnrjGHk9r7JhKX=w148-h148-n-k-no"
            },
            {
                "title": "Stade Tata Raphaël",
                "category": "Stadium",
                "img": "https://lh5.googleusercontent.com/p/AF1QipM_sjZI31Zz2Am9r1wzSmu4EwSgMQqciA9cCdr1=w148-h148-n-k-no"
            }
        ],
        "Mangina": [],
        "Buta": [],
        "Basoko": [],
        "Bukavu": [],
        "Mbanza-Ngungu": [
            {
                "title": "Lola ya Bonobo Sanctuary",
                "category": "Animal park",
                "url": "http://www.bonobos.org/",
                "img": "https://lh5.googleusercontent.com/p/AF1QipMV0x7Svw8ne3h_T7CJ0QgFQ36VbT0ETNQBfnoq=w148-h148-n-k-no"
            },
            {
                "title": "Symphonies naturelles",
                "category": "Park and Garden",
                "img": "https://lh5.googleusercontent.com/p/AF1QipMocYxqSYSUlROP8uBK0AfKdOj6slxeeiL4IjhJ=w148-h148-n-k-no"
            },
            {
                "title": "Iron gym Kinshasa",
                "category": "Gym",
                "img": "https://lh5.googleusercontent.com/p/AF1QipNIWu6JSjxAIhL6AAuzMQU223k7EWF6huoyA0Fj=w148-h148-n-k-no"
            },
            {
                "title": "Mount Mangengenge",
                "category": "Mountain peak",
                "img": "https://lh5.googleusercontent.com/p/AF1QipNrg9pFPInWPttFNwE0jz-9dzUrBp1zZIIjupVf=w148-h148-n-k-no"
            },
            {
                "title": "Pool Malebo",
                "category": "Lake",
                "img": "https://lh5.googleusercontent.com/p/AF1QipOeAAXtezQ6GVSlppLXdONMwUmELXUOfDKMhus5=w148-h148-n-k-no"
            },
            {
                "title": "Congoloisirs-La Sallle",
                "category": "Entertainment",
                "url": "http://www.congoloisirs.cd/",
                "img": "https://lh5.googleusercontent.com/p/AF1QipOgWzQhmp-gIMrRWfweG_6xCuO2_42VP9DWdXXl=w148-h148-n-k-no"
            },
            {
                "title": "Parc Reptilarium Serpents du Congo",
                "category": "Park and Garden",
                "img": "https://lh5.googleusercontent.com/p/AF1QipOniPW3kH2Wm22jFG2Iwt9W20i3w5qtLq4RCbJT=w148-h148-n-k-no"
            },
            {
                "title": "Limete Tower",
                "category": "Point of interest",
                "img": "https://lh5.googleusercontent.com/p/AF1QipOQwmpnU_XGt9oRTy-NCOVj04bXeQqDQfDjL_dH=w148-h148-n-k-no"
            },
            {
                "title": "People’s Palace of the Democratic Republic of the Congo",
                "category": "Government office",
                "img": "https://lh5.googleusercontent.com/p/AF1QipMIKUuyhA-7gx3El0Nz3L8jR_TH3Hz9ms--kzK6=w148-h148-n-k-no"
            },
            {
                "title": "Jardin Botanique de kisantu",
                "category": "Botanical garden",
                "img": "https://lh5.googleusercontent.com/p/AF1QipMzhxWaJRZ4zD-IYClfh1mTYKOpKb3ixGhjPYJM=w148-h148-n-k-no"
            },
            {
                "title": "Chutes de Loufoulakari",
                "category": "Tourist attraction",
                "img": "https://lh5.googleusercontent.com/p/AF1QipNFPjvtRSaI8yidjMpwjp9P1mIshjlQVql4FmGI=w148-h148-n-k-no"
            },
            {
                "title": "I.F.C Institut Français du Congo",
                "category": "Cultural centre",
                "url": "https://www.institutfrancais-congo.com/",
                "img": "https://lh5.googleusercontent.com/p/AF1QipMYRlygRuz8znIcuaQD_RnP4Tuq_nFDfAa7uzfC=w148-h148-n-k-no"
            },
            {
                "title": "Mbudi Nature",
                "category": "Amusement park",
                "img": "https://lh5.googleusercontent.com/p/AF1QipMIK8BUV4p6X6nwKLyZJ2QIXdbBra3ji2NAHG5E=w148-h148-n-k-no"
            },
            {
                "title": "Sacred Heart Cathedral in Brazzaville",
                "category": "Catholic cathedral",
                "url": "https://cathedrale-sacrecoeur-bzv.com/",
                "img": "https://lh5.googleusercontent.com/p/AF1QipMdpoc8WmKiORTqcVt0S0EG0FTkUKVfaZ9-AvMa=w148-h148-n-k-no"
            },
            {
                "title": "Texaf Bilembo",
                "category": "Cultural centre",
                "url": "http://texaf-bilembo.com/",
                "img": "https://lh5.googleusercontent.com/p/AF1QipPE2xf1S2PV9MwdfbUzQ4lYKlMEiU6YP-R-zHvl=w148-h148-n-k-no"
            },
            {
                "title": "CASINO SALUT",
                "category": "Casino",
                "url": "https://www.linkedin.com/company/casino-salut-international?trk=blended-typeahead",
                "img": "https://lh5.googleusercontent.com/p/AF1QipOTRElKEVVHct5ugnwanlTL-GFU2uN6XxvKViQ3=w148-h148-n-k-no"
            }
        ],
        "Kituku": [],
        "Bumba": [],
        "Manono": [
            {
                "title": "To-Sua Ocean Trench",
                "category": "Tourist attraction",
                "img": "https://lh5.googleusercontent.com/p/AF1QipP32-qziSDhtRBnuCuJm-ZAudkr0TwGOTKHwz54=w148-h148-n-k-no"
            },
            {
                "title": "Baha'i House of Worship Samoa",
                "category": "Bahá'í house of worship",
                "img": "https://lh5.googleusercontent.com/p/AF1QipMIyxgNMgxyrg5yPYMYA1Rj0Yp3c5DTajumHET9=w148-h148-n-k-no"
            },
            {
                "title": "Robert Louis Stevenson Museum",
                "category": "Museum",
                "img": "https://lh5.googleusercontent.com/p/AF1QipP1LJyDSGf2mL0oqVDcAnJqk8Emh2kmUcQ1U3US=w148-h148-n-k-no"
            },
            {
                "title": "Papapapaitai Falls",
                "category": "Tourist attraction",
                "url": "http://www.samoa.travel/sightseeing/x8/Papapapaitai-Falls-(Tiavi)",
                "img": "https://lh5.googleusercontent.com/p/AF1QipOJRkz_R2CCFZEF9JxCzCYhEJnaNh26toXv2whd=w148-h148-n-k-no"
            }
        ],
        "Kamina": [],
        "Kenge": [],
        "Mwene-Ditu": [],
        "Mwene": [],
        "Katwa": [],
        "Lodja": [],
        "Nioki": [],
        "Mbandaka": [],
        "Ilebo": [],
        "Luputa": [],
        "Kikwit": [],
        "Babamba": [],
        "Bukama": [],
        "Kambove": [
            {
                "title": "AGANO CORPORATION",
                "category": "Private golf course",
                "img": "https://lh5.googleusercontent.com/p/AF1QipOpeM_16wAI_dj6RvahQ9_TSeTmxXCmkmqvyu64=w148-h148-n-k-no"
            },
            {
                "title": "Stade TP Mazembe",
                "category": "Stadium",
                "url": "http://www.tpmazembe.com/",
                "img": "https://lh5.googleusercontent.com/p/AF1QipNMgifX5W2IXPnHsvGbbvkebvt8BXf8W2PNotk7=w148-h148-n-k-no"
            },
            {
                "title": "Lac Kipopo",
                "category": "Lake",
                "img": "https://lh5.googleusercontent.com/p/AF1QipPNPNq1L44SkMEcoDJT0W5XnFyWW5rENBiHHEod=w148-h148-n-k-no"
            },
            {
                "title": "Lubumbashi",
                "category": "Locality",
                "img": "https://lh5.googleusercontent.com/p/AF1QipNFpss7Kju5yrlOB-9ZZAljIduOv9Nsal3FjVDN=w148-h148-n-k-no"
            },
            {
                "title": "Saint Peter and Paul Cathedral",
                "category": "Catholic cathedral",
                "img": "https://lh5.googleusercontent.com/p/AF1QipO53Fti1QwRPymhkhPRSjuEqJQ4VEtutnuvKlT5=w148-h148-n-k-no"
            }
        ],
        "Bulungu": [],
        "Mangai": [],
        "Likasi": [],
        "Idiofa": [],
        "Kirumba": [],
        "Kanyama": [
            {
                "title": "Parays Animal Sanctuary",
                "category": "Wildlife park",
                "url": "http://parays.mystrikingly.com/",
                "img": "https://lh5.googleusercontent.com/p/AF1QipPnMqHdg5Jzx0FnBZPR0r6YPSxJycKTBMxzi18K=w148-h148-n-k-no"
            },
            {
                "title": "Oliver Tambo Heritage House",
                "category": "Heritage museum",
                "url": "https://en.m.wikipedia.org/wiki/Oliver_Tambo_Heritage_House",
                "img": "https://lh5.googleusercontent.com/p/AF1QipORDzzgplTK0Uyco0EtrwEUQxfA-1xTCMUlRe9y=w148-h148-n-k-no"
            },
            {
                "title": "EastPark Mall",
                "category": "Shopping Centre",
                "url": "http://www.napoliproperty.com/",
                "img": "https://lh5.googleusercontent.com/p/AF1QipMzFQ4x8fp4_wn2BCxY8iIABtQUWFmqeOMxje-b=w148-h148-n-k-no"
            },
            {
                "title": "37d Gallery",
                "category": "Art gallery",
                "url": "http://www.thestartfoundationtrust.org/",
                "img": "https://lh5.googleusercontent.com/p/AF1QipMJKu5mAgKmsJvwTbus-e6XZEcJNRcupwWgWDg=w148-h148-n-k-no"
            },
            {
                "title": "Kalimba Reptile Park",
                "category": "Wildlife Refuge",
                "url": "http://kalimbazambia.com/",
                "img": "https://lh5.googleusercontent.com/p/AF1QipMBO9ij9fiKBUO4p3MKFVskb8wJUndKMvX2wlYT=w148-h148-n-k-no"
            },
            {
                "title": "Arcades Shopping Mall",
                "category": "Shopping Centre",
                "img": "https://lh5.googleusercontent.com/p/AF1QipPJP73HmyD5v0fuVAkdj50DUQaPhx-ARlmRpNLJ=w148-h148-n-k-no"
            },
            {
                "title": "Anglican Cathedral of the Holy Cross",
                "category": "Anglican church",
                "url": "http://www.anglicancathedraloflusaka.com/",
                "img": "https://lh5.googleusercontent.com/p/AF1QipMGeIFvEoBkIr-7mt2GTGXD7zQjjnpaVS85LE8K=w148-h148-n-k-no"
            },
            {
                "title": "Lower Zambezi National Park",
                "category": "National park",
                "url": "https://www.lowerzambezi.com/",
                "img": "https://lh5.googleusercontent.com/p/AF1QipO_vVxfL8jEGC7bdZtGsP_-XH-0tbKwIkEP-rlM=w148-h148-n-k-no"
            },
            {
                "title": "Lusaka National Park",
                "category": "Park and Garden",
                "img": "https://lh5.googleusercontent.com/p/AF1QipPvRjum3uWxhcwLfqvx1u6K4nLt03DfjNt_eUQL=w148-h148-n-k-no"
            }
        ],
        "Kimpese": [
            {
                "title": "Kinshasa",
                "category": "Locality",
                "img": "https://lh5.googleusercontent.com/p/AF1QipMFEDOswDabR0SpbKHReR-v8z84-Fxgtkufk5co=w148-h148-n-k-no"
            },
            {
                "title": "Cathédrale du Centenaire Protestant",
                "category": "Church",
                "img": "https://lh5.googleusercontent.com/p/AF1QipNRVZHt-vfaki7jzVLGDV3XIfwqDPYb3TPf5m02=w148-h148-n-k-no"
            },
            {
                "title": "Halle de la Gombe",
                "category": "Compound grounds",
                "img": "https://lh5.googleusercontent.com/p/AF1QipOHuX0JVUrxW3o1tlk4Y3NVtnmHLZ7hNOJ4s4po=w148-h148-n-k-no"
            },
            {
                "title": "Building ex-Sozacom",
                "category": "Property Rental",
                "img": "https://lh5.googleusercontent.com/p/AF1QipO9Tl_Yt8srR-HaaFEqgUlBQWw_HqDrTU2dWxNm=w148-h148-n-k-no"
            },
            {
                "title": "Iron gym Kinshasa",
                "category": "Gym",
                "img": "https://lh5.googleusercontent.com/p/AF1QipNIWu6JSjxAIhL6AAuzMQU223k7EWF6huoyA0Fj=w148-h148-n-k-no"
            },
            {
                "title": "Université de Kinshasa, Batiment administratif edik siviy",
                "category": "Public university",
                "url": "http://www.unikin.ac.cd/",
                "img": "https://lh5.googleusercontent.com/p/AF1QipNp4Lxi4ii0vzK_GJSKVmTOGEVnrjGHk9r7JhKX=w148-h148-n-k-no"
            },
            {
                "title": "Marche Central",
                "category": "Compound grounds",
                "img": "https://lh5.googleusercontent.com/p/AF1QipNEQN19mWt4pGj-6witXIy-hl2znFk81HBQYDWU=w148-h148-n-k-no"
            },
            {
                "title": "Pentecost Martyrs Stadium",
                "category": "Stadium",
                "img": "https://lh5.googleusercontent.com/p/AF1QipM3DD2OSdTpx1vWAQ_HxQFP4duehTAKZfdYquTX=w148-h148-n-k-no"
            },
            {
                "title": "Académie des Beaux-Arts",
                "category": "University",
                "url": "http://www.academie-kinshasa.cd/",
                "img": "https://lh5.googleusercontent.com/p/AF1QipM8zkSbSxHEN5bxw0R0UO18pWwebDrHX9eJUSwE=w148-h148-n-k-no"
            },
            {
                "title": "Mount Mangengenge",
                "category": "Mountain peak",
                "img": "https://lh5.googleusercontent.com/p/AF1QipNrg9pFPInWPttFNwE0jz-9dzUrBp1zZIIjupVf=w148-h148-n-k-no"
            },
            {
                "title": "Lola ya Bonobo Sanctuary",
                "category": "Animal park",
                "url": "http://www.bonobos.org/",
                "img": "https://lh5.googleusercontent.com/p/AF1QipMV0x7Svw8ne3h_T7CJ0QgFQ36VbT0ETNQBfnoq=w148-h148-n-k-no"
            },
            {
                "title": "Lac Ma Vallée",
                "category": "Lake",
                "img": "https://lh5.googleusercontent.com/p/AF1QipO5naVrzaGF6gBYJFsd5BM7mNLyiW4oe9fvz8z-=w148-h148-n-k-no"
            },
            {
                "title": "Palace of the Nation",
                "category": "Government office",
                "img": "https://lh5.googleusercontent.com/p/AF1QipOGo3C5qJTlk9zv3FFy1oVMlkWL3PcPeDYfA3B9=w148-h148-n-k-no"
            },
            {
                "title": "Chutes de Loufoulakari",
                "category": "Tourist attraction",
                "img": "https://lh5.googleusercontent.com/p/AF1QipNFPjvtRSaI8yidjMpwjp9P1mIshjlQVql4FmGI=w148-h148-n-k-no"
            },
            {
                "title": "I.F.C Institut Français du Congo",
                "category": "Cultural centre",
                "url": "https://www.institutfrancais-congo.com/",
                "img": "https://lh5.googleusercontent.com/p/AF1QipMYRlygRuz8znIcuaQD_RnP4Tuq_nFDfAa7uzfC=w148-h148-n-k-no"
            },
            {
                "title": "Limete Tower",
                "category": "Point of interest",
                "img": "https://lh5.googleusercontent.com/p/AF1QipOQwmpnU_XGt9oRTy-NCOVj04bXeQqDQfDjL_dH=w148-h148-n-k-no"
            }
        ],
        "Mbuji-Mayi": [],
        "Baudhuinville": [],
        "Kongolo": [],
        "Gemena": [],
        "Kutu": [],
        "Kananga": [
            {
                "title": "Holy Family Parish",
                "category": "Catholic church",
                "img": "https://lh5.googleusercontent.com/p/AF1QipOMPmdbMTmIq6zmV1g-DAhjAIu4mtwUz7xDO7V_=w148-h148-n-k-no"
            },
            {
                "title": "Chocolate Hills Natural Monument",
                "category": "Tourist attraction",
                "img": "https://lh5.googleusercontent.com/p/AF1QipProvcbFV8pC3TpyZoiOzfDn1PrJKzADFqi1tG8=w148-h148-n-k-no"
            },
            {
                "title": "Yap-San Diego Ancestral House",
                "category": "Historical landmark",
                "img": "https://lh5.googleusercontent.com/proxy/stC10vK2WgdzU7iQYY99DZtxp_Zs1G9nbGX0zDkQ6TQciHp80eEUsIdcwKntLap2uTOzJjUjlX3CEkgAQd_J4SvgGpBbjkzCcG_X9IWIpgnS-UwQVLI18Xeq0w5jRtszKlcs7P52BYi0M-5q8ZSfxM80kvteSK0=w148-h148-n-k-no"
            },
            {
                "title": "Cebu Provincial Museum",
                "category": "Museum",
                "url": "https://www.facebook.com/museosugbo/",
                "img": "https://lh5.googleusercontent.com/p/AF1QipPtzu6nLh4VpHWOwUnzW-w_wFYfpwnuCg8vRhlz=w148-h148-n-k-no"
            },
            {
                "title": "Magellan's Marker",
                "category": "Monument",
                "img": "https://lh5.googleusercontent.com/p/AF1QipNduswKurVKNiltNQk5VqApj-RhkoOzbe7lM_B2=w148-h148-n-k-no"
            },
            {
                "title": "Heritage of Cebu Monument",
                "category": "Historical landmark",
                "img": "https://lh5.googleusercontent.com/p/AF1QipNTdcsFvCtZpMe_Zv7iODet-RfphXhni6VJ48yR=w148-h148-n-k-no"
            },
            {
                "title": "Santo Niño Shrine and Heritage Museum",
                "category": "Museum",
                "img": "https://lh5.googleusercontent.com/p/AF1QipPMbFAnN8zpCHPPFBl8sIlorCBuskT4Obs5Mz4N=w148-h148-n-k-no"
            },
            {
                "title": "Metropolitan Cathedral of Our Lord's Transfiguration",
                "category": "Catholic cathedral",
                "url": "https://www.facebook.com/PaloMetropolitanCathedral/",
                "img": "https://lh5.googleusercontent.com/p/AF1QipOMUPz7zl4cfVxn1-cptOk-hbGwJbHWsCK8Fd27=w148-h148-n-k-no"
            },
            {
                "title": "Plaza Triunfo - Rizal Monument",
                "category": "Park and Garden",
                "img": "https://lh5.googleusercontent.com/p/AF1QipOqTw66f1_MfoZPBzo99VriT4lX3MqGyId7QWJP=w148-h148-n-k-no"
            },
            {
                "title": "Carigara Municipal Library & Museum",
                "category": "History museum",
                "img": "https://lh5.googleusercontent.com/p/AF1QipPQP2Q8J7FvIlqVF0e9oSjmBkdLGR6nBAiUF5HS=w148-h148-n-k-no"
            },
            {
                "title": "Ormoc City Superdome",
                "category": "Stadium",
                "img": "https://lh5.googleusercontent.com/p/AF1QipOKSKydImf03NgTggP6maAS36ez3eoRAAowYtou=w148-h148-n-k-no"
            },
            {
                "title": "Thresher Shark Divers",
                "category": "Dive shop",
                "url": "http://www.malapascua-diving.com/",
                "img": "https://lh5.googleusercontent.com/p/AF1QipP4acTJ1n2zljNmEGY_-3i7PlZbDjhMkXiAgHYB=w148-h148-n-k-no"
            },
            {
                "title": "Sea Explorers Malapascua",
                "category": "Dive shop",
                "url": "http://www.sea-explorers.com/",
                "img": "https://lh5.googleusercontent.com/p/AF1QipNe7ktFQ3_lS0xLDrr0b9nHwSC8-WDzLbNX8Ps9=w148-h148-n-k-no"
            },
            {
                "title": "Celestial Meadows Memorial Garden and Park",
                "category": "City park",
                "url": "https://celestialmeadows.com/",
                "img": "https://lh5.googleusercontent.com/p/AF1QipNYmME06rHHbgJTyK2nOBYgFeO9ZmGy9tIWVUqZ=w148-h148-n-k-no"
            },
            {
                "title": "Medellin Town Museum",
                "category": "Museum",
                "img": "https://lh5.googleusercontent.com/p/AF1QipP71ZNJkvDWUVQ0R3LhvT3ZEpB_hATbFpFWri29=w148-h148-n-k-no"
            },
            {
                "title": "Divelink Cebu",
                "category": "Diving Centre",
                "url": "http://www.divelinkcebu.com/",
                "img": "https://lh5.googleusercontent.com/p/AF1QipP3xis7QKmxny3JDCbS2xQufvTgvC0n8pu1XgyL=w148-h148-n-k-no"
            }
        ],
        "Yangambi": [],
        "Lubumbashi": [
            {
                "title": "AGANO CORPORATION",
                "category": "Private golf course",
                "img": "https://lh5.googleusercontent.com/p/AF1QipOpeM_16wAI_dj6RvahQ9_TSeTmxXCmkmqvyu64=w148-h148-n-k-no"
            },
            {
                "title": "Malibu Piscine & Fitness",
                "category": "Gym",
                "img": "https://lh5.googleusercontent.com/p/AF1QipO3ufRxafItPEHCS0wBZrwZMncAxh3n6lwlNYyf=w148-h148-n-k-no"
            },
            {
                "title": "Lubumbashi Zoo",
                "category": "Zoo",
                "img": "https://lh5.googleusercontent.com/p/AF1QipMN09rPD6dA3PdYD4bGTTkvTQPU7bqQLeCDFeqe=w148-h148-n-k-no"
            },
            {
                "title": "Saint Peter and Paul Cathedral",
                "category": "Catholic cathedral",
                "img": "https://lh5.googleusercontent.com/p/AF1QipO53Fti1QwRPymhkhPRSjuEqJQ4VEtutnuvKlT5=w148-h148-n-k-no"
            },
            {
                "title": "Lac Kipopo",
                "category": "Lake",
                "img": "https://lh5.googleusercontent.com/p/AF1QipPNPNq1L44SkMEcoDJT0W5XnFyWW5rENBiHHEod=w148-h148-n-k-no"
            },
            {
                "title": "Stade TP Mazembe",
                "category": "Stadium",
                "img": "https://lh5.googleusercontent.com/p/AF1QipNMgifX5W2IXPnHsvGbbvkebvt8BXf8W2PNotk7=w148-h148-n-k-no"
            },
            {
                "title": "Marche De La Katuba I",
                "category": "Market",
                "img": "https://lh5.googleusercontent.com/p/AF1QipPTmMr5srshntH74cTxeWiqjHwtUTupAkxkqi9B=w148-h148-n-k-no"
            }
        ],
        "Binga": [
            {
                "title": "Binga Hot Springs",
                "category": "Tourist attraction",
                "img": "https://lh5.googleusercontent.com/p/AF1QipNoHZ9DeuImjsKyI3TO3L65q2F-mPCuWYzaBJED=w148-h148-n-k-no"
            },
            {
                "title": "Victoria Falls",
                "category": "Tourist attraction",
                "img": "https://lh5.googleusercontent.com/p/AF1QipORfEH9z6OMPpHhFqbGyOoZNZ2Har3iXhR8O4jv=w148-h148-n-k-no"
            },
            {
                "title": "Chizarira National Park",
                "category": "Tourist attraction",
                "img": "https://lh5.googleusercontent.com/p/AF1QipOYBh8EStQyrPJf_xwIU2v-evyLET3riuoNW2fS=w148-h148-n-k-no"
            },
            {
                "title": "Gwayi Shangani Dam",
                "category": "Tourist attraction",
                "img": "https://lh5.googleusercontent.com/p/AF1QipNG9AXYWsq5waat2vOU9dwCoTcmQ4i1bN--AqnX=w148-h148-n-k-no"
            },
            {
                "title": "Gwayi",
                "category": "River",
                "img": "https://lh5.googleusercontent.com/p/AF1QipPgmO3j4cnrrfEA68p97IVKa7bHMKe9Ysff_TLS=w148-h148-n-k-no"
            }
        ],
        "Boende": [],
        "Tshilenge": [],
        "Tshela": [
            {
                "title": "Baobab de Stanley",
                "category": "Tourist attraction",
                "img": "https://lh5.googleusercontent.com/p/AF1QipNxeADSr_mjgex_7muqHST5UBGEsK_nz89JCqnu=w148-h148-n-k-no"
            },
            {
                "title": "Parc Marin des Mangroves",
                "category": "National park",
                "url": "https://mangrov.org/index.php",
                "img": "https://lh5.googleusercontent.com/p/AF1QipMAhnRkOJTNt-Ww087jdlTXmoQGsTrms4NZ7YqI=w148-h148-n-k-no"
            },
            {
                "title": "African Circle Museum of Pointe-Noire",
                "category": "Heritage museum",
                "img": "https://lh5.googleusercontent.com/p/AF1QipP7m6TycLRCcSoX5kzFoM5pVrXb-mmkTSA6-gw-=w148-h148-n-k-no"
            },
            {
                "title": "Casino Salut",
                "category": "Casino",
                "img": "https://lh5.googleusercontent.com/p/AF1QipPQsNvgz_G2rfrWej2rnY8BvAk3NXtQXmja2t_K=w148-h148-n-k-no"
            },
            {
                "title": "PONTON PLAGE",
                "category": "Restaurant",
                "img": "https://lh5.googleusercontent.com/p/AF1QipNSo74Y6WzAcoEF-3bSRrNCQGdM3wOA1lGIQzzA=w148-h148-n-k-no"
            },
            {
                "title": "Lawanda Tours & Adventure",
                "category": "Corporate office",
                "img": "https://lh5.googleusercontent.com/p/AF1QipP0cMTNA7xhpU21XxDVUXWCH5r0zTeGtD0Js4HW=w148-h148-n-k-no"
            }
        ],
        "Fungurume": [
            {
                "title": "Lubumbashi",
                "category": "Locality",
                "img": "https://lh5.googleusercontent.com/p/AF1QipNFpss7Kju5yrlOB-9ZZAljIduOv9Nsal3FjVDN=w148-h148-n-k-no"
            },
            {
                "title": "Lac Kipopo",
                "category": "Lake",
                "img": "https://lh5.googleusercontent.com/p/AF1QipPNPNq1L44SkMEcoDJT0W5XnFyWW5rENBiHHEod=w148-h148-n-k-no"
            },
            {
                "title": "Stade TP Mazembe",
                "category": "Stadium",
                "url": "http://www.tpmazembe.com/",
                "img": "https://lh5.googleusercontent.com/p/AF1QipNMgifX5W2IXPnHsvGbbvkebvt8BXf8W2PNotk7=w148-h148-n-k-no"
            },
            {
                "title": "Saint Peter and Paul Cathedral",
                "category": "Catholic cathedral",
                "img": "https://lh5.googleusercontent.com/p/AF1QipO53Fti1QwRPymhkhPRSjuEqJQ4VEtutnuvKlT5=w148-h148-n-k-no"
            }
        ],
        "Bandundu Province": [],
        "Aketi": [],
        "Moanda": [
            {
                "title": "African Circle Museum of Pointe-Noire",
                "category": "Heritage museum",
                "img": "https://lh5.googleusercontent.com/p/AF1QipP7m6TycLRCcSoX5kzFoM5pVrXb-mmkTSA6-gw-=w148-h148-n-k-no"
            },
            {
                "title": "Casino Salut",
                "category": "Casino",
                "img": "https://lh5.googleusercontent.com/p/AF1QipPQsNvgz_G2rfrWej2rnY8BvAk3NXtQXmja2t_K=w148-h148-n-k-no"
            },
            {
                "title": "PONTON PLAGE",
                "category": "Restaurant",
                "img": "https://lh5.googleusercontent.com/p/AF1QipNSo74Y6WzAcoEF-3bSRrNCQGdM3wOA1lGIQzzA=w148-h148-n-k-no"
            },
            {
                "title": "Lawanda Tours & Adventure",
                "category": "Corporate office",
                "img": "https://lh5.googleusercontent.com/p/AF1QipP0cMTNA7xhpU21XxDVUXWCH5r0zTeGtD0Js4HW=w148-h148-n-k-no"
            }
        ],
        "Mulongo": [],
        "Kabalo": [],
        "Kisangani": [],
        "Kindu": [],
        "Bakwa": [],
        "Kasongo": [],
        "Matadi": [],
        "Butembo": [],
        "Masina": [],
        "Boma": [
            {
                "title": "Lawanda Tours & Adventure",
                "category": "Corporate office",
                "img": "https://lh5.googleusercontent.com/p/AF1QipP0cMTNA7xhpU21XxDVUXWCH5r0zTeGtD0Js4HW=w148-h148-n-k-no"
            },
            {
                "title": "PONTON PLAGE",
                "category": "Restaurant",
                "img": "https://lh5.googleusercontent.com/p/AF1QipNSo74Y6WzAcoEF-3bSRrNCQGdM3wOA1lGIQzzA=w148-h148-n-k-no"
            },
            {
                "title": "Casino Salut",
                "category": "Casino",
                "img": "https://lh5.googleusercontent.com/p/AF1QipPQsNvgz_G2rfrWej2rnY8BvAk3NXtQXmja2t_K=w148-h148-n-k-no"
            },
            {
                "title": "African Circle Museum of Pointe-Noire",
                "category": "Heritage museum",
                "img": "https://lh5.googleusercontent.com/p/AF1QipP7m6TycLRCcSoX5kzFoM5pVrXb-mmkTSA6-gw-=w148-h148-n-k-no"
            }
        ],
        "Mweka": [],
        "Tshikapa": [],
        "Gandajika": [],
        "Kipushi": [
            {
                "title": "Lubumbashi Zoo",
                "category": "Zoo",
                "img": "https://lh5.googleusercontent.com/p/AF1QipMN09rPD6dA3PdYD4bGTTkvTQPU7bqQLeCDFeqe=w148-h148-n-k-no"
            },
            {
                "title": "AGANO CORPORATION",
                "category": "Private golf course",
                "img": "https://lh5.googleusercontent.com/p/AF1QipOpeM_16wAI_dj6RvahQ9_TSeTmxXCmkmqvyu64=w148-h148-n-k-no"
            },
            {
                "title": "Stade TP Mazembe",
                "category": "Stadium",
                "url": "http://www.tpmazembe.com/",
                "img": "https://lh5.googleusercontent.com/p/AF1QipNMgifX5W2IXPnHsvGbbvkebvt8BXf8W2PNotk7=w148-h148-n-k-no"
            },
            {
                "title": "Marche De La Katuba I",
                "category": "Market",
                "img": "https://lh5.googleusercontent.com/p/AF1QipPTmMr5srshntH74cTxeWiqjHwtUTupAkxkqi9B=w148-h148-n-k-no"
            },
            {
                "title": "Lac Kipopo",
                "category": "Lake",
                "img": "https://lh5.googleusercontent.com/p/AF1QipPNPNq1L44SkMEcoDJT0W5XnFyWW5rENBiHHEod=w148-h148-n-k-no"
            },
            {
                "title": "Lubumbashi",
                "category": "Locality",
                "img": "https://lh5.googleusercontent.com/p/AF1QipNFpss7Kju5yrlOB-9ZZAljIduOv9Nsal3FjVDN=w148-h148-n-k-no"
            },
            {
                "title": "Saint Peter and Paul Cathedral",
                "category": "Catholic cathedral",
                "img": "https://lh5.googleusercontent.com/p/AF1QipO53Fti1QwRPymhkhPRSjuEqJQ4VEtutnuvKlT5=w148-h148-n-k-no"
            }
        ],
        "Mushie": [],
        "Beni": [
            {
                "title": "Plaza Principal Hernan Roca",
                "category": "Park and Garden",
                "img": "https://lh5.googleusercontent.com/p/AF1QipMYK3JWpZwzd_epGDEHZ1vS1DcSSGCZ-SEGptWM=w148-h148-n-k-no"
            },
            {
                "title": "Plaza Principal Baltazar Espinosa",
                "category": "Park and Garden",
                "img": "https://lh5.googleusercontent.com/p/AF1QipNDhpf16gAMuwJjJ-69HyzcHvgClfw6s92H52j6=w148-h148-n-k-no"
            },
            {
                "title": "Plaza De La Alcaldia-Guayaramerin",
                "category": "Park and Garden",
                "img": "https://lh5.googleusercontent.com/p/AF1QipMffFdKQ7m6zAuez5yR0DcOPyoi20Es0MYGyGhO=w148-h148-n-k-no"
            },
            {
                "title": "Square October 10",
                "category": "Park and Garden",
                "img": "https://lh5.googleusercontent.com/p/AF1QipMcPgh1Uq1woT821Yy2_-3PxvoOxaeyaA6zrRQm=w148-h148-n-k-no"
            },
            {
                "title": "Plazuela de Pompeya.",
                "category": "Park and Garden",
                "img": "https://lh5.googleusercontent.com/p/AF1QipMWkEGBaIdq1mDF4OYpFrBeeuld98kOyX35O_d0=w148-h148-n-k-no"
            },
            {
                "title": "Escorpión Travels",
                "category": "Sightseeing Tour Agency",
                "url": "https://www.facebook.com/escorpiontravels",
                "img": "https://lh5.googleusercontent.com/p/AF1QipMB1tVaAGiMvFkKha4q3obPUZ0PemkeXcA6_Fv_=w148-h148-n-k-no"
            },
            {
                "title": "Suárez Lake",
                "category": "Lake",
                "img": "https://lh5.googleusercontent.com/p/AF1QipPW5QbTOMHlPk2JtE6vsjVWmEf3lTTqXm3ZNRHD=w148-h148-n-k-no"
            }
        ],
        "Kalemie": [],
        "Goma": [
            {
                "title": "Africa Tourism Gate",
                "category": "District Office",
                "img": "https://lh5.googleusercontent.com/p/AF1QipNbEhFTmfBCqaOJCoJ1qHbQGEBjUstwD58BE0lo=w148-h148-n-k-no"
            },
            {
                "title": "Congo Local Guides",
                "category": "Sightseeing Tour Agency",
                "url": "https://congolocalguides.com/",
                "img": "https://lh5.googleusercontent.com/p/AF1QipOz_K9XqHexaD-C4OrMCFl6jKqyJidkkAXCnSj4=w148-h148-n-k-no"
            },
            {
                "title": "Ubuntu Voyages-Gorilla trekking and wildlife safaris specialists",
                "category": "Tour operator",
                "url": "https://ubuntuvoyages.com/5-reasons-to-visit-kahuzi-biega-national-park/",
                "img": "https://lh5.googleusercontent.com/p/AF1QipPVDJptff9ssEn-HT2ZPWvoDmUBVDd81qitvZco=w148-h148-n-k-no"
            },
            {
                "title": "Idjwi Island",
                "category": "Island",
                "img": "https://lh5.googleusercontent.com/p/AF1QipPlRcjSQcY5tqeuoCrSXA93WgL_5bWiqlIgJdlW=w148-h148-n-k-no"
            },
            {
                "title": "Karibu Congo Safaris LTD",
                "category": "Tour operator",
                "url": "http://www.karibucongosafaris.com/",
                "img": "https://lh5.googleusercontent.com/p/AF1QipMao2dpnXSfNQotB8S-Jh8-2QApuvbU7hIjgk0C=w148-h148-n-k-no"
            },
            {
                "title": "Virunga National Park",
                "category": "National park",
                "url": "https://virunga.org/",
                "img": "https://lh5.googleusercontent.com/p/AF1QipMnw7KZi6xev1kjr_NaSzMyftsdkrlv5CUXMsCT=w148-h148-n-k-no"
            },
            {
                "title": "Lake Kivu",
                "category": "Lake",
                "img": "https://lh5.googleusercontent.com/p/AF1QipMWudht88hmolfkILkVE46kEOSpbojZgNh4Cvyc=w148-h148-n-k-no"
            },
            {
                "title": "Mount Nyiragongo",
                "category": "Volcano",
                "img": "https://lh5.googleusercontent.com/p/AF1QipMJ6ZIN1upffQJQWd62swxKaa605FVaivADUjQY=w148-h148-n-k-no"
            }
        ],
        "Gbadolite": [],
        "Kalima": [],
        "Uvira": [],
        "Rutshuru": [
            {
                "title": "Idjwi Island",
                "category": "Island",
                "img": "https://lh5.googleusercontent.com/p/AF1QipPlRcjSQcY5tqeuoCrSXA93WgL_5bWiqlIgJdlW=w148-h148-n-k-no"
            },
            {
                "title": "Virunga National Park",
                "category": "National park",
                "img": "https://lh5.googleusercontent.com/p/AF1QipMnw7KZi6xev1kjr_NaSzMyftsdkrlv5CUXMsCT=w148-h148-n-k-no"
            },
            {
                "title": "Lake Kivu",
                "category": "Lake",
                "img": "https://lh5.googleusercontent.com/p/AF1QipMWudht88hmolfkILkVE46kEOSpbojZgNh4Cvyc=w148-h148-n-k-no"
            },
            {
                "title": "Mount Nyiragongo",
                "category": "Volcano",
                "img": "https://lh5.googleusercontent.com/p/AF1QipMJ6ZIN1upffQJQWd62swxKaa605FVaivADUjQY=w148-h148-n-k-no"
            }
        ],
        "Miabi": [],
        "Nyunzu": [],
        "Kolwezi": [],
        "Inongo": [],
        "Lisala": [],
        "Bunia": [],
        "Inkisi": [
            {
                "title": "Jardin Botanique de kisantu",
                "category": "Botanical garden",
                "img": "https://lh5.googleusercontent.com/p/AF1QipMzhxWaJRZ4zD-IYClfh1mTYKOpKb3ixGhjPYJM=w148-h148-n-k-no"
            },
            {
                "title": "Kinshasa",
                "category": "Locality",
                "img": "https://lh5.googleusercontent.com/p/AF1QipMFEDOswDabR0SpbKHReR-v8z84-Fxgtkufk5co=w148-h148-n-k-no"
            },
            {
                "title": "Iron gym Kinshasa",
                "category": "Gym",
                "img": "https://lh5.googleusercontent.com/p/AF1QipNIWu6JSjxAIhL6AAuzMQU223k7EWF6huoyA0Fj=w148-h148-n-k-no"
            },
            {
                "title": "Symphonies naturelles",
                "category": "Park and Garden",
                "img": "https://lh5.googleusercontent.com/p/AF1QipMocYxqSYSUlROP8uBK0AfKdOj6slxeeiL4IjhJ=w148-h148-n-k-no"
            },
            {
                "title": "Marche Central",
                "category": "Compound grounds",
                "img": "https://lh5.googleusercontent.com/p/AF1QipNEQN19mWt4pGj-6witXIy-hl2znFk81HBQYDWU=w148-h148-n-k-no"
            },
            {
                "title": "CASINO ETOILE",
                "category": "Casino",
                "img": "https://lh5.googleusercontent.com/p/AF1QipOOla8mzTJ7_Jvx4xPt24v8AFAuf53_L92MXl_b=w148-h148-n-k-no"
            },
            {
                "title": "Pool Malebo",
                "category": "Lake",
                "img": "https://lh5.googleusercontent.com/p/AF1QipOeAAXtezQ6GVSlppLXdONMwUmELXUOfDKMhus5=w148-h148-n-k-no"
            },
            {
                "title": "Congoloisirs-La Sallle",
                "category": "Entertainment",
                "img": "https://lh5.googleusercontent.com/p/AF1QipOgWzQhmp-gIMrRWfweG_6xCuO2_42VP9DWdXXl=w148-h148-n-k-no"
            },
            {
                "title": "Mbudi Nature",
                "category": "Amusement park",
                "img": "https://lh5.googleusercontent.com/p/AF1QipMIK8BUV4p6X6nwKLyZJ2QIXdbBra3ji2NAHG5E=w148-h148-n-k-no"
            },
            {
                "title": "Zoological and Botanical Park of Brazzaville",
                "category": "Zoo",
                "img": "https://lh5.googleusercontent.com/p/AF1QipN3H8QmAXHSCMKpY8_KsCgqS1PzycBx9A314Zqw=w148-h148-n-k-no"
            },
            {
                "title": "Church of Our Lady of Fatima",
                "category": "Catholic church",
                "img": "https://lh5.googleusercontent.com/p/AF1QipN87nwCKeZE6A5qF9PpAWVd5WTU_np2tOFpsz-M=w148-h148-n-k-no"
            },
            {
                "title": "Lola ya Bonobo Sanctuary",
                "category": "Animal park",
                "img": "https://lh5.googleusercontent.com/p/AF1QipMV0x7Svw8ne3h_T7CJ0QgFQ36VbT0ETNQBfnoq=w148-h148-n-k-no"
            },
            {
                "title": "Cathédrale du Centenaire Protestant",
                "category": "Church",
                "img": "https://lh5.googleusercontent.com/p/AF1QipNRVZHt-vfaki7jzVLGDV3XIfwqDPYb3TPf5m02=w148-h148-n-k-no"
            },
            {
                "title": "Palais De Marbre",
                "category": "Palace",
                "img": "https://lh5.googleusercontent.com/p/AF1QipMu9bUnf95jNsYvdM2R83euxHVvWD9h8rtDQTfa=w148-h148-n-k-no"
            },
            {
                "title": "Halle de la Gombe",
                "category": "Compound grounds",
                "img": "https://lh5.googleusercontent.com/p/AF1QipOHuX0JVUrxW3o1tlk4Y3NVtnmHLZ7hNOJ4s4po=w148-h148-n-k-no"
            },
            {
                "title": "Forescom",
                "category": "Building",
                "img": "https://lh5.googleusercontent.com/p/AF1QipMTPSKW0IiZqnxv2x-4S2imKyzhFIxE9oXA65GI=w148-h148-n-k-no"
            }
        ],
        "Dibaya-Lubwe": []
    },
    "sights": [
        {
            "title": "Virunga National Park",
            "category": "National park",
            "url": "https://virunga.org/",
            "img": "https://lh5.googleusercontent.com/p/AF1QipMnw7KZi6xev1kjr_NaSzMyftsdkrlv5CUXMsCT=w148-h148-n-k-no"
        },
        {
            "title": "Garamba National Park",
            "category": "National park",
            "url": "https://www.african-parks.org/the-parks/garamba",
            "img": "https://lh5.googleusercontent.com/p/AF1QipMbAGVmc5bmQSaL5QsUuu4117A4x2muMR-vQMOl=w148-h148-n-k-no"
        },
        {
            "title": "Kahuzi-Biega National Park",
            "category": "National park",
            "url": "https://www.kahuzi-biega.com/",
            "img": "https://lh5.googleusercontent.com/p/AF1QipOzz10DbGes6DFA98saqwARWnUeeWgWOS_B6zxa=w148-h148-n-k-no"
        },
        {
            "title": "Salonga National Park",
            "category": "National park",
            "url": "https://salonga.org/",
            "img": "https://lh5.googleusercontent.com/p/AF1QipMsynziGE5nJdaxnEW_T7O31P28lEnLQMnotEWy=w148-h148-n-k-no"
        },
        {
            "title": "Lola ya Bonobo Sanctuary",
            "category": "Animal park",
            "url": "http://www.bonobos.org/",
            "img": "https://lh5.googleusercontent.com/p/AF1QipMV0x7Svw8ne3h_T7CJ0QgFQ36VbT0ETNQBfnoq=w148-h148-n-k-no"
        },
        {
            "title": "Mount Nyiragongo",
            "category": "Volcano",
            "img": "https://lh5.googleusercontent.com/p/AF1QipMJ6ZIN1upffQJQWd62swxKaa605FVaivADUjQY=w148-h148-n-k-no"
        },
        {
            "title": "Kinshasa",
            "category": "Locality",
            "img": "https://lh5.googleusercontent.com/p/AF1QipMFEDOswDabR0SpbKHReR-v8z84-Fxgtkufk5co=w148-h148-n-k-no"
        },
        {
            "title": "Okapi Wildlife Reserve",
            "category": "Nature reserve",
            "img": "https://lh5.googleusercontent.com/p/AF1QipNdr7-ofkmQHpELG-vWkeOlUSDQvfHkv7kFM07Z=w148-h148-n-k-no"
        },
        {
            "title": "Maiko National Park",
            "category": "National park",
            "url": "http://www.maikonationalpark.com/",
            "img": "https://lh5.googleusercontent.com/p/AF1QipMiro0EAT8vFeI4VHkMYTZ0aJ1KS7jz98plau6D=w148-h148-n-k-no"
        },
        {
            "title": "Upemba National Park",
            "category": "National park",
            "url": "https://www.upembanationalpark.com/",
            "img": "https://lh5.googleusercontent.com/p/AF1QipMYIZY0YNIrN2mrSj64aaep33ZtgFrRpx3tdEmf=w148-h148-n-k-no"
        },
        {
            "title": "Lualaba",
            "category": "Water",
            "img": "https://lh5.googleusercontent.com/p/AF1QipNwhzlP7F9ZdTwzdiCVN6YtR4JF7KZL-ZvcaMEU=w148-h148-n-k-no"
        },
        {
            "title": "Boyoma Falls",
            "category": "Waterfall",
            "img": "https://lh5.googleusercontent.com/p/AF1QipOmGN-uiqE67r5CKl1yv73kwQKQB0SjPOyPk4ff=w148-h148-n-k-no"
        },
        {
            "title": "Idjwi Island",
            "category": "Island",
            "img": "https://lh5.googleusercontent.com/p/AF1QipPlRcjSQcY5tqeuoCrSXA93WgL_5bWiqlIgJdlW=w148-h148-n-k-no"
        },
        {
            "title": "Lake Kivu",
            "category": "Lake",
            "img": "https://lh5.googleusercontent.com/p/AF1QipMWudht88hmolfkILkVE46kEOSpbojZgNh4Cvyc=w148-h148-n-k-no"
        },
        {
            "title": "Kundelungu National Park",
            "category": "Park and Garden",
            "img": "https://lh5.googleusercontent.com/p/AF1QipOkhb3d3AHRohV2Hj-BvaGm-JaETXzvaloFph16=w148-h148-n-k-no"
        },
        {
            "title": "Mount Sabyinyo",
            "category": "Volcano",
            "img": "https://lh5.googleusercontent.com/p/AF1QipM-teJnMfPpzeoI64i2HDD-euFI_70_mcuRfs22=w148-h148-n-k-no"
        }
    ]
}