{
    "cities": {
        "Bouar": [
            {
                "title": "Our Lady of Lebanon بازيليك سيدة لبنان",
                "category": "Catholic church",
                "url": "http://www.ololb.org/",
                "img": "https://lh5.googleusercontent.com/p/AF1QipOGFzrzgo18RqUClFJ2KAc8ixDZVc_36WpvmgC2=w148-h148-n-k-no"
            },
            {
                "title": "Monastery Saint Maroun",
                "category": "Monastery",
                "img": "https://lh5.googleusercontent.com/p/AF1QipOhilpIzJyORASD0T_j2gMyuuS-5B0ajXsR3jY6=w148-h148-n-k-no"
            },
            {
                "title": "Byblos",
                "category": "Locality",
                "img": "https://lh5.googleusercontent.com/p/AF1QipMXDA166LGuamWiM4f2mwR8GE02EpeVmF5rzbvC=w148-h148-n-k-no"
            },
            {
                "title": "Byblos Dock And Fishing Port",
                "category": "Boat ramp",
                "img": "https://lh5.googleusercontent.com/p/AF1QipODD6vIRL1cG3-KHaBneq6JYkuRfv_w5nD167xK=w148-h148-n-k-no"
            },
            {
                "title": "Saint John Marc Church - كاتدرائية مار يوحنا مرقس",
                "category": "Catholic cathedral",
                "url": "https://www.facebook.com/people/Eglise-Saint-Jean-Marc-Byblos/100077548262207/",
                "img": "https://lh5.googleusercontent.com/p/AF1QipMLPL8AhIzIxsjDfWec3uKYwupOfYeGkrPTCkO-=w148-h148-n-k-no"
            },
            {
                "title": "MACAM (Modern and Contemporary Art Museum)",
                "category": "Art museum",
                "url": "http://www.macamlebanon.org/",
                "img": "https://lh5.googleusercontent.com/p/AF1QipN77jO5iMVKHuMdpHeF0CsxcqkijpUay4mU8klR=w148-h148-n-k-no"
            },
            {
                "title": "Armenian Genocide Orphans' \"Aram Bezikian\" Museum",
                "category": "Museum",
                "url": "https://instagram.com/the.mad.pin?igshid=N2ZiY2E3YmU=",
                "img": "https://lh5.googleusercontent.com/p/AF1QipMH2oB1Juvoz-uNBJSv1Q5KRGtCY6okv8VekiwN=w148-h148-n-k-no"
            },
            {
                "title": "Expo Hakel",
                "category": "Museum",
                "url": "http://www.expo-hakel.com/",
                "img": "https://lh5.googleusercontent.com/p/AF1QipNThLpaRvXdHIbTjbfBd-Sp5T9kpDV-_c7dUdip=w148-h148-n-k-no"
            },
            {
                "title": "Sanayeh",
                "category": "Park and Garden",
                "img": "https://lh5.googleusercontent.com/p/AF1QipMukxAzcQo_0kvOvRA1fUVAV5esUXvJbZNaZjs=w148-h148-n-k-no"
            },
            {
                "title": "Kadisha Valley",
                "category": "Ravine",
                "img": "https://lh5.googleusercontent.com/p/AF1QipM0rNUR1fvnQ9tnob8PNSvwNHYdsznSXh2PPzCB=w148-h148-n-k-no"
            },
            {
                "title": "Baalbek",
                "category": "Locality",
                "img": "https://lh5.googleusercontent.com/p/AF1QipM_ceQ7bXft45umyIGmypQZQ9ZdCFmB1Bjkhp95=w148-h148-n-k-no"
            },
            {
                "title": "The Old Souq",
                "category": "Market",
                "img": "https://lh5.googleusercontent.com/p/AF1QipN6tuOJSy0c_nfvjuHOATWBvWHUzNPZD2m7X_IH=w148-h148-n-k-no"
            },
            {
                "title": "Jeita Grotto",
                "category": "Tourist attraction",
                "url": "http://www.jeitagrotto.com/",
                "img": "https://lh5.googleusercontent.com/p/AF1QipMsFTNZjPIr-0gaGNrGi2mVdDYMRnv7Ao_SMIEc=w148-h148-n-k-no"
            },
            {
                "title": "Cedars of God Bsharri",
                "category": "Nature reserve",
                "img": "https://lh5.googleusercontent.com/p/AF1QipNPPQy9zWGBVLla1S3Rz8jXQ_OUD7fArb8nXL55=w148-h148-n-k-no"
            },
            {
                "title": "Jbeil Public Park",
                "category": "Park and Garden",
                "img": "https://lh5.googleusercontent.com/p/AF1QipPFpFbHpa0ZlfmoXdT1EReXga11P4cTIX8W5tQu=w148-h148-n-k-no"
            },
            {
                "title": "Jabal Moussa Biosphere Reserve - Qehmez entrance | محميّة جبل موسى - مدخل قهمز",
                "category": "National reserve",
                "url": "http://www.jabalmoussa.org/",
                "img": "https://lh5.googleusercontent.com/p/AF1QipNP-7lyqrOVykCSi_LKlaVlVP-say5vO-TDVaix=w148-h148-n-k-no"
            }
        ],
        "Bégoua": [],
        "Bangassou": [],
        "Bangui": [
            {
                "title": "Boganda National Museum",
                "category": "Museum",
                "img": "https://lh5.googleusercontent.com/p/AF1QipOIU-vKDqTl9XxL6gCR_sTYqZ8aDLesz65fUU4z=w148-h148-n-k-no"
            },
            {
                "title": "Bangui Mall",
                "category": "Shopping Centre",
                "img": "https://lh5.googleusercontent.com/p/AF1QipPAGmrda7SgjyLLkWkJSdWv92d29HTNuaKCI84c=w148-h148-n-k-no"
            },
            {
                "title": "Notre-Dame of Bangui Cathedral",
                "category": "Cathedral",
                "img": "https://lh5.googleusercontent.com/p/AF1QipPJegRQFKsti6U3MHJHqo5IvRlQlEOrRBMbQfR8=w148-h148-n-k-no"
            },
            {
                "title": "Mbaïki",
                "category": "Locality",
                "img": "https://lh5.googleusercontent.com/p/AF1QipPzXf9rkwHoTCy6wUIdPxkIbdFMxV5DKPXJco9K=w148-h148-n-k-no"
            },
            {
                "title": "Chutes de Boali",
                "category": "Tourist attraction",
                "url": "http://www.wondermondo.com/Countries/Af/CentralAfricanRepublic/Ombella/Boali.htm",
                "img": "https://lh5.googleusercontent.com/p/AF1QipPpM7LMVxKc9E-HzkoZ24TRqE95wo7554mEHlLA=w148-h148-n-k-no"
            }
        ],
        "Carnot": [],
        "Bimbo": [
            {
                "title": "MINUSCA HQ",
                "category": "Army facility",
                "img": "https://lh5.googleusercontent.com/p/AF1QipPxEccIs0fV-xfJW8EPVDjvYbv7_9ODuL8CGPbf=w148-h148-n-k-no"
            },
            {
                "title": "Rayan Super Market",
                "category": "Supermarket",
                "img": "https://lh5.googleusercontent.com/p/AF1QipOrJAWrHhCBgVvLh_MAfZfLB-728nvWrG8EeKkd=w148-h148-n-k-no"
            },
            {
                "title": "University of Bangui",
                "category": "University",
                "url": "http://www.univ-bangui.org/",
                "img": "https://lh5.googleusercontent.com/p/AF1QipMJV6JuILGEhfbpIck8TYRI2VTrwUX764ZlazqM=w148-h148-n-k-no"
            },
            {
                "title": "Ledger Plaza Bangui",
                "category": "Hotel",
                "url": "https://ledgerplaza-bangui.com/?lang=en",
                "img": "https://lh5.googleusercontent.com/proxy/Mz3UEbYGfmSZvVdF2rq4-P_W7G0UtF2vRjmXnMr88yqXJ7od6QZHeGw882V3bfApF3q3mXj2n3YPE7c_zu9xusnL08Bv1HMMK9wNpsl6QGRKkJ7jnmFzaHWnMkunKJsALmSpO_OgU_WzsHb82vsLGQ_peOO29g=w148-h148-n-k-no"
            },
            {
                "title": "Boganda National Museum",
                "category": "Museum",
                "img": "https://lh5.googleusercontent.com/p/AF1QipOIU-vKDqTl9XxL6gCR_sTYqZ8aDLesz65fUU4z=w148-h148-n-k-no"
            },
            {
                "title": "Hotel Levy's",
                "category": "Hotel",
                "url": "https://sites.google.com/view/hotel-levy-s/",
                "img": "https://lh3.googleusercontent.com/proxy/-r3lkJuLS6P8fvqpsFQdnvPbNhxrpDQ9vCBlYmxfqBFzJXgpQic7A8wotqJZJyrzif_ZsPVbYfeJjg6Q9795N1chSjK0TRc-ew-apKZj97Crj_Ftzdu0b6h0chRDyM0mFJIvh0Nz5AmwU95GvHd7nJILRG23W9s=w148-h148-n-k-no"
            },
            {
                "title": "Boali",
                "category": "Administrative Area2",
                "img": "https://lh5.googleusercontent.com/p/AF1QipOXcf34y0yLIAC6auavcC725ql4rka9-RJCnx_X=w148-h148-n-k-no"
            },
            {
                "title": "Oubangui Hotel",
                "category": "Hotel",
                "img": "https://lh4.googleusercontent.com/proxy/3PL1fqG5EzHeqWVFJqw4zc_Kn3Rlm1oNgSEbgtyAnWUdL17qRmp5SosANlZ-bSQqHOwlgTd6XDa_-vyB69jim1YKpCQlHJuFDHEu-RRE1EBh7ZQ0tc_wUB7Ooe8QaDI0ChjCFooLbUl-jHeYOEl_q6JOJ0_uJ60=w148-h148-n-k-no"
            },
            {
                "title": "Mbaïki",
                "category": "Locality",
                "img": "https://lh5.googleusercontent.com/p/AF1QipPzXf9rkwHoTCy6wUIdPxkIbdFMxV5DKPXJco9K=w148-h148-n-k-no"
            },
            {
                "title": "Bangui Mall",
                "category": "Shopping Centre",
                "img": "https://lh5.googleusercontent.com/p/AF1QipPAGmrda7SgjyLLkWkJSdWv92d29HTNuaKCI84c=w148-h148-n-k-no"
            },
            {
                "title": "Bangui",
                "category": "Locality",
                "img": "https://lh5.googleusercontent.com/p/AF1QipPbnhUYUEfYWEAC3waHxIQz-hc_InHHnaN1Tfjz=w148-h148-n-k-no"
            },
            {
                "title": "Notre-Dame of Bangui Cathedral",
                "category": "Cathedral",
                "img": "https://lh5.googleusercontent.com/p/AF1QipPJegRQFKsti6U3MHJHqo5IvRlQlEOrRBMbQfR8=w148-h148-n-k-no"
            },
            {
                "title": "Chutes de Boali",
                "category": "Tourist attraction",
                "url": "http://www.wondermondo.com/Countries/Af/CentralAfricanRepublic/Ombella/Boali.htm",
                "img": "https://lh5.googleusercontent.com/p/AF1QipPpM7LMVxKc9E-HzkoZ24TRqE95wo7554mEHlLA=w148-h148-n-k-no"
            }
        ],
        "Bambari": [],
        "Kaga-Bandoro": [],
        "Bossangoa": [],
        "Berbérati": []
    },
    "sights": [
        {
            "title": "Bangui",
            "category": "Locality",
            "img": "https://lh5.googleusercontent.com/p/AF1QipPbnhUYUEfYWEAC3waHxIQz-hc_InHHnaN1Tfjz=w148-h148-n-k-no"
        },
        {
            "title": "Bangui Mall",
            "category": "Shopping Centre",
            "img": "https://lh5.googleusercontent.com/p/AF1QipPAGmrda7SgjyLLkWkJSdWv92d29HTNuaKCI84c=w148-h148-n-k-no"
        },
        {
            "title": "Manovo-Gounda-Saint Floris National Park",
            "category": "National park",
            "url": "https://whc.unesco.org/en/list/475",
            "img": "https://lh5.googleusercontent.com/p/AF1QipN9LI8r20zBJhuroZMX-Ces0xYRYr2Hy8oCCuiw=w148-h148-n-k-no"
        },
        {
            "title": "Notre-Dame of Bangui Cathedral",
            "category": "Cathedral",
            "img": "https://lh5.googleusercontent.com/p/AF1QipPJegRQFKsti6U3MHJHqo5IvRlQlEOrRBMbQfR8=w148-h148-n-k-no"
        },
        {
            "title": "Dzanga-Sangha National Park",
            "category": "National park",
            "url": "http://www.dzanga-sangha.org/",
            "img": "https://lh5.googleusercontent.com/p/AF1QipO1R13f0jYNCnA14wtGjHwn5kox_50_U4Y9XhE1=w148-h148-n-k-no"
        },
        {
            "title": "Chutes de Boali",
            "category": "Tourist attraction",
            "url": "http://www.wondermondo.com/Countries/Af/CentralAfricanRepublic/Ombella/Boali.htm",
            "img": "https://lh5.googleusercontent.com/p/AF1QipPpM7LMVxKc9E-HzkoZ24TRqE95wo7554mEHlLA=w148-h148-n-k-no"
        },
        {
            "title": "Dzanga-Ndoki National Park",
            "category": "National park",
            "img": "https://lh5.googleusercontent.com/p/AF1QipNRMf9R6BvK40Ae6R77XFrxAjXErz9R3zYWwcOn=w148-h148-n-k-no"
        },
        {
            "title": "Boali",
            "category": "Administrative Area2",
            "img": "https://lh5.googleusercontent.com/p/AF1QipOXcf34y0yLIAC6auavcC725ql4rka9-RJCnx_X=w148-h148-n-k-no"
        },
        {
            "title": "Birao",
            "category": "Locality",
            "img": "https://lh5.googleusercontent.com/p/AF1QipPVr833KW-k1i4WKo_cj3PCWSy8HXF8U8q3-aCg=w148-h148-n-k-no"
        },
        {
            "title": "Bamingui",
            "category": "Locality",
            "img": "https://lh5.googleusercontent.com/p/AF1QipM7PLl8Hx_NRJMEcmiz3LRA2HHPpIU5B2idBtgH=w148-h148-n-k-no"
        },
        {
            "title": "Berbérati",
            "category": "Locality",
            "img": "https://lh5.googleusercontent.com/p/AF1QipPfYSGgU34Ik1a8hgSXEtszxCvFnmcG47jp-fYL=w148-h148-n-k-no"
        },
        {
            "title": "Boganda National Museum",
            "category": "Museum",
            "img": "https://lh5.googleusercontent.com/p/AF1QipOIU-vKDqTl9XxL6gCR_sTYqZ8aDLesz65fUU4z=w148-h148-n-k-no"
        },
        {
            "title": "Mbaïki",
            "category": "Locality",
            "img": "https://lh5.googleusercontent.com/p/AF1QipPzXf9rkwHoTCy6wUIdPxkIbdFMxV5DKPXJco9K=w148-h148-n-k-no"
        },
        {
            "title": "Chinko Nature Reserve",
            "category": "Nature reserve",
            "img": "https://lh5.googleusercontent.com/p/AF1QipNFL4AybJpW1HmQOldFDTIaFPAAIc9cJA5byTCs=w148-h148-n-k-no"
        },
        {
            "title": "Bouar",
            "category": "Locality",
            "img": "https://lh5.googleusercontent.com/p/AF1QipNY373CYEfhOw-YkEHgHhDFX3ULkhV8ixMLu0M=w148-h148-n-k-no"
        },
        {
            "title": "Ubangi River",
            "category": "River",
            "img": "https://lh5.googleusercontent.com/p/AF1QipNpkl-aq4cEzfCKKBvyvJC3Z5AvSRN2nPvmSsCL=w148-h148-n-k-no"
        }
    ]
}