{
    "cities": {
        "Toumodi": [
            {
                "title": "MuCAT (Musée des Cultures Contemporaines Adama TOUNGARA)",
                "category": "Art museum",
                "url": "https://mucat.net/",
                "img": "https://lh5.googleusercontent.com/p/AF1QipPtTjZM5GFndfHe98rjp_zqtMlgZS-8DIk-sl4L=w148-h148-n-k-no"
            },
            {
                "title": "Majestic Cinéma - Sococe",
                "category": "Cinema",
                "url": "http://www.majesticcinema.ci/",
                "img": "https://lh5.googleusercontent.com/p/AF1QipPrsoILR0EbklNe-xGQnhyzbLcpqidXSW9HsofP=w148-h148-n-k-no"
            },
            {
                "title": "BASSAM BEACH",
                "category": "Beach",
                "img": "https://lh5.googleusercontent.com/p/AF1QipO2Pon1NufV9yncHko3775WF5R6wWB58F4rfvFi=w148-h148-n-k-no"
            },
            {
                "title": "Gare UTB Yamoussoukro",
                "category": "Park and Garden",
                "img": "https://lh5.googleusercontent.com/p/AF1QipMA_j1BmvoHRRapx-Ac4hStw2yd9sDjM1rrfaJc=w148-h148-n-k-no"
            },
            {
                "title": "Sanctuaire Marial",
                "category": "Shrine",
                "img": "https://lh5.googleusercontent.com/p/AF1QipOEg1XXkzpDGo2C8yRBIItYGEiMWrCDhe2n9jbD=w148-h148-n-k-no"
            },
            {
                "title": "Dycoco",
                "category": "Performing arts theatre",
                "url": "https://dycoco-comedy.com/",
                "img": "https://lh5.googleusercontent.com/p/AF1QipMI3kESldfzZYuA92W6rjY1dHgRWfEUFDl4V8Zr=w148-h148-n-k-no"
            },
            {
                "title": "SELFIE BAR COCKTAIL",
                "category": "Cocktail bar",
                "img": "https://lh5.googleusercontent.com/p/AF1QipNRYDPh0m-g1OqUrApAqJyJhUQB0EmWBJEu_80p=w148-h148-n-k-no"
            },
            {
                "title": "St. Paul's Cathedral",
                "category": "Cathedral",
                "img": "https://lh5.googleusercontent.com/p/AF1QipOBXXNHP_LBEyAy_0Y8ealcT4aoUuRCup8LsIK4=w148-h148-n-k-no"
            },
            {
                "title": "Marché de treichville",
                "category": "Butchers",
                "url": "https://www.grandmarche.ci/",
                "img": "https://lh5.googleusercontent.com/p/AF1QipNX5x3IHW39QTrReD9SvDHODQg0p-B_t_MQx9_S=w148-h148-n-k-no"
            },
            {
                "title": "Zoo d'Abidjan",
                "category": "Zoo",
                "url": "https://www.facebook.com/ZooNationalAbidjan",
                "img": "https://lh5.googleusercontent.com/p/AF1QipMh6c8GJqtYTJsLsumWLMl76VaT4nKd5iKwhv6y=w148-h148-n-k-no"
            },
            {
                "title": "Abidjan",
                "category": "Locality",
                "img": "https://lh5.googleusercontent.com/p/AF1QipOVg7BOjjuYfHe7ulMp1XjklQQ3VYsk_QIaPIs=w148-h148-n-k-no"
            },
            {
                "title": "Galerie Cécile Fakhoury",
                "category": "Art gallery",
                "url": "http://www.cecilefakhoury.com/",
                "img": "https://lh5.googleusercontent.com/p/AF1QipOPyCTCVV1sayO3xIuNpg7Yku7rYq2dyraFGpGY=w148-h148-n-k-no"
            },
            {
                "title": "Marché de cocody Saint jean",
                "category": "Shopping Centre",
                "img": "https://lh5.googleusercontent.com/p/AF1QipNeDQM1yr51A5nFZ55uz8ZWMytcW99c58tBUNXs=w148-h148-n-k-no"
            },
            {
                "title": "Palais Présidentiel",
                "category": "Corporate office",
                "url": "http://www.presidence.ci/",
                "img": "https://lh5.googleusercontent.com/p/AF1QipONleCj1MehS6qHXbOBH99i-zqBLanrhFm5OZh4=w148-h148-n-k-no"
            },
            {
                "title": "The Basilica of Our Lady of Peace of Yamoussoukro",
                "category": "Basilica",
                "url": "https://basiliquenotredamedelapaix.com/",
                "img": "https://lh5.googleusercontent.com/p/AF1QipM_oouVk4jymeCrpXLY1HE6GGl3NmuWRgWPFNHj=w148-h148-n-k-no"
            },
            {
                "title": "Playce Shopping Mall",
                "category": "Hypermarket",
                "url": "http://www.carrefour.fr/",
                "img": "https://lh5.googleusercontent.com/p/AF1QipOLNe5ijxLOlnea8PuIJCcB_MuBxQt8GcOrROmn=w148-h148-n-k-no"
            }
        ],
        "Katiola": [],
        "Tengréla": [],
        "Soubré": [],
        "Guiglo": [],
        "Boundiali": [],
        "Sinfra": [
            {
                "title": "RESTOBROUSSE TOUMODI",
                "category": "African restaurant",
                "img": "https://lh5.googleusercontent.com/p/AF1QipOqtglxKwmup4spvTyRuzSQKXu1tf7xS2iiUm0f=w148-h148-n-k-no"
            },
            {
                "title": "Bandama River",
                "category": "River",
                "img": "https://lh5.googleusercontent.com/p/AF1QipMQJ0lSe1J0eGl_HD_JRcMIZe8QFVOzU-JEncmP=w148-h148-n-k-no"
            },
            {
                "title": "Azagny National Park",
                "category": "National park",
                "img": "https://lh5.googleusercontent.com/p/AF1QipOBpc4EhEGFAFnnKztt7j5pxUagSYfK1q45orFT=w148-h148-n-k-no"
            },
            {
                "title": "Taï National Park",
                "category": "Park and Garden",
                "url": "http://www.ecotourismetai.com/",
                "img": "https://lh5.googleusercontent.com/p/AF1QipPcot6tyeV9_4faPosCb47dGpjCmip2MdStRLnc=w148-h148-n-k-no"
            },
            {
                "title": "The Basilica of Our Lady of Peace of Yamoussoukro",
                "category": "Basilica",
                "url": "https://basiliquenotredamedelapaix.com/",
                "img": "https://lh5.googleusercontent.com/p/AF1QipM_oouVk4jymeCrpXLY1HE6GGl3NmuWRgWPFNHj=w148-h148-n-k-no"
            }
        ],
        "Gagnoa": [
            {
                "title": "St. Ann Cathedral, Gagnoa",
                "category": "Cathedral",
                "img": "https://lh5.googleusercontent.com/p/AF1QipPWJlLFTfUk8BEOyR5EXGW4E0BiZ6w_Ttii3k3V=w148-h148-n-k-no"
            },
            {
                "title": "Rond-point dioulabougou",
                "category": "Garden",
                "img": "https://lh5.googleusercontent.com/p/AF1QipOIrzc-A1Cw3zRfOy9LRCXctq36hmdWCi62xxcv=w148-h148-n-k-no"
            },
            {
                "title": "Mosquée AN-NOUR مسجد",
                "category": "Mosque",
                "img": "https://lh5.googleusercontent.com/p/AF1QipNKynJK80IRXFHjkBaf6uwz2iGpsgzg_tqZq8oG=w148-h148-n-k-no"
            },
            {
                "title": "Mosquee en Bois",
                "category": "Mosque",
                "img": "https://lh5.googleusercontent.com/p/AF1QipOe4YYmVSTlImlN8FZiVq21eqxytlfDw0A8tpw4=w148-h148-n-k-no"
            },
            {
                "title": "The Basilica of Our Lady of Peace of Yamoussoukro",
                "category": "Basilica",
                "url": "https://basiliquenotredamedelapaix.com/",
                "img": "https://lh5.googleusercontent.com/p/AF1QipM_oouVk4jymeCrpXLY1HE6GGl3NmuWRgWPFNHj=w148-h148-n-k-no"
            },
            {
                "title": "KOFR FOR Discothèque/ Bar Gagnoa/GARAHIO",
                "category": "Night Club",
                "img": "https://lh5.googleusercontent.com/p/AF1QipMC-i5LIf6ymcAqmJJhh3oGiOUsdtJim0zd1Vfr=w148-h148-n-k-no"
            },
            {
                "title": "Collège Entente",
                "category": "Cinema",
                "img": "https://lh5.googleusercontent.com/p/AF1QipO5K0gWRf999T7mWqknvzoQa_G3ScNyGuVnyyCM=w148-h148-n-k-no"
            },
            {
                "title": "Yamoussoukro",
                "category": "Locality",
                "img": "https://lh5.googleusercontent.com/p/AF1QipO9jpWr9uo_nXs0ZI-g17yyT6Ipi3P4lI_vNJR7=w148-h148-n-k-no"
            }
        ],
        "Bouaflé": [],
        "Grand-Bassam": [
            {
                "title": "BASSAM BEACH",
                "category": "Beach",
                "img": "https://lh5.googleusercontent.com/p/AF1QipO2Pon1NufV9yncHko3775WF5R6wWB58F4rfvFi=w148-h148-n-k-no"
            },
            {
                "title": "Cultural Center Jean Baptiste Mockey",
                "category": "Cultural centre",
                "img": "https://lh5.googleusercontent.com/p/AF1QipN_6VbG3kjTHE9LuTq0Yt40rQ3mlpo_UeUy0f0=w148-h148-n-k-no"
            },
            {
                "title": "Royal Palace of N’Zima Grand Bassam",
                "category": "Historical landmark",
                "img": "https://lh5.googleusercontent.com/p/AF1QipOEp_eLOyeuPQ_VOppvzFmVx2DaAgwBBtluQoCv=w148-h148-n-k-no"
            },
            {
                "title": "Palais de Justice Nouveau",
                "category": "Courthouse",
                "img": "https://lh5.googleusercontent.com/p/AF1QipPQq9aRCu-aiyDaEfLnVB3-PELi7DjAANZ884Aq=w148-h148-n-k-no"
            },
            {
                "title": "Sacred Heart Cathedral",
                "category": "Church",
                "img": "https://lh5.googleusercontent.com/p/AF1QipPQlXpe3_ztwt3qQEwcAdfy-2UhkmvIdVtAR9hs=w148-h148-n-k-no"
            },
            {
                "title": "Ganamet House",
                "category": "Tourist attraction",
                "img": "https://lh5.googleusercontent.com/p/AF1QipMfBuzlzO7itQ5ZdhOSxZLcCy3hXzx7BX5L_-Xk=w148-h148-n-k-no"
            },
            {
                "title": "National Museum of Costume",
                "category": "Art museum",
                "img": "https://lh5.googleusercontent.com/p/AF1QipMzx4NCeWq7Y52Ral0KJlNIBaPOrk7OUc16iOMK=w148-h148-n-k-no"
            },
            {
                "title": "CFAO Store",
                "category": "Tourist attraction",
                "img": "https://lh5.googleusercontent.com/p/AF1QipNxbhhNmtA8XdsJ-it7sTCpxZk3mzr1Z6wsvUDe=w148-h148-n-k-no"
            },
            {
                "title": "Pont de La Victoire",
                "category": "Bridge",
                "img": "https://lh5.googleusercontent.com/p/AF1QipMWB2P8HLGr2Q990Bdoo6nR3ihQTf_ggaIP5SIe=w148-h148-n-k-no"
            },
            {
                "title": "La Maison Edouard Aka",
                "category": "Point of interest",
                "url": "http://bassamnews.com/la-maison-blanckson/",
                "img": "https://lh5.googleusercontent.com/p/AF1QipP6PTSCyakcrRgqgOJ0hL18273KfjSwDnvaIYdD=w148-h148-n-k-no"
            },
            {
                "title": "Lighthouse Grand Bassam",
                "category": "Historical landmark",
                "img": "https://lh5.googleusercontent.com/p/AF1QipMSiZLDhhjLj5nlpGS6ai070_sa6GtcduunAUmx=w148-h148-n-k-no"
            }
        ],
        "Korhogo": [
            {
                "title": "Cathédrale Saint-Jean-Baptiste de Korhogo",
                "category": "Catholic cathedral",
                "img": "https://lh5.googleusercontent.com/p/AF1QipPxsMH5zDk52loc90Jj8tMnzvxoEOfjVl-FUWWa=w148-h148-n-k-no"
            },
            {
                "title": "Paroisse Saint Jean Bosco de Tiekelezo",
                "category": "Church",
                "url": "https://www.facebook.com/profile.php?id=100086588137073",
                "img": "https://lh5.googleusercontent.com/p/AF1QipMe-gZs6kjgdPPSigAQn86OBrSC0AMg5vGz6o3U=w148-h148-n-k-no"
            },
            {
                "title": "Le nouveau stade de Korhogo",
                "category": "Stadium",
                "img": "https://lh5.googleusercontent.com/p/AF1QipPwby2zhfRrUFtt-BGEF0hAL3MgDGKLDkHqrF4w=w148-h148-n-k-no"
            },
            {
                "title": "Mosquée BAKARY COULIBALY",
                "category": "Mosque",
                "img": "https://lh5.googleusercontent.com/p/AF1QipO-3z1ablImS_AZc1bMu9CHCKLeJcr18jSuqXBl=w148-h148-n-k-no"
            },
            {
                "title": "Quartier des sculpteurs",
                "category": "Homewares Shop",
                "img": "https://lh5.googleusercontent.com/p/AF1QipMGmc2q0W3q-OWMppaLZiFeHAp5sw2GVZcUDRSQ=w148-h148-n-k-no"
            },
            {
                "title": "Grande Mosquée de Korhogo مسجد",
                "category": "Mosque",
                "img": "https://lh5.googleusercontent.com/p/AF1QipMj4sPcoaUpJLGcwcnyKPG1ulauEeziDlpCrNsU=w148-h148-n-k-no"
            },
            {
                "title": "Famille Zana Gbonkaha Fabrication Professionnelle De Balafon",
                "category": "Museum",
                "img": "https://lh5.googleusercontent.com/p/AF1QipNxUvjhfoJ3LXN0_UaO-1QyfU4hmkWr57WUrqDA=w148-h148-n-k-no"
            },
            {
                "title": "JARDIN PUBLIC DE KORHOGO",
                "category": "Community garden",
                "img": "https://lh5.googleusercontent.com/p/AF1QipMEOd2yvhntscodJBYG8FZ5H_o4-PM-g-b90GIl=w148-h148-n-k-no"
            },
            {
                "title": "Mosque NAWAWI مسجد",
                "category": "Mosque",
                "img": "https://lh5.googleusercontent.com/p/AF1QipNUEbwGTR-VqKnqtaXLDSM0jjdj9E3yBciiZYL5=w148-h148-n-k-no"
            },
            {
                "title": "Musée Régional Péléforo Gbon Coulibaly de Korhogo",
                "category": "Museum",
                "img": "https://lh5.googleusercontent.com/p/AF1QipMI7e8VaF_SF6uz6QSq3jq-9Z-kC8-D4lWBvCxp=w148-h148-n-k-no"
            },
            {
                "title": "Stade municipal de Korhogo",
                "category": "Stadium",
                "img": "https://lh5.googleusercontent.com/p/AF1QipN6FFHJRZVri32f_TXtxSo7qqqBIDl9e6OV85yE=w148-h148-n-k-no"
            },
            {
                "title": "Grand tchedal market",
                "category": "Market",
                "img": "https://lh5.googleusercontent.com/p/AF1QipOFBy6Ut6U6hD7XSE3ZhgCdMGEb_TjIkpt4mkJM=w148-h148-n-k-no"
            }
        ],
        "Zagné": [],
        "Méagui": [
            {
                "title": "MuCAT (Musée des Cultures Contemporaines Adama TOUNGARA)",
                "category": "Art museum",
                "url": "https://mucat.net/",
                "img": "data:image/gif;base64,R0lGODlhAQABAIAAAP///////yH5BAEKAAEALAAAAAABAAEAAAICTAEAOw=="
            },
            {
                "title": "Chabad Lubavitch of Ivory Coast",
                "category": "Non-profit organisation",
                "url": "https://www.jewishci.com/",
                "img": "data:image/gif;base64,R0lGODlhAQABAIAAAP///////yH5BAEKAAEALAAAAAABAAEAAAICTAEAOw=="
            },
            {
                "title": "Baie de Cocody",
                "category": "Bay",
                "img": "data:image/gif;base64,R0lGODlhAQABAIAAAP///////yH5BAEKAAEALAAAAAABAAEAAAICTAEAOw=="
            },
            {
                "title": "La Pyramide",
                "category": "Building",
                "img": "data:image/gif;base64,R0lGODlhAQABAIAAAP///////yH5BAEKAAEALAAAAAABAAEAAAICTAEAOw=="
            },
            {
                "title": "BELIEVE SERVICES & LOCATION",
                "category": "Trailer rental service",
                "img": "data:image/gif;base64,R0lGODlhAQABAIAAAP///////yH5BAEKAAEALAAAAAABAAEAAAICTAEAOw=="
            },
            {
                "title": "Palais Présidentiel",
                "category": "Corporate office",
                "url": "http://www.presidence.ci/",
                "img": "data:image/gif;base64,R0lGODlhAQABAIAAAP///////yH5BAEKAAEALAAAAAABAAEAAAICTAEAOw=="
            },
            {
                "title": "Assinie-Mafia",
                "category": "Locality",
                "img": "data:image/gif;base64,R0lGODlhAQABAIAAAP///////yH5BAEKAAEALAAAAAABAAEAAAICTAEAOw=="
            },
            {
                "title": "Pont Ado",
                "category": "Bridge",
                "img": "data:image/gif;base64,R0lGODlhAQABAIAAAP///////yH5BAEKAAEALAAAAAABAAEAAAICTAEAOw=="
            },
            {
                "title": "CAVA Centre Artisanal de la Ville d'Abidjan",
                "category": "Handicrafts Wholesaler",
                "img": "data:image/gif;base64,R0lGODlhAQABAIAAAP///////yH5BAEKAAEALAAAAAABAAEAAAICTAEAOw=="
            },
            {
                "title": "Alizée Club",
                "category": "Nightclub",
                "img": "data:image/gif;base64,R0lGODlhAQABAIAAAP///////yH5BAEKAAEALAAAAAABAAEAAAICTAEAOw=="
            },
            {
                "title": "Le Chocoladrome - l'Ivoirienne de Chocolaterie",
                "category": "Corporate office",
                "img": "data:image/gif;base64,R0lGODlhAQABAIAAAP///////yH5BAEKAAEALAAAAAABAAEAAAICTAEAOw=="
            },
            {
                "title": "Apéro Coloré",
                "category": "Art cafe",
                "url": "http://instagram.com/aperocolore_abidjan",
                "img": "data:image/gif;base64,R0lGODlhAQABAIAAAP///////yH5BAEKAAEALAAAAAABAAEAAAICTAEAOw=="
            },
            {
                "title": "ENIGMA ESCAPE GAME",
                "category": "Escape room centre",
                "url": "http://enigma.ci/",
                "img": "data:image/gif;base64,R0lGODlhAQABAIAAAP///////yH5BAEKAAEALAAAAAABAAEAAAICTAEAOw=="
            },
            {
                "title": "Youpiland Abidjan",
                "category": "Recreation Centre",
                "url": "https://youpilandabidjan.com/",
                "img": "data:image/gif;base64,R0lGODlhAQABAIAAAP///////yH5BAEKAAEALAAAAAABAAEAAAICTAEAOw=="
            },
            {
                "title": "Laser Park Abidjan",
                "category": "Theme park",
                "img": "data:image/gif;base64,R0lGODlhAQABAIAAAP///////yH5BAEKAAEALAAAAAABAAEAAAICTAEAOw=="
            },
            {
                "title": "National Museum of Costume",
                "category": "Art museum",
                "img": "data:image/gif;base64,R0lGODlhAQABAIAAAP///////yH5BAEKAAEALAAAAAABAAEAAAICTAEAOw=="
            }
        ],
        "Dimbokro": [
            {
                "title": "Pont Ado",
                "category": "Bridge",
                "img": "https://lh5.googleusercontent.com/p/AF1QipMin6m2to04oZ_c_g1ESNG_zBLONt9U0LFKrJiF=w148-h148-n-k-no"
            },
            {
                "title": "CAVA Centre Artisanal de la Ville d'Abidjan",
                "category": "Handicrafts Wholesaler",
                "img": "https://lh5.googleusercontent.com/p/AF1QipPJGgbhT1U5_rG9z7r3VUafwpiNPvEnpw_wm3AP=w148-h148-n-k-no"
            },
            {
                "title": "Chabad Lubavitch of Ivory Coast",
                "category": "Non-profit organisation",
                "img": "https://lh5.googleusercontent.com/p/AF1QipO9OqXMqgfP-jiCXy20XlkbxrSHsg9Wgj_t44L-=w148-h148-n-k-no"
            },
            {
                "title": "BELIEVE SERVICES & LOCATION",
                "category": "Trailer rental service",
                "img": "https://lh5.googleusercontent.com/p/AF1QipNsz5ORsDvzjgPL5LzUE4rXEp0iilGnFhz_2suf=w148-h148-n-k-no"
            },
            {
                "title": "Amani Galerie D'art",
                "category": "Art gallery",
                "img": "https://lh5.googleusercontent.com/p/AF1QipP1s6qvc9BRXwEGtB1QrLokJnITgb442Uz9Dyxg=w148-h148-n-k-no"
            },
            {
                "title": "Zoo d'Abidjan",
                "category": "Zoo",
                "img": "https://lh5.googleusercontent.com/p/AF1QipMh6c8GJqtYTJsLsumWLMl76VaT4nKd5iKwhv6y=w148-h148-n-k-no"
            },
            {
                "title": "Palais Présidentiel",
                "category": "Corporate office",
                "img": "https://lh5.googleusercontent.com/p/AF1QipONleCj1MehS6qHXbOBH99i-zqBLanrhFm5OZh4=w148-h148-n-k-no"
            },
            {
                "title": "Sanctuaire Marial",
                "category": "Shrine",
                "img": "https://lh5.googleusercontent.com/p/AF1QipOEg1XXkzpDGo2C8yRBIItYGEiMWrCDhe2n9jbD=w148-h148-n-k-no"
            },
            {
                "title": "La Pyramide",
                "category": "Building",
                "img": "https://lh5.googleusercontent.com/p/AF1QipNsQKSv8Ubc86HC0Vo5E3Ndi7i1kIEIlAQJMoaA=w148-h148-n-k-no"
            },
            {
                "title": "St. Paul's Cathedral",
                "category": "Cathedral",
                "img": "https://lh5.googleusercontent.com/p/AF1QipOBXXNHP_LBEyAy_0Y8ealcT4aoUuRCup8LsIK4=w148-h148-n-k-no"
            },
            {
                "title": "Galerie Cécile Fakhoury",
                "category": "Art gallery",
                "img": "https://lh5.googleusercontent.com/p/AF1QipOPyCTCVV1sayO3xIuNpg7Yku7rYq2dyraFGpGY=w148-h148-n-k-no"
            },
            {
                "title": "Marché de cocody Saint jean",
                "category": "Shopping Centre",
                "img": "https://lh5.googleusercontent.com/p/AF1QipNeDQM1yr51A5nFZ55uz8ZWMytcW99c58tBUNXs=w148-h148-n-k-no"
            },
            {
                "title": "National Museum of Costume",
                "category": "Art museum",
                "img": "https://lh5.googleusercontent.com/p/AF1QipMzx4NCeWq7Y52Ral0KJlNIBaPOrk7OUc16iOMK=w148-h148-n-k-no"
            },
            {
                "title": "The Basilica of Our Lady of Peace of Yamoussoukro",
                "category": "Basilica",
                "img": "https://lh5.googleusercontent.com/p/AF1QipM_oouVk4jymeCrpXLY1HE6GGl3NmuWRgWPFNHj=w148-h148-n-k-no"
            },
            {
                "title": "Jardin Botanique de Bingerville",
                "category": "Park and Garden",
                "img": "https://lh5.googleusercontent.com/p/AF1QipONccI3fqgU-kYTmn77zf72Xpf0LVpmGPPnOL_S=w148-h148-n-k-no"
            },
            {
                "title": "Marché de treichville",
                "category": "Butchers",
                "img": "https://lh5.googleusercontent.com/p/AF1QipNX5x3IHW39QTrReD9SvDHODQg0p-B_t_MQx9_S=w148-h148-n-k-no"
            }
        ],
        "Divo": [
            {
                "title": "Sassandra",
                "category": "Locality",
                "img": "https://lh5.googleusercontent.com/p/AF1QipNbpBC1DjlXuThf2fOIvUa132VcClKXdrDPSy0g=w148-h148-n-k-no"
            },
            {
                "title": "Sanctuaire Marial",
                "category": "Shrine",
                "img": "https://lh5.googleusercontent.com/p/AF1QipOEg1XXkzpDGo2C8yRBIItYGEiMWrCDhe2n9jbD=w148-h148-n-k-no"
            },
            {
                "title": "Hôtel ivoire",
                "category": "Hotel",
                "img": "https://lh5.googleusercontent.com/p/AF1QipPZLfOIN2yo329cwAK-cBwjA_sodu2FqhvTBASX=w148-h148-n-k-no"
            },
            {
                "title": "Taï National Park",
                "category": "Park and Garden",
                "img": "https://lh5.googleusercontent.com/p/AF1QipPcot6tyeV9_4faPosCb47dGpjCmip2MdStRLnc=w148-h148-n-k-no"
            },
            {
                "title": "SANT'EGIDIO CÔTE D'IVOIRE",
                "category": "Religious destination",
                "img": "https://lh5.googleusercontent.com/p/AF1QipO7-0-b6r9TcVoI5yBgIgn7yP99aC19IiK_UOM=w148-h148-n-k-no"
            },
            {
                "title": "La Pyramide",
                "category": "Building",
                "img": "https://lh5.googleusercontent.com/p/AF1QipNsQKSv8Ubc86HC0Vo5E3Ndi7i1kIEIlAQJMoaA=w148-h148-n-k-no"
            },
            {
                "title": "Marché de treichville",
                "category": "Butchers",
                "img": "https://lh5.googleusercontent.com/p/AF1QipNX5x3IHW39QTrReD9SvDHODQg0p-B_t_MQx9_S=w148-h148-n-k-no"
            },
            {
                "title": "BASSAM BEACH",
                "category": "Beach",
                "img": "https://lh5.googleusercontent.com/p/AF1QipO2Pon1NufV9yncHko3775WF5R6wWB58F4rfvFi=w148-h148-n-k-no"
            },
            {
                "title": "Palais Présidentiel",
                "category": "Corporate office",
                "img": "https://lh5.googleusercontent.com/p/AF1QipONleCj1MehS6qHXbOBH99i-zqBLanrhFm5OZh4=w148-h148-n-k-no"
            },
            {
                "title": "The Basilica of Our Lady of Peace of Yamoussoukro",
                "category": "Basilica",
                "img": "https://lh5.googleusercontent.com/p/AF1QipM_oouVk4jymeCrpXLY1HE6GGl3NmuWRgWPFNHj=w148-h148-n-k-no"
            },
            {
                "title": "Marché de cocody Saint jean",
                "category": "Shopping Centre",
                "img": "https://lh5.googleusercontent.com/p/AF1QipNeDQM1yr51A5nFZ55uz8ZWMytcW99c58tBUNXs=w148-h148-n-k-no"
            },
            {
                "title": "National Museum of Costume",
                "category": "Art museum",
                "img": "https://lh5.googleusercontent.com/p/AF1QipMzx4NCeWq7Y52Ral0KJlNIBaPOrk7OUc16iOMK=w148-h148-n-k-no"
            },
            {
                "title": "Zoo d'Abidjan",
                "category": "Zoo",
                "img": "https://lh5.googleusercontent.com/p/AF1QipMh6c8GJqtYTJsLsumWLMl76VaT4nKd5iKwhv6y=w148-h148-n-k-no"
            },
            {
                "title": "Galerie Cécile Fakhoury",
                "category": "Art gallery",
                "img": "https://lh5.googleusercontent.com/p/AF1QipO747oXc_7wbHjg3WZcP21sYgibDmN1lds4ryem=w148-h148-n-k-no"
            },
            {
                "title": "St. Paul's Cathedral",
                "category": "Cathedral",
                "img": "https://lh5.googleusercontent.com/p/AF1QipOBXXNHP_LBEyAy_0Y8ealcT4aoUuRCup8LsIK4=w148-h148-n-k-no"
            },
            {
                "title": "Playce Shopping Mall",
                "category": "Hypermarket",
                "img": "https://lh5.googleusercontent.com/p/AF1QipOLNe5ijxLOlnea8PuIJCcB_MuBxQt8GcOrROmn=w148-h148-n-k-no"
            }
        ],
        "Ferkessédougou": [],
        "Séguéla": [],
        "Aboisso": [
            {
                "title": "St. Paul's Cathedral",
                "category": "Cathedral",
                "img": "https://lh5.googleusercontent.com/p/AF1QipOBXXNHP_LBEyAy_0Y8ealcT4aoUuRCup8LsIK4=w148-h148-n-k-no"
            },
            {
                "title": "Palais Présidentiel",
                "category": "Corporate office",
                "url": "http://www.presidence.ci/",
                "img": "https://lh5.googleusercontent.com/p/AF1QipONleCj1MehS6qHXbOBH99i-zqBLanrhFm5OZh4=w148-h148-n-k-no"
            },
            {
                "title": "National Museum of Costume",
                "category": "Art museum",
                "img": "https://lh5.googleusercontent.com/p/AF1QipMzx4NCeWq7Y52Ral0KJlNIBaPOrk7OUc16iOMK=w148-h148-n-k-no"
            },
            {
                "title": "Parc M'ploussoué",
                "category": "Memorial park",
                "img": "https://lh5.googleusercontent.com/p/AF1QipNSPS80GpCZbVTlVEqzZSVYSmSvy9LFa9BfAJkD=w148-h148-n-k-no"
            },
            {
                "title": "BASSAM BEACH",
                "category": "Beach",
                "img": "https://lh5.googleusercontent.com/p/AF1QipO2Pon1NufV9yncHko3775WF5R6wWB58F4rfvFi=w148-h148-n-k-no"
            },
            {
                "title": "Galerie Cécile Fakhoury",
                "category": "Art gallery",
                "url": "http://www.cecilefakhoury.com/",
                "img": "https://lh5.googleusercontent.com/p/AF1QipOPyCTCVV1sayO3xIuNpg7Yku7rYq2dyraFGpGY=w148-h148-n-k-no"
            },
            {
                "title": "Zoo d'Abidjan",
                "category": "Zoo",
                "url": "https://www.facebook.com/ZooNationalAbidjan",
                "img": "https://lh5.googleusercontent.com/p/AF1QipMh6c8GJqtYTJsLsumWLMl76VaT4nKd5iKwhv6y=w148-h148-n-k-no"
            },
            {
                "title": "Marché de treichville",
                "category": "Butchers",
                "url": "https://www.grandmarche.ci/",
                "img": "https://lh5.googleusercontent.com/p/AF1QipNX5x3IHW39QTrReD9SvDHODQg0p-B_t_MQx9_S=w148-h148-n-k-no"
            },
            {
                "title": "Jardin Botanique de Bingerville",
                "category": "Park and Garden",
                "img": "https://lh5.googleusercontent.com/p/AF1QipONccI3fqgU-kYTmn77zf72Xpf0LVpmGPPnOL_S=w148-h148-n-k-no"
            },
            {
                "title": "Plateau",
                "category": "Neighborhood",
                "img": "https://lh5.googleusercontent.com/p/AF1QipOG-bEDcCn3zs3YAWwZfiwQzOYuqeG8fanUxR4=w148-h148-n-k-no"
            },
            {
                "title": "Playce Shopping Mall",
                "category": "Hypermarket",
                "url": "http://www.carrefour.fr/",
                "img": "https://lh5.googleusercontent.com/p/AF1QipOLNe5ijxLOlnea8PuIJCcB_MuBxQt8GcOrROmn=w148-h148-n-k-no"
            },
            {
                "title": "Plateau Mosque",
                "category": "Mosque",
                "url": "http://www.mosqsalamplateau.net/",
                "img": "https://lh5.googleusercontent.com/p/AF1QipPsQE1OMZPAQ9rZlhRfcO2PcdYi8gRK6zcHI1G5=w148-h148-n-k-no"
            },
            {
                "title": "Parc National du Banco",
                "category": "Park and Garden",
                "img": "https://lh5.googleusercontent.com/p/AF1QipPf3GGb8n0vIvyqW3CLoBSZM1f8LU7Drd7k6W_n=w148-h148-n-k-no"
            },
            {
                "title": "Musée des Civilisations de Côte d'Ivoire",
                "category": "Museum",
                "img": "https://lh5.googleusercontent.com/p/AF1QipOytUWVvjotkIqX26FVO8p_BCTTTJy9Uo81D8dD=w148-h148-n-k-no"
            },
            {
                "title": "Treichville",
                "category": "Neighborhood",
                "img": "https://lh5.googleusercontent.com/p/AF1QipPZzmk0s3JTITre067vyUHsP6nhyh9tlsFdgDU5=w148-h148-n-k-no"
            }
        ],
        "Daoukro": [
            {
                "title": "Playce Shopping Mall",
                "category": "Hypermarket",
                "url": "http://www.carrefour.fr/",
                "img": "https://lh5.googleusercontent.com/p/AF1QipOLNe5ijxLOlnea8PuIJCcB_MuBxQt8GcOrROmn=w148-h148-n-k-no"
            },
            {
                "title": "La Pyramide",
                "category": "Building",
                "img": "https://lh5.googleusercontent.com/p/AF1QipNsQKSv8Ubc86HC0Vo5E3Ndi7i1kIEIlAQJMoaA=w148-h148-n-k-no"
            },
            {
                "title": "St. Paul's Cathedral",
                "category": "Cathedral",
                "img": "https://lh5.googleusercontent.com/p/AF1QipOBXXNHP_LBEyAy_0Y8ealcT4aoUuRCup8LsIK4=w148-h148-n-k-no"
            },
            {
                "title": "Plateau",
                "category": "Neighborhood",
                "img": "https://lh5.googleusercontent.com/p/AF1QipOG-bEDcCn3zs3YAWwZfiwQzOYuqeG8fanUxR4=w148-h148-n-k-no"
            },
            {
                "title": "Plateau Mosque",
                "category": "Mosque",
                "url": "http://www.mosqsalamplateau.net/",
                "img": "https://lh5.googleusercontent.com/p/AF1QipPsQE1OMZPAQ9rZlhRfcO2PcdYi8gRK6zcHI1G5=w148-h148-n-k-no"
            },
            {
                "title": "Musée des Civilisations de Côte d'Ivoire",
                "category": "Museum",
                "img": "https://lh5.googleusercontent.com/p/AF1QipOytUWVvjotkIqX26FVO8p_BCTTTJy9Uo81D8dD=w148-h148-n-k-no"
            },
            {
                "title": "Zoo d'Abidjan",
                "category": "Zoo",
                "url": "https://www.facebook.com/ZooNationalAbidjan",
                "img": "https://lh5.googleusercontent.com/p/AF1QipMh6c8GJqtYTJsLsumWLMl76VaT4nKd5iKwhv6y=w148-h148-n-k-no"
            },
            {
                "title": "Parc National du Banco",
                "category": "Park and Garden",
                "img": "https://lh5.googleusercontent.com/p/AF1QipPf3GGb8n0vIvyqW3CLoBSZM1f8LU7Drd7k6W_n=w148-h148-n-k-no"
            },
            {
                "title": "Jardin Botanique de Bingerville",
                "category": "Park and Garden",
                "img": "https://lh5.googleusercontent.com/p/AF1QipONccI3fqgU-kYTmn77zf72Xpf0LVpmGPPnOL_S=w148-h148-n-k-no"
            },
            {
                "title": "Palais Présidentiel",
                "category": "Corporate office",
                "url": "http://www.presidence.ci/",
                "img": "https://lh5.googleusercontent.com/p/AF1QipONleCj1MehS6qHXbOBH99i-zqBLanrhFm5OZh4=w148-h148-n-k-no"
            },
            {
                "title": "Treichville",
                "category": "Neighborhood",
                "img": "https://lh5.googleusercontent.com/p/AF1QipPZzmk0s3JTITre067vyUHsP6nhyh9tlsFdgDU5=w148-h148-n-k-no"
            },
            {
                "title": "The Basilica of Our Lady of Peace of Yamoussoukro",
                "category": "Basilica",
                "url": "https://basiliquenotredamedelapaix.com/",
                "img": "https://lh5.googleusercontent.com/p/AF1QipM_oouVk4jymeCrpXLY1HE6GGl3NmuWRgWPFNHj=w148-h148-n-k-no"
            },
            {
                "title": "Boigny Félix Houphouët Foundation for Peace Research",
                "category": "Association or organisation",
                "url": "http://www.fondation-fhb.org/",
                "img": "https://lh5.googleusercontent.com/p/AF1QipN6tS8fxuIllqw4GJP5RmWd48bKIzK0vlFYP3B5=w148-h148-n-k-no"
            }
        ],
        "Bingerville": [
            {
                "title": "MuCAT (Musée des Cultures Contemporaines Adama TOUNGARA)",
                "category": "Art museum",
                "url": "https://mucat.net/",
                "img": "https://lh5.googleusercontent.com/p/AF1QipPtTjZM5GFndfHe98rjp_zqtMlgZS-8DIk-sl4L=w148-h148-n-k-no"
            },
            {
                "title": "BASSAM BEACH",
                "category": "Beach",
                "img": "https://lh5.googleusercontent.com/p/AF1QipO2Pon1NufV9yncHko3775WF5R6wWB58F4rfvFi=w148-h148-n-k-no"
            },
            {
                "title": "CAVA Centre Artisanal de la Ville d'Abidjan",
                "category": "Handicrafts Wholesaler",
                "img": "https://lh5.googleusercontent.com/p/AF1QipPJGgbhT1U5_rG9z7r3VUafwpiNPvEnpw_wm3AP=w148-h148-n-k-no"
            },
            {
                "title": "Jardin Botanique de Bingerville",
                "category": "Park and Garden",
                "img": "https://lh5.googleusercontent.com/p/AF1QipONccI3fqgU-kYTmn77zf72Xpf0LVpmGPPnOL_S=w148-h148-n-k-no"
            },
            {
                "title": "Marché de cocody Saint jean",
                "category": "Shopping Centre",
                "img": "https://lh5.googleusercontent.com/p/AF1QipNeDQM1yr51A5nFZ55uz8ZWMytcW99c58tBUNXs=w148-h148-n-k-no"
            },
            {
                "title": "Marché de treichville",
                "category": "Butchers",
                "url": "https://www.grandmarche.ci/",
                "img": "https://lh5.googleusercontent.com/p/AF1QipNX5x3IHW39QTrReD9SvDHODQg0p-B_t_MQx9_S=w148-h148-n-k-no"
            },
            {
                "title": "Dycoco",
                "category": "Performing arts theatre",
                "url": "https://dycoco-comedy.com/",
                "img": "https://lh5.googleusercontent.com/p/AF1QipMI3kESldfzZYuA92W6rjY1dHgRWfEUFDl4V8Zr=w148-h148-n-k-no"
            },
            {
                "title": "Laser Park Abidjan",
                "category": "Theme park",
                "img": "https://lh5.googleusercontent.com/p/AF1QipMwY-Y75nkzIJ10HyECaUv9LH8ho7DFTDNj4MZo=w148-h148-n-k-no"
            },
            {
                "title": "St. Paul's Cathedral",
                "category": "Cathedral",
                "img": "https://lh5.googleusercontent.com/p/AF1QipOBXXNHP_LBEyAy_0Y8ealcT4aoUuRCup8LsIK4=w148-h148-n-k-no"
            },
            {
                "title": "Galerie Cécile Fakhoury",
                "category": "Art gallery",
                "url": "http://www.cecilefakhoury.com/",
                "img": "https://lh5.googleusercontent.com/p/AF1QipO747oXc_7wbHjg3WZcP21sYgibDmN1lds4ryem=w148-h148-n-k-no"
            },
            {
                "title": "ENIGMA ESCAPE GAME",
                "category": "Escape room centre",
                "url": "http://enigma.ci/",
                "img": "https://lh5.googleusercontent.com/p/AF1QipNFh7X1g_HyCvkL4L7dXfrXtvzC6pQh1_n-HzUI=w148-h148-n-k-no"
            },
            {
                "title": "Apéro Coloré",
                "category": "Art cafe",
                "url": "http://instagram.com/aperocolore_abidjan",
                "img": "https://lh5.googleusercontent.com/p/AF1QipMVLnjAyZqbnvXWI64Xt_Sk91qT7J71fuKEUom0=w148-h148-n-k-no"
            },
            {
                "title": "Youpiland Abidjan",
                "category": "Recreation Centre",
                "url": "https://youpilandabidjan.com/",
                "img": "https://lh5.googleusercontent.com/p/AF1QipOGNWiZKuwuv1aM7sSMWmGCbLEK83RoKyhQW4VU=w148-h148-n-k-no"
            },
            {
                "title": "Alizée Club",
                "category": "Nightclub",
                "img": "https://lh5.googleusercontent.com/p/AF1QipOObMXBUN1RqGtuCEgIoMOunXj5OTfxOYpaXHdj=w148-h148-n-k-no"
            },
            {
                "title": "Playce Shopping Mall",
                "category": "Hypermarket",
                "url": "http://www.carrefour.fr/",
                "img": "https://lh5.googleusercontent.com/p/AF1QipOLNe5ijxLOlnea8PuIJCcB_MuBxQt8GcOrROmn=w148-h148-n-k-no"
            },
            {
                "title": "Pont Ado",
                "category": "Bridge",
                "img": "https://lh5.googleusercontent.com/p/AF1QipMin6m2to04oZ_c_g1ESNG_zBLONt9U0LFKrJiF=w148-h148-n-k-no"
            }
        ],
        "Bonon": [
            {
                "title": "Yamoussoukro",
                "category": "Locality",
                "img": "https://lh5.googleusercontent.com/p/AF1QipO9jpWr9uo_nXs0ZI-g17yyT6Ipi3P4lI_vNJR7=w148-h148-n-k-no"
            },
            {
                "title": "Bouake",
                "category": "Locality",
                "img": "https://lh5.googleusercontent.com/p/AF1QipOQeA8hY22CH-vYphUbWOyaUKb_Z8kWBfhV_0sq=w148-h148-n-k-no"
            },
            {
                "title": "Man",
                "category": "Locality",
                "img": "https://lh5.googleusercontent.com/p/AF1QipPC2_eR-BlkYMi5apaBpebvmDsPNDyUMbVq2BkF=w148-h148-n-k-no"
            },
            {
                "title": "Taï National Park",
                "category": "Park and Garden",
                "img": "https://lh5.googleusercontent.com/p/AF1QipPcot6tyeV9_4faPosCb47dGpjCmip2MdStRLnc=w148-h148-n-k-no"
            },
            {
                "title": "The Basilica of Our Lady of Peace of Yamoussoukro",
                "category": "Basilica",
                "img": "https://lh5.googleusercontent.com/p/AF1QipM_oouVk4jymeCrpXLY1HE6GGl3NmuWRgWPFNHj=w148-h148-n-k-no"
            }
        ],
        "Abobo": [
            {
                "title": "Ivoire Golf Club",
                "category": "Golf club",
                "url": "http://www.ivoiregolfclub.com/",
                "img": "https://lh5.googleusercontent.com/p/AF1QipPFzqIeKmMitasR_yXg1HPsMUE967q-5s0sOGHH=w148-h148-n-k-no"
            },
            {
                "title": "Comptoir des Artisans",
                "category": "Restaurant",
                "url": "https://comptoirdesartisans.ci/",
                "img": "https://lh5.googleusercontent.com/p/AF1QipNueFaNnqNzaosK9HftWMewu4M10qYbt19uhXcr=w148-h148-n-k-no"
            },
            {
                "title": "Le Faubourg - L'Atelier Des Artistes",
                "category": "Restaurant",
                "img": "https://lh5.googleusercontent.com/p/AF1QipO3ntPNNusBhYG45wHSMSQOopTioYeCmGvQkI-n=w148-h148-n-k-no"
            },
            {
                "title": "THE LABS Training Camp Abidjan",
                "category": "Gym",
                "img": "https://lh5.googleusercontent.com/p/AF1QipNWTtOYHeUSExBlLc0pdYcf0VzEaepRims6K6R5=w148-h148-n-k-no"
            },
            {
                "title": "LouiSimone Guirandou Gallery",
                "category": "Art gallery",
                "url": "https://www.louisimoneguirandou.gallery/",
                "img": "https://lh5.googleusercontent.com/p/AF1QipNZ422yH946jnqpzxXxzvHjFPSBkGV9T9YxeFhv=w148-h148-n-k-no"
            },
            {
                "title": "Le Chocoladrome - l'Ivoirienne de Chocolaterie",
                "category": "Corporate office",
                "img": "https://lh5.googleusercontent.com/p/AF1QipOmsOc-2xA2r5DqQNa879o_u9vRp-obLZIpVzAT=w148-h148-n-k-no"
            },
            {
                "title": "5 Sens Spa",
                "category": "Massage spa",
                "url": "https://www.5sensspa.com/",
                "img": "https://lh5.googleusercontent.com/p/AF1QipO2u1VrJeufv9ITWhXYsZjnjrXuGrsqeHlb16oN=w148-h148-n-k-no"
            },
            {
                "title": "Ivoire Paintball Club Assinie",
                "category": "Sports club",
                "url": "https://www.facebook.com/paintball225/",
                "img": "https://lh5.googleusercontent.com/p/AF1QipOz1RLLO5l-4rIvObHDG0IWU1gxXlaEDJScO_lM=w148-h148-n-k-no"
            },
            {
                "title": "Royaume 23 Beauty Clinic & Spa",
                "category": "Spa",
                "url": "https://www.royaume23.com/",
                "img": "https://lh5.googleusercontent.com/p/AF1QipMK8MbhLDWh_rQ-0gW9ebP0lUao99muQrVDKT9w=w148-h148-n-k-no"
            },
            {
                "title": "Panaf",
                "category": "Cultural centre",
                "img": "https://lh5.googleusercontent.com/p/AF1QipMbH_nMjuKx2KCCRJdeNQhjQ36Jqy8i3Uu-ysZx=w148-h148-n-k-no"
            },
            {
                "title": "Association AFRIC ART",
                "category": "Association or organisation",
                "img": "https://lh5.googleusercontent.com/p/AF1QipPlUtfCnGca8c_SpQICqZrzL9gR6cni6wpzFUSO=w148-h148-n-k-no"
            },
            {
                "title": "Biergarten Bistro",
                "category": "Bar",
                "url": "http://www.ileboulaybeer.com/",
                "img": "https://lh5.googleusercontent.com/p/AF1QipPzEcluoluEnOAsisvdg55zFh8H2oTQ7kT0AJnI=w148-h148-n-k-no"
            },
            {
                "title": "International Club & Paintball Park",
                "category": "Park and Garden",
                "url": "https://www.facebook.com/InternationalClubAbidjan",
                "img": "https://lh5.googleusercontent.com/p/AF1QipNLbQ8YVpoi9qlxEcgkbEClBtD7Tk1IiANz-VA1=w148-h148-n-k-no"
            },
            {
                "title": "Laser Park Abidjan",
                "category": "Theme park",
                "img": "https://lh5.googleusercontent.com/p/AF1QipMwY-Y75nkzIJ10HyECaUv9LH8ho7DFTDNj4MZo=w148-h148-n-k-no"
            },
            {
                "title": "Grand-Bassam",
                "category": "Locality",
                "img": "https://lh5.googleusercontent.com/p/AF1QipMtagjWXKD7_B61y3Ub2ZKv1eHvCqQcfuBsy_w2=w148-h148-n-k-no"
            },
            {
                "title": "BASSAM BEACH",
                "category": "Beach",
                "img": "https://lh5.googleusercontent.com/p/AF1QipO2Pon1NufV9yncHko3775WF5R6wWB58F4rfvFi=w148-h148-n-k-no"
            }
        ],
        "Adzopé": [
            {
                "title": "The Basilica of Our Lady of Peace of Yamoussoukro",
                "category": "Basilica",
                "url": "https://basiliquenotredamedelapaix.com/",
                "img": "https://lh5.googleusercontent.com/p/AF1QipM_oouVk4jymeCrpXLY1HE6GGl3NmuWRgWPFNHj=w148-h148-n-k-no"
            },
            {
                "title": "Palais Présidentiel",
                "category": "Corporate office",
                "url": "http://www.presidence.ci/",
                "img": "https://lh5.googleusercontent.com/p/AF1QipONleCj1MehS6qHXbOBH99i-zqBLanrhFm5OZh4=w148-h148-n-k-no"
            },
            {
                "title": "National Museum of Costume",
                "category": "Art museum",
                "img": "https://lh5.googleusercontent.com/p/AF1QipMzx4NCeWq7Y52Ral0KJlNIBaPOrk7OUc16iOMK=w148-h148-n-k-no"
            },
            {
                "title": "Jardin Botanique de Bingerville",
                "category": "Park and Garden",
                "img": "https://lh5.googleusercontent.com/p/AF1QipONccI3fqgU-kYTmn77zf72Xpf0LVpmGPPnOL_S=w148-h148-n-k-no"
            },
            {
                "title": "Plateau Mosque",
                "category": "Mosque",
                "url": "http://www.mosqsalamplateau.net/",
                "img": "https://lh5.googleusercontent.com/p/AF1QipPsQE1OMZPAQ9rZlhRfcO2PcdYi8gRK6zcHI1G5=w148-h148-n-k-no"
            },
            {
                "title": "Playce Shopping Mall",
                "category": "Hypermarket",
                "url": "http://www.carrefour.fr/",
                "img": "https://lh5.googleusercontent.com/p/AF1QipOLNe5ijxLOlnea8PuIJCcB_MuBxQt8GcOrROmn=w148-h148-n-k-no"
            },
            {
                "title": "Parc National du Banco",
                "category": "Park and Garden",
                "img": "https://lh5.googleusercontent.com/p/AF1QipPf3GGb8n0vIvyqW3CLoBSZM1f8LU7Drd7k6W_n=w148-h148-n-k-no"
            },
            {
                "title": "Plateau",
                "category": "Neighborhood",
                "img": "https://lh5.googleusercontent.com/p/AF1QipOG-bEDcCn3zs3YAWwZfiwQzOYuqeG8fanUxR4=w148-h148-n-k-no"
            },
            {
                "title": "Treichville",
                "category": "Neighborhood",
                "img": "https://lh5.googleusercontent.com/p/AF1QipPZzmk0s3JTITre067vyUHsP6nhyh9tlsFdgDU5=w148-h148-n-k-no"
            },
            {
                "title": "Musée des Civilisations de Côte d'Ivoire",
                "category": "Museum",
                "img": "https://lh5.googleusercontent.com/p/AF1QipOytUWVvjotkIqX26FVO8p_BCTTTJy9Uo81D8dD=w148-h148-n-k-no"
            }
        ],
        "Agboville": [
            {
                "title": "Palais Présidentiel",
                "category": "Corporate office",
                "url": "http://www.presidence.ci/",
                "img": "https://lh5.googleusercontent.com/p/AF1QipONleCj1MehS6qHXbOBH99i-zqBLanrhFm5OZh4=w148-h148-n-k-no"
            },
            {
                "title": "Pont Ado",
                "category": "Bridge",
                "img": "https://lh5.googleusercontent.com/p/AF1QipMin6m2to04oZ_c_g1ESNG_zBLONt9U0LFKrJiF=w148-h148-n-k-no"
            },
            {
                "title": "Sanctuaire Marial",
                "category": "Shrine",
                "img": "https://lh5.googleusercontent.com/p/AF1QipOEg1XXkzpDGo2C8yRBIItYGEiMWrCDhe2n9jbD=w148-h148-n-k-no"
            },
            {
                "title": "CAVA Centre Artisanal de la Ville d'Abidjan",
                "category": "Handicrafts Wholesaler",
                "img": "https://lh5.googleusercontent.com/p/AF1QipPJGgbhT1U5_rG9z7r3VUafwpiNPvEnpw_wm3AP=w148-h148-n-k-no"
            },
            {
                "title": "National Museum of Costume",
                "category": "Art museum",
                "img": "https://lh5.googleusercontent.com/p/AF1QipMzx4NCeWq7Y52Ral0KJlNIBaPOrk7OUc16iOMK=w148-h148-n-k-no"
            },
            {
                "title": "Grand-Bassam",
                "category": "Locality",
                "img": "https://lh5.googleusercontent.com/p/AF1QipMtagjWXKD7_B61y3Ub2ZKv1eHvCqQcfuBsy_w2=w148-h148-n-k-no"
            },
            {
                "title": "HOTEL MALTUS",
                "category": "Hotel",
                "img": "https://lh5.googleusercontent.com/p/AF1QipPzL7Y21sMp9AL6xUPQwwBqjgM4Ir4aF_ZR4FJ0=w148-h148-n-k-no"
            },
            {
                "title": "The Basilica of Our Lady of Peace of Yamoussoukro",
                "category": "Basilica",
                "url": "https://basiliquenotredamedelapaix.com/",
                "img": "https://lh5.googleusercontent.com/p/AF1QipM_oouVk4jymeCrpXLY1HE6GGl3NmuWRgWPFNHj=w148-h148-n-k-no"
            },
            {
                "title": "Hotel Malthus 2",
                "category": "Hotel",
                "img": "https://lh5.googleusercontent.com/p/AF1QipOMIbR0V2_vV9QfBNH0tPOcVif9oEdveM4tvPCB=w148-h148-n-k-no"
            },
            {
                "title": "St. Paul's Cathedral",
                "category": "Cathedral",
                "img": "https://lh5.googleusercontent.com/p/AF1QipOBXXNHP_LBEyAy_0Y8ealcT4aoUuRCup8LsIK4=w148-h148-n-k-no"
            },
            {
                "title": "Zoo d'Abidjan",
                "category": "Zoo",
                "url": "https://www.facebook.com/ZooNationalAbidjan",
                "img": "https://lh5.googleusercontent.com/p/AF1QipMh6c8GJqtYTJsLsumWLMl76VaT4nKd5iKwhv6y=w148-h148-n-k-no"
            },
            {
                "title": "Galerie Cécile Fakhoury",
                "category": "Art gallery",
                "url": "http://www.cecilefakhoury.com/",
                "img": "https://lh5.googleusercontent.com/p/AF1QipO747oXc_7wbHjg3WZcP21sYgibDmN1lds4ryem=w148-h148-n-k-no"
            },
            {
                "title": "Marché de cocody Saint jean",
                "category": "Shopping Centre",
                "img": "https://lh5.googleusercontent.com/p/AF1QipNeDQM1yr51A5nFZ55uz8ZWMytcW99c58tBUNXs=w148-h148-n-k-no"
            },
            {
                "title": "Marché de treichville",
                "category": "Butchers",
                "url": "https://www.grandmarche.ci/",
                "img": "https://lh5.googleusercontent.com/p/AF1QipNX5x3IHW39QTrReD9SvDHODQg0p-B_t_MQx9_S=w148-h148-n-k-no"
            },
            {
                "title": "Jardin Botanique de Bingerville",
                "category": "Park and Garden",
                "img": "https://lh5.googleusercontent.com/p/AF1QipONccI3fqgU-kYTmn77zf72Xpf0LVpmGPPnOL_S=w148-h148-n-k-no"
            },
            {
                "title": "Playce Shopping Mall",
                "category": "Hypermarket",
                "url": "http://www.carrefour.fr/",
                "img": "https://lh5.googleusercontent.com/p/AF1QipOLNe5ijxLOlnea8PuIJCcB_MuBxQt8GcOrROmn=w148-h148-n-k-no"
            }
        ],
        "Agnibilékrou": [],
        "Bouaké": [
            {
                "title": "Chez Fabio",
                "category": "Stadium",
                "img": "https://lh5.googleusercontent.com/p/AF1QipOLkezIXuSrSuR9LeE8I2NrNt0PjFQjAy1XVYsF=w148-h148-n-k-no"
            },
            {
                "title": "The Basilica of Our Lady of Peace of Yamoussoukro",
                "category": "Basilica",
                "url": "https://basiliquenotredamedelapaix.com/",
                "img": "https://lh5.googleusercontent.com/p/AF1QipM_oouVk4jymeCrpXLY1HE6GGl3NmuWRgWPFNHj=w148-h148-n-k-no"
            },
            {
                "title": "Place de la Paix ( La Promenade Orange )",
                "category": "Children's Amusement Centre",
                "img": "https://lh5.googleusercontent.com/p/AF1QipO7sDSEnms3W8HelmZziHHKhjRXSWnE_0wP1zyC=w148-h148-n-k-no"
            },
            {
                "title": "Bouake Central Mosque مسجد",
                "category": "Mosque",
                "img": "https://lh5.googleusercontent.com/p/AF1QipNyE21LmFVV1oUsmNUMswCQpJB0l5oXf_KEfLPc=w148-h148-n-k-no"
            },
            {
                "title": "Centre Culturel Jacques Aka",
                "category": "Cultural centre",
                "img": "https://lh5.googleusercontent.com/p/AF1QipO3Gf-Vaj9921f2FW14AI1W_SqGO45xsfu_ASi5=w148-h148-n-k-no"
            },
            {
                "title": "Cathedral Saint Michel",
                "category": "Compound grounds",
                "img": "https://lh5.googleusercontent.com/p/AF1QipOZda7KKvOAQ3ZFT3fF4IJ0kGeCPHgFrHeFN1ol=w148-h148-n-k-no"
            },
            {
                "title": "Paroisse Saint Martin Air France 2 Bouake",
                "category": "Catholic church",
                "img": "https://lh5.googleusercontent.com/p/AF1QipPSG1WySb8o51Z-8cO2fNsj3K8Xw-esolocnUUc=w148-h148-n-k-no"
            },
            {
                "title": "Ancien Stade de Bouaké",
                "category": "Sports complex",
                "img": "https://lh5.googleusercontent.com/p/AF1QipNMOXun-FZfA7MKVEoIyKhOkRZ80c7f80xgx1Tr=w148-h148-n-k-no"
            },
            {
                "title": "Douane Garden",
                "category": "Garden",
                "img": "https://lh5.googleusercontent.com/p/AF1QipNemhgvQaKTFh8VBc1KG1BYo-FVvJMcp_-OyzBq=w148-h148-n-k-no"
            }
        ],
        "Daloa": [
            {
                "title": "Le Stade Régional de Daloa",
                "category": "Stadium",
                "img": "https://lh5.googleusercontent.com/p/AF1QipOuJ-7kPiq3iQSZ6PfID_t1oWRYG9DrwzXan7B8=w148-h148-n-k-no"
            },
            {
                "title": "Great Mosque of Daloa",
                "category": "Mosque",
                "img": "https://lh5.googleusercontent.com/p/AF1QipMyh0o8ZkK92bDAfqk2kOoLpZSNXLc85q0dVAsI=w148-h148-n-k-no"
            },
            {
                "title": "The Basilica of Our Lady of Peace of Yamoussoukro",
                "category": "Basilica",
                "url": "https://basiliquenotredamedelapaix.com/",
                "img": "https://lh5.googleusercontent.com/p/AF1QipM_oouVk4jymeCrpXLY1HE6GGl3NmuWRgWPFNHj=w148-h148-n-k-no"
            },
            {
                "title": "Paroisse Cathedrale CHRIST-ROI DALOA",
                "category": "Catholic church",
                "img": "https://lh5.googleusercontent.com/p/AF1QipPfRMIB5J5ycr0I2FZl19X0jUxagKf9LtSn3lZb=w148-h148-n-k-no"
            },
            {
                "title": "Mosquée, Tazibouo",
                "category": "Museum",
                "img": "https://lh5.googleusercontent.com/p/AF1QipM5BPFgg0URHP8oJo3DXuXTHuUy7y5d7NfcFzCm=w148-h148-n-k-no"
            },
            {
                "title": "BAMOJEMA PRODUCTION",
                "category": "Cinema",
                "img": "https://lh5.googleusercontent.com/p/AF1QipOugHNlD6mW6Y9Yi5lxJXb7lTBj_vWeBZXWWxXb=w148-h148-n-k-no"
            },
            {
                "title": "Mosquee Ayouba",
                "category": "Mosque",
                "img": "https://lh5.googleusercontent.com/p/AF1QipMV5bfem1knNWaXiCk47md9eUWYeD63swNrUhLq=w148-h148-n-k-no"
            }
        ],
        "San-Pédro": [
            {
                "title": "Belize Chocolate Company",
                "category": "Chocolate artisan",
                "img": "https://lh5.googleusercontent.com/p/AF1QipMfdvfxXQ1L707GShEsTqx0bozUQPNj5YLBWmOc=w148-h148-n-k-no"
            },
            {
                "title": "Alaia",
                "category": "Beach",
                "img": "https://lh5.googleusercontent.com/p/AF1QipM5bkdoT3vgzcLzPjywi-B1NXybI05pCCJy4PPy=w148-h148-n-k-no"
            },
            {
                "title": "Rock's Golf Cart Rentals",
                "category": "Car rental company",
                "img": "https://lh5.googleusercontent.com/p/AF1QipO-L2BTXbVOIwm2ZnlxjVIeGMrRZMsvw2_3WvaZ=w148-h148-n-k-no"
            },
            {
                "title": "MK Golf Cart Rental",
                "category": "Car rental company",
                "img": "https://lh5.googleusercontent.com/p/AF1QipP-zXGqOSiBHcbPipaK-13c9OJi7qS4yGwRK2YS=w148-h148-n-k-no"
            },
            {
                "title": "MTK Golf Cart Rental",
                "category": "Car rental company",
                "img": "https://lh5.googleusercontent.com/p/AF1QipPZodZiMBZmLs8dwL8mVuuszGxROKl2Y2hgUm9N=w148-h148-n-k-no"
            },
            {
                "title": "Belizean Arts",
                "category": "Art gallery",
                "img": "https://lh5.googleusercontent.com/p/AF1QipPI0yZpvr0JP0r4vsrniiu7LPB0V70Tl2Jwj_zi=w148-h148-n-k-no"
            },
            {
                "title": "Maya & Viv Adventures",
                "category": "Tour operator",
                "img": "https://lh5.googleusercontent.com/p/AF1QipPgBvuY5eYMP-9Ounnt0V89GeuTGMbE0RbMqcyx=w148-h148-n-k-no"
            },
            {
                "title": "Ocean Essence Day Spa",
                "category": "Spa",
                "img": "https://lh5.googleusercontent.com/p/AF1QipN4suWeZKGmyP-MyI44YhfdCpnBazaA3gYutR-U=w148-h148-n-k-no"
            },
            {
                "title": "Hol Chan Marine Reserve",
                "category": "Nature reserve",
                "img": "https://lh5.googleusercontent.com/p/AF1QipMXi_8QNBQE97m8uMjibjTYF9c23pOhyX4Ze905=w148-h148-n-k-no"
            },
            {
                "title": "Belizean Melody Arts Studio",
                "category": "Art studio",
                "img": "https://lh5.googleusercontent.com/p/AF1QipP9jNKuh_MrZ8yeKrGJQi59smdB6n6Q5WhsdLgt=w148-h148-n-k-no"
            },
            {
                "title": "Altun Ha",
                "category": "Historical landmark",
                "img": "https://lh5.googleusercontent.com/p/AF1QipO4DNVRgbL9t51BlIrsQZmNGaEeEfg2gM4yN0XS=w148-h148-n-k-no"
            },
            {
                "title": "Secret Beach Waterpark Bar & Grill",
                "category": "Restaurant",
                "img": "https://lh5.googleusercontent.com/p/AF1QipMEtimRBT9EYMJ6_xbpFmmg7Me1nogZloCjuSEr=w148-h148-n-k-no"
            }
        ],
        "Oumé": [
            {
                "title": "MuCAT (Musée des Cultures Contemporaines Adama TOUNGARA)",
                "category": "Art museum",
                "url": "https://mucat.net/",
                "img": "https://lh5.googleusercontent.com/p/AF1QipPtTjZM5GFndfHe98rjp_zqtMlgZS-8DIk-sl4L=w148-h148-n-k-no"
            },
            {
                "title": "CAVA Centre Artisanal de la Ville d'Abidjan",
                "category": "Handicrafts Wholesaler",
                "img": "https://lh5.googleusercontent.com/p/AF1QipPJGgbhT1U5_rG9z7r3VUafwpiNPvEnpw_wm3AP=w148-h148-n-k-no"
            },
            {
                "title": "Le Chocoladrome - l'Ivoirienne de Chocolaterie",
                "category": "Corporate office",
                "img": "https://lh5.googleusercontent.com/p/AF1QipOmsOc-2xA2r5DqQNa879o_u9vRp-obLZIpVzAT=w148-h148-n-k-no"
            },
            {
                "title": "SELFIE BAR COCKTAIL",
                "category": "Cocktail bar",
                "img": "https://lh5.googleusercontent.com/p/AF1QipNRYDPh0m-g1OqUrApAqJyJhUQB0EmWBJEu_80p=w148-h148-n-k-no"
            },
            {
                "title": "International Club & Paintball Park",
                "category": "Park and Garden",
                "url": "https://www.facebook.com/InternationalClubAbidjan",
                "img": "https://lh5.googleusercontent.com/p/AF1QipNLbQ8YVpoi9qlxEcgkbEClBtD7Tk1IiANz-VA1=w148-h148-n-k-no"
            },
            {
                "title": "Apéro Coloré",
                "category": "Art cafe",
                "url": "http://instagram.com/aperocolore_abidjan",
                "img": "https://lh5.googleusercontent.com/p/AF1QipMVLnjAyZqbnvXWI64Xt_Sk91qT7J71fuKEUom0=w148-h148-n-k-no"
            },
            {
                "title": "ENIGMA ESCAPE GAME",
                "category": "Escape room centre",
                "url": "http://enigma.ci/",
                "img": "https://lh5.googleusercontent.com/p/AF1QipNFh7X1g_HyCvkL4L7dXfrXtvzC6pQh1_n-HzUI=w148-h148-n-k-no"
            },
            {
                "title": "Abidjan",
                "category": "Locality",
                "img": "https://lh5.googleusercontent.com/p/AF1QipOVg7BOjjuYfHe7ulMp1XjklQQ3VYsk_QIaPIs=w148-h148-n-k-no"
            },
            {
                "title": "Youpiland Abidjan",
                "category": "Recreation Centre",
                "url": "https://youpilandabidjan.com/",
                "img": "https://lh5.googleusercontent.com/p/AF1QipOGNWiZKuwuv1aM7sSMWmGCbLEK83RoKyhQW4VU=w148-h148-n-k-no"
            },
            {
                "title": "St. Paul's Cathedral",
                "category": "Cathedral",
                "img": "https://lh5.googleusercontent.com/p/AF1QipOBXXNHP_LBEyAy_0Y8ealcT4aoUuRCup8LsIK4=w148-h148-n-k-no"
            },
            {
                "title": "Zoo d'Abidjan",
                "category": "Zoo",
                "url": "https://www.facebook.com/ZooNationalAbidjan",
                "img": "https://lh5.googleusercontent.com/p/AF1QipMh6c8GJqtYTJsLsumWLMl76VaT4nKd5iKwhv6y=w148-h148-n-k-no"
            },
            {
                "title": "Laser Park Abidjan",
                "category": "Theme park",
                "img": "https://lh5.googleusercontent.com/p/AF1QipMwY-Y75nkzIJ10HyECaUv9LH8ho7DFTDNj4MZo=w148-h148-n-k-no"
            },
            {
                "title": "Chabad Lubavitch of Ivory Coast",
                "category": "Non-profit organisation",
                "url": "https://www.jewishci.com/",
                "img": "https://lh5.googleusercontent.com/p/AF1QipO9OqXMqgfP-jiCXy20XlkbxrSHsg9Wgj_t44L-=w148-h148-n-k-no"
            },
            {
                "title": "BELIEVE SERVICES & LOCATION",
                "category": "Trailer rental service",
                "img": "https://lh5.googleusercontent.com/p/AF1QipNsz5ORsDvzjgPL5LzUE4rXEp0iilGnFhz_2suf=w148-h148-n-k-no"
            },
            {
                "title": "Pont Ado",
                "category": "Bridge",
                "img": "https://lh5.googleusercontent.com/p/AF1QipMin6m2to04oZ_c_g1ESNG_zBLONt9U0LFKrJiF=w148-h148-n-k-no"
            },
            {
                "title": "La Pyramide",
                "category": "Building",
                "img": "https://lh5.googleusercontent.com/p/AF1QipNsQKSv8Ubc86HC0Vo5E3Ndi7i1kIEIlAQJMoaA=w148-h148-n-k-no"
            }
        ],
        "Anyama": [
            {
                "title": "The Basilica of Our Lady of Peace of Yamoussoukro",
                "category": "Basilica",
                "url": "https://basiliquenotredamedelapaix.com/",
                "img": "https://lh5.googleusercontent.com/p/AF1QipM_oouVk4jymeCrpXLY1HE6GGl3NmuWRgWPFNHj=w148-h148-n-k-no"
            },
            {
                "title": "International Club & Paintball Park",
                "category": "Park and Garden",
                "url": "https://www.facebook.com/InternationalClubAbidjan",
                "img": "https://lh5.googleusercontent.com/p/AF1QipNLbQ8YVpoi9qlxEcgkbEClBtD7Tk1IiANz-VA1=w148-h148-n-k-no"
            },
            {
                "title": "Palais Présidentiel",
                "category": "Corporate office",
                "url": "http://www.presidence.ci/",
                "img": "https://lh5.googleusercontent.com/p/AF1QipONleCj1MehS6qHXbOBH99i-zqBLanrhFm5OZh4=w148-h148-n-k-no"
            },
            {
                "title": "National Museum of Costume",
                "category": "Art museum",
                "img": "https://lh5.googleusercontent.com/p/AF1QipMzx4NCeWq7Y52Ral0KJlNIBaPOrk7OUc16iOMK=w148-h148-n-k-no"
            },
            {
                "title": "Pont Ado",
                "category": "Bridge",
                "img": "https://lh5.googleusercontent.com/p/AF1QipMin6m2to04oZ_c_g1ESNG_zBLONt9U0LFKrJiF=w148-h148-n-k-no"
            },
            {
                "title": "Chabad Lubavitch of Ivory Coast",
                "category": "Non-profit organisation",
                "url": "https://www.jewishci.com/",
                "img": "https://lh5.googleusercontent.com/p/AF1QipO9OqXMqgfP-jiCXy20XlkbxrSHsg9Wgj_t44L-=w148-h148-n-k-no"
            },
            {
                "title": "BELIEVE SERVICES & LOCATION",
                "category": "Trailer rental service",
                "img": "https://lh5.googleusercontent.com/p/AF1QipNsz5ORsDvzjgPL5LzUE4rXEp0iilGnFhz_2suf=w148-h148-n-k-no"
            },
            {
                "title": "St. Paul's Cathedral",
                "category": "Cathedral",
                "img": "https://lh5.googleusercontent.com/p/AF1QipOBXXNHP_LBEyAy_0Y8ealcT4aoUuRCup8LsIK4=w148-h148-n-k-no"
            },
            {
                "title": "BASSAM BEACH",
                "category": "Beach",
                "img": "https://lh5.googleusercontent.com/p/AF1QipO2Pon1NufV9yncHko3775WF5R6wWB58F4rfvFi=w148-h148-n-k-no"
            },
            {
                "title": "Lighthouse Grand Bassam",
                "category": "Historical landmark",
                "img": "https://lh5.googleusercontent.com/p/AF1QipMSiZLDhhjLj5nlpGS6ai070_sa6GtcduunAUmx=w148-h148-n-k-no"
            },
            {
                "title": "Marché de cocody Saint jean",
                "category": "Shopping Centre",
                "img": "https://lh5.googleusercontent.com/p/AF1QipNeDQM1yr51A5nFZ55uz8ZWMytcW99c58tBUNXs=w148-h148-n-k-no"
            },
            {
                "title": "La Pyramide",
                "category": "Building",
                "img": "https://lh5.googleusercontent.com/p/AF1QipNsQKSv8Ubc86HC0Vo5E3Ndi7i1kIEIlAQJMoaA=w148-h148-n-k-no"
            },
            {
                "title": "Marché de treichville",
                "category": "Butchers",
                "url": "https://www.grandmarche.ci/",
                "img": "https://lh5.googleusercontent.com/p/AF1QipNX5x3IHW39QTrReD9SvDHODQg0p-B_t_MQx9_S=w148-h148-n-k-no"
            },
            {
                "title": "Sanctuaire Marial",
                "category": "Shrine",
                "img": "https://lh5.googleusercontent.com/p/AF1QipOEg1XXkzpDGo2C8yRBIItYGEiMWrCDhe2n9jbD=w148-h148-n-k-no"
            },
            {
                "title": "Galerie Cécile Fakhoury",
                "category": "Art gallery",
                "url": "http://www.cecilefakhoury.com/",
                "img": "https://lh5.googleusercontent.com/p/AF1QipO747oXc_7wbHjg3WZcP21sYgibDmN1lds4ryem=w148-h148-n-k-no"
            },
            {
                "title": "Jardin Botanique de Bingerville",
                "category": "Park and Garden",
                "img": "https://lh5.googleusercontent.com/p/AF1QipONccI3fqgU-kYTmn77zf72Xpf0LVpmGPPnOL_S=w148-h148-n-k-no"
            }
        ],
        "Dabou": [
            {
                "title": "Palais Présidentiel",
                "category": "Corporate office",
                "url": "http://www.presidence.ci/",
                "img": "https://lh5.googleusercontent.com/p/AF1QipONleCj1MehS6qHXbOBH99i-zqBLanrhFm5OZh4=w148-h148-n-k-no"
            },
            {
                "title": "Sanctuaire Marial",
                "category": "Shrine",
                "img": "https://lh5.googleusercontent.com/p/AF1QipOEg1XXkzpDGo2C8yRBIItYGEiMWrCDhe2n9jbD=w148-h148-n-k-no"
            },
            {
                "title": "Dycoco",
                "category": "Performing arts theatre",
                "url": "https://dycoco-comedy.com/",
                "img": "https://lh5.googleusercontent.com/p/AF1QipMI3kESldfzZYuA92W6rjY1dHgRWfEUFDl4V8Zr=w148-h148-n-k-no"
            },
            {
                "title": "Laser Park Abidjan",
                "category": "Theme park",
                "img": "https://lh5.googleusercontent.com/p/AF1QipMwY-Y75nkzIJ10HyECaUv9LH8ho7DFTDNj4MZo=w148-h148-n-k-no"
            },
            {
                "title": "National Museum of Costume",
                "category": "Art museum",
                "img": "https://lh5.googleusercontent.com/p/AF1QipMzx4NCeWq7Y52Ral0KJlNIBaPOrk7OUc16iOMK=w148-h148-n-k-no"
            },
            {
                "title": "Apéro Coloré",
                "category": "Art cafe",
                "url": "http://instagram.com/aperocolore_abidjan",
                "img": "https://lh5.googleusercontent.com/p/AF1QipMVLnjAyZqbnvXWI64Xt_Sk91qT7J71fuKEUom0=w148-h148-n-k-no"
            },
            {
                "title": "ENIGMA ESCAPE GAME",
                "category": "Escape room centre",
                "url": "http://enigma.ci/",
                "img": "https://lh5.googleusercontent.com/p/AF1QipNFh7X1g_HyCvkL4L7dXfrXtvzC6pQh1_n-HzUI=w148-h148-n-k-no"
            },
            {
                "title": "Youpiland Abidjan",
                "category": "Recreation Centre",
                "url": "https://youpilandabidjan.com/",
                "img": "https://lh5.googleusercontent.com/p/AF1QipOGNWiZKuwuv1aM7sSMWmGCbLEK83RoKyhQW4VU=w148-h148-n-k-no"
            },
            {
                "title": "Marché de cocody Saint jean",
                "category": "Shopping Centre",
                "img": "https://lh5.googleusercontent.com/p/AF1QipNeDQM1yr51A5nFZ55uz8ZWMytcW99c58tBUNXs=w148-h148-n-k-no"
            },
            {
                "title": "St. Paul's Cathedral",
                "category": "Cathedral",
                "img": "https://lh5.googleusercontent.com/p/AF1QipOBXXNHP_LBEyAy_0Y8ealcT4aoUuRCup8LsIK4=w148-h148-n-k-no"
            },
            {
                "title": "International Club & Paintball Park",
                "category": "Park and Garden",
                "url": "https://www.facebook.com/InternationalClubAbidjan",
                "img": "https://lh5.googleusercontent.com/p/AF1QipNLbQ8YVpoi9qlxEcgkbEClBtD7Tk1IiANz-VA1=w148-h148-n-k-no"
            },
            {
                "title": "BASSAM BEACH",
                "category": "Beach",
                "img": "https://lh5.googleusercontent.com/p/AF1QipO2Pon1NufV9yncHko3775WF5R6wWB58F4rfvFi=w148-h148-n-k-no"
            },
            {
                "title": "The Basilica of Our Lady of Peace of Yamoussoukro",
                "category": "Basilica",
                "url": "https://basiliquenotredamedelapaix.com/",
                "img": "https://lh5.googleusercontent.com/p/AF1QipM_oouVk4jymeCrpXLY1HE6GGl3NmuWRgWPFNHj=w148-h148-n-k-no"
            },
            {
                "title": "Galerie Cécile Fakhoury",
                "category": "Art gallery",
                "url": "http://www.cecilefakhoury.com/",
                "img": "https://lh5.googleusercontent.com/p/AF1QipOPyCTCVV1sayO3xIuNpg7Yku7rYq2dyraFGpGY=w148-h148-n-k-no"
            },
            {
                "title": "Marché de treichville",
                "category": "Butchers",
                "url": "https://www.grandmarche.ci/",
                "img": "https://lh5.googleusercontent.com/p/AF1QipNX5x3IHW39QTrReD9SvDHODQg0p-B_t_MQx9_S=w148-h148-n-k-no"
            },
            {
                "title": "Zoo d'Abidjan",
                "category": "Zoo",
                "url": "https://www.facebook.com/ZooNationalAbidjan",
                "img": "https://lh5.googleusercontent.com/p/AF1QipMh6c8GJqtYTJsLsumWLMl76VaT4nKd5iKwhv6y=w148-h148-n-k-no"
            }
        ],
        "Odienné": [],
        "Marcory": [
            {
                "title": "Babilonia night club abidjan",
                "category": "Night Club",
                "img": "https://lh5.googleusercontent.com/p/AF1QipNmJSNct3VMrYk3vJIwQnyTh5B0y_Gu4XRyPbhc=w148-h148-n-k-no"
            },
            {
                "title": "Eureka Galerie",
                "category": "Art gallery",
                "url": "http://eureka.gallery/",
                "img": "https://lh5.googleusercontent.com/p/AF1QipMLSPeODYR8iSN_KPaWXFCseB9csQU745_qWCAO=w148-h148-n-k-no"
            },
            {
                "title": "CAVA Centre Artisanal de la Ville d'Abidjan",
                "category": "Handicrafts Wholesaler",
                "img": "https://lh5.googleusercontent.com/p/AF1QipPJGgbhT1U5_rG9z7r3VUafwpiNPvEnpw_wm3AP=w148-h148-n-k-no"
            },
            {
                "title": "Le Jimmys Club",
                "category": "Nightclub",
                "img": "https://lh5.googleusercontent.com/p/AF1QipPAoSooRyZWAqh9MfdUI3l3b_46fKOYFTO0AMgm=w148-h148-n-k-no"
            },
            {
                "title": "Alizée Club",
                "category": "Nightclub",
                "img": "https://lh5.googleusercontent.com/p/AF1QipOObMXBUN1RqGtuCEgIoMOunXj5OTfxOYpaXHdj=w148-h148-n-k-no"
            },
            {
                "title": "Association AFRIC ART",
                "category": "Association or organisation",
                "img": "https://lh5.googleusercontent.com/p/AF1QipPlUtfCnGca8c_SpQICqZrzL9gR6cni6wpzFUSO=w148-h148-n-k-no"
            },
            {
                "title": "Domaine Bini Lagune",
                "category": "Guest Ranch",
                "url": "http://domainebini.org/",
                "img": "https://lh5.googleusercontent.com/p/AF1QipM5eYXS4Y2qhbxUQqvh6ifeYnrVrLOAC4G06f7k=w148-h148-n-k-no"
            },
            {
                "title": "Hôtel ivoire",
                "category": "Hotel",
                "img": "https://lh5.googleusercontent.com/p/AF1QipPZLfOIN2yo329cwAK-cBwjA_sodu2FqhvTBASX=w148-h148-n-k-no"
            },
            {
                "title": "Ivoire Paintball Club Assinie",
                "category": "Sports club",
                "url": "https://www.facebook.com/paintball225/",
                "img": "https://lh5.googleusercontent.com/p/AF1QipOz1RLLO5l-4rIvObHDG0IWU1gxXlaEDJScO_lM=w148-h148-n-k-no"
            },
            {
                "title": "Pont Ado",
                "category": "Bridge",
                "img": "https://lh5.googleusercontent.com/p/AF1QipMin6m2to04oZ_c_g1ESNG_zBLONt9U0LFKrJiF=w148-h148-n-k-no"
            },
            {
                "title": "Grand-Bassam",
                "category": "Locality",
                "img": "https://lh5.googleusercontent.com/p/AF1QipMtagjWXKD7_B61y3Ub2ZKv1eHvCqQcfuBsy_w2=w148-h148-n-k-no"
            },
            {
                "title": "Chabad Lubavitch of Ivory Coast",
                "category": "Non-profit organisation",
                "url": "https://www.jewishci.com/",
                "img": "https://lh5.googleusercontent.com/p/AF1QipO9OqXMqgfP-jiCXy20XlkbxrSHsg9Wgj_t44L-=w148-h148-n-k-no"
            },
            {
                "title": "BELIEVE SERVICES & LOCATION",
                "category": "Trailer rental service",
                "img": "https://lh5.googleusercontent.com/p/AF1QipNsz5ORsDvzjgPL5LzUE4rXEp0iilGnFhz_2suf=w148-h148-n-k-no"
            },
            {
                "title": "Zoo d'Abidjan",
                "category": "Zoo",
                "url": "https://www.facebook.com/ZooNationalAbidjan",
                "img": "https://lh5.googleusercontent.com/p/AF1QipMh6c8GJqtYTJsLsumWLMl76VaT4nKd5iKwhv6y=w148-h148-n-k-no"
            },
            {
                "title": "Marché de treichville",
                "category": "Butchers",
                "url": "https://www.grandmarche.ci/",
                "img": "https://lh5.googleusercontent.com/p/AF1QipNX5x3IHW39QTrReD9SvDHODQg0p-B_t_MQx9_S=w148-h148-n-k-no"
            },
            {
                "title": "Sanctuaire Marial",
                "category": "Shrine",
                "img": "https://lh5.googleusercontent.com/p/AF1QipOEg1XXkzpDGo2C8yRBIItYGEiMWrCDhe2n9jbD=w148-h148-n-k-no"
            }
        ],
        "Duekoué": [],
        "Abidjan": [
            {
                "title": "Galerie Cécile Fakhoury",
                "category": "Art gallery",
                "url": "http://www.cecilefakhoury.com/",
                "img": "https://lh5.googleusercontent.com/p/AF1QipOPyCTCVV1sayO3xIuNpg7Yku7rYq2dyraFGpGY=w148-h148-n-k-no"
            },
            {
                "title": "St. Paul's Cathedral",
                "category": "Cathedral",
                "img": "https://lh5.googleusercontent.com/p/AF1QipOBXXNHP_LBEyAy_0Y8ealcT4aoUuRCup8LsIK4=w148-h148-n-k-no"
            },
            {
                "title": "Hôtel ivoire",
                "category": "Hotel",
                "img": "https://lh5.googleusercontent.com/p/AF1QipPZLfOIN2yo329cwAK-cBwjA_sodu2FqhvTBASX=w148-h148-n-k-no"
            },
            {
                "title": "Baie de Cocody",
                "category": "Bay",
                "img": "https://lh5.googleusercontent.com/p/AF1QipOrDaBFeuAUa2cmvv2kzsinIqSTMVAt58_t3G5v=w148-h148-n-k-no"
            },
            {
                "title": "Paradisia Abidjan",
                "category": "Amusement park",
                "url": "https://m.facebook.com/ParadisiaCI",
                "img": "https://lh5.googleusercontent.com/p/AF1QipOooNc2fRKJhDluzrZuGN33-NuhW-G5VHdiQoAz=w148-h148-n-k-no"
            },
            {
                "title": "Dycoco",
                "category": "Performing arts theatre",
                "url": "https://dycoco-comedy.com/",
                "img": "https://lh5.googleusercontent.com/p/AF1QipMI3kESldfzZYuA92W6rjY1dHgRWfEUFDl4V8Zr=w148-h148-n-k-no"
            },
            {
                "title": "Laser Park Abidjan",
                "category": "Theme park",
                "img": "https://lh5.googleusercontent.com/p/AF1QipMwY-Y75nkzIJ10HyECaUv9LH8ho7DFTDNj4MZo=w148-h148-n-k-no"
            },
            {
                "title": "Playce Shopping Mall",
                "category": "Hypermarket",
                "url": "http://www.carrefour.fr/",
                "img": "https://lh5.googleusercontent.com/p/AF1QipOLNe5ijxLOlnea8PuIJCcB_MuBxQt8GcOrROmn=w148-h148-n-k-no"
            },
            {
                "title": "Palais Présidentiel",
                "category": "Corporate office",
                "url": "http://www.presidence.ci/",
                "img": "https://lh5.googleusercontent.com/p/AF1QipONleCj1MehS6qHXbOBH99i-zqBLanrhFm5OZh4=w148-h148-n-k-no"
            },
            {
                "title": "Apéro Coloré",
                "category": "Art cafe",
                "url": "http://instagram.com/aperocolore_abidjan",
                "img": "https://lh5.googleusercontent.com/p/AF1QipMVLnjAyZqbnvXWI64Xt_Sk91qT7J71fuKEUom0=w148-h148-n-k-no"
            },
            {
                "title": "ENIGMA ESCAPE GAME",
                "category": "Escape room centre",
                "url": "http://enigma.ci/",
                "img": "https://lh5.googleusercontent.com/p/AF1QipNFh7X1g_HyCvkL4L7dXfrXtvzC6pQh1_n-HzUI=w148-h148-n-k-no"
            },
            {
                "title": "Marché de treichville",
                "category": "Butchers",
                "url": "https://www.grandmarche.ci/",
                "img": "https://lh5.googleusercontent.com/p/AF1QipNX5x3IHW39QTrReD9SvDHODQg0p-B_t_MQx9_S=w148-h148-n-k-no"
            },
            {
                "title": "Youpiland Abidjan",
                "category": "Recreation Centre",
                "url": "https://youpilandabidjan.com/",
                "img": "https://lh5.googleusercontent.com/p/AF1QipOGNWiZKuwuv1aM7sSMWmGCbLEK83RoKyhQW4VU=w148-h148-n-k-no"
            },
            {
                "title": "Alizée Club",
                "category": "Nightclub",
                "img": "https://lh5.googleusercontent.com/p/AF1QipOObMXBUN1RqGtuCEgIoMOunXj5OTfxOYpaXHdj=w148-h148-n-k-no"
            },
            {
                "title": "La Pyramide",
                "category": "Building",
                "img": "https://lh5.googleusercontent.com/p/AF1QipNsQKSv8Ubc86HC0Vo5E3Ndi7i1kIEIlAQJMoaA=w148-h148-n-k-no"
            },
            {
                "title": "Pont Ado",
                "category": "Bridge",
                "img": "https://lh5.googleusercontent.com/p/AF1QipMin6m2to04oZ_c_g1ESNG_zBLONt9U0LFKrJiF=w148-h148-n-k-no"
            }
        ],
        "Abengourou": [
            {
                "title": "St. Paul's Cathedral",
                "category": "Cathedral",
                "img": "https://lh5.googleusercontent.com/p/AF1QipOBXXNHP_LBEyAy_0Y8ealcT4aoUuRCup8LsIK4=w148-h148-n-k-no"
            },
            {
                "title": "Sanctuaire Marial",
                "category": "Shrine",
                "img": "https://lh5.googleusercontent.com/p/AF1QipOEg1XXkzpDGo2C8yRBIItYGEiMWrCDhe2n9jbD=w148-h148-n-k-no"
            },
            {
                "title": "Galerie Cécile Fakhoury",
                "category": "Art gallery",
                "url": "http://www.cecilefakhoury.com/",
                "img": "https://lh5.googleusercontent.com/p/AF1QipOPyCTCVV1sayO3xIuNpg7Yku7rYq2dyraFGpGY=w148-h148-n-k-no"
            },
            {
                "title": "Alliance Française d'Abengourou",
                "category": "Cultural centre",
                "url": "https://www.facebook.com/Alliance-Fran%C3%A7aise-dAbengourou-193527290784221",
                "img": "https://lh5.googleusercontent.com/p/AF1QipMf7yAj--LYhV5iVWtKRdCHURYwZLrPpl9vFKW_=w148-h148-n-k-no"
            },
            {
                "title": "Notre Dame de la Paix",
                "category": "Catholic church",
                "img": "https://lh5.googleusercontent.com/p/AF1QipOoO0_w01ohm263MBI3wXpQtg4XbNNlnyDwBfCT=w148-h148-n-k-no"
            },
            {
                "title": "Yamoussoukro",
                "category": "Locality",
                "img": "https://lh5.googleusercontent.com/p/AF1QipO9jpWr9uo_nXs0ZI-g17yyT6Ipi3P4lI_vNJR7=w148-h148-n-k-no"
            },
            {
                "title": "Cour Royale de l'Indénié",
                "category": "Museum",
                "img": "https://lh5.googleusercontent.com/p/AF1QipMArsOVXnJhLHDtG3P6Z8mdZeknpegMwVESh_Vf=w148-h148-n-k-no"
            },
            {
                "title": "Eglise Foursquare d’Abengourou - temple Paraclet",
                "category": "Foursquare church",
                "img": "https://lh5.googleusercontent.com/p/AF1QipPK08GCqbO5tr7v9tKhQ5TRKS8W_Jv8iUS_av-A=w148-h148-n-k-no"
            },
            {
                "title": "Zoo d'Abidjan",
                "category": "Zoo",
                "url": "https://www.facebook.com/ZooNationalAbidjan",
                "img": "https://lh5.googleusercontent.com/p/AF1QipMh6c8GJqtYTJsLsumWLMl76VaT4nKd5iKwhv6y=w148-h148-n-k-no"
            },
            {
                "title": "Marché de cocody Saint jean",
                "category": "Shopping Centre",
                "img": "https://lh5.googleusercontent.com/p/AF1QipNeDQM1yr51A5nFZ55uz8ZWMytcW99c58tBUNXs=w148-h148-n-k-no"
            },
            {
                "title": "Palais Royal de l'Indénié",
                "category": "Compound grounds",
                "img": "https://lh5.googleusercontent.com/p/AF1QipPMzG6fP68dznd1fwfo4dYxz-0laa0Cspaan6KT=w148-h148-n-k-no"
            },
            {
                "title": "Place Solidarity",
                "category": "Public beach",
                "img": "https://lh5.googleusercontent.com/p/AF1QipM3GtR_zgyydRnF2aYOe7IvifLzm4gN4vItFm1g=w148-h148-n-k-no"
            },
            {
                "title": "Palais Présidentiel",
                "category": "Corporate office",
                "url": "http://www.presidence.ci/",
                "img": "https://lh5.googleusercontent.com/p/AF1QipONleCj1MehS6qHXbOBH99i-zqBLanrhFm5OZh4=w148-h148-n-k-no"
            },
            {
                "title": "Eglise Catholique Christ Roi",
                "category": "Catholic church",
                "img": "https://lh5.googleusercontent.com/p/AF1QipP2vi91UAuYxnj1MM9g-iYyCXXCVgz2Sv-NOxqY=w148-h148-n-k-no"
            },
            {
                "title": "Marché de treichville",
                "category": "Butchers",
                "url": "https://www.grandmarche.ci/",
                "img": "https://lh5.googleusercontent.com/p/AF1QipNX5x3IHW39QTrReD9SvDHODQg0p-B_t_MQx9_S=w148-h148-n-k-no"
            },
            {
                "title": "Stade Henri Konan Bédié",
                "category": "Stadium",
                "img": "https://lh5.googleusercontent.com/p/AF1QipNEw7YCq69xOivanutzciFh4WhShF7yRaP4fYWg=w148-h148-n-k-no"
            }
        ],
        "Vavoua": [],
        "Yamoussoukro": [],
        "Man": [],
        "Issia": [],
        "Bondoukou": [],
        "Danané": []
    },
    "sights": [
        {
            "title": "The Basilica of Our Lady of Peace of Yamoussoukro",
            "category": "Basilica",
            "url": "https://basiliquenotredamedelapaix.com/",
            "img": "https://lh5.googleusercontent.com/p/AF1QipM_oouVk4jymeCrpXLY1HE6GGl3NmuWRgWPFNHj=w148-h148-n-k-no"
        },
        {
            "title": "Comoé National Park",
            "category": "National park",
            "img": "https://lh5.googleusercontent.com/p/AF1QipNfZVOsMDLbH-gJW0dquT_PfW3zxXU2k0PpFpM_=w148-h148-n-k-no"
        },
        {
            "title": "Sassandra",
            "category": "Locality",
            "img": "https://lh5.googleusercontent.com/p/AF1QipNbpBC1DjlXuThf2fOIvUa132VcClKXdrDPSy0g=w148-h148-n-k-no"
        },
        {
            "title": "Hôtel ivoire",
            "category": "Hotel",
            "img": "https://lh5.googleusercontent.com/p/AF1QipPZLfOIN2yo329cwAK-cBwjA_sodu2FqhvTBASX=w148-h148-n-k-no"
        },
        {
            "title": "MuCAT (Musée des Cultures Contemporaines Adama TOUNGARA)",
            "category": "Art museum",
            "url": "https://mucat.net/",
            "img": "https://lh5.googleusercontent.com/p/AF1QipPtTjZM5GFndfHe98rjp_zqtMlgZS-8DIk-sl4L=w148-h148-n-k-no"
        },
        {
            "title": "Pont Ado",
            "category": "Bridge",
            "img": "https://lh5.googleusercontent.com/p/AF1QipMin6m2to04oZ_c_g1ESNG_zBLONt9U0LFKrJiF=w148-h148-n-k-no"
        },
        {
            "title": "St. Paul's Cathedral",
            "category": "Cathedral",
            "img": "https://lh5.googleusercontent.com/p/AF1QipOBXXNHP_LBEyAy_0Y8ealcT4aoUuRCup8LsIK4=w148-h148-n-k-no"
        },
        {
            "title": "Palais Présidentiel",
            "category": "Corporate office",
            "url": "http://www.presidence.ci/",
            "img": "https://lh5.googleusercontent.com/p/AF1QipONleCj1MehS6qHXbOBH99i-zqBLanrhFm5OZh4=w148-h148-n-k-no"
        },
        {
            "title": "Galerie Cécile Fakhoury",
            "category": "Art gallery",
            "url": "http://www.cecilefakhoury.com/",
            "img": "https://lh5.googleusercontent.com/p/AF1QipO747oXc_7wbHjg3WZcP21sYgibDmN1lds4ryem=w148-h148-n-k-no"
        },
        {
            "title": "La Pyramide",
            "category": "Building",
            "img": "https://lh5.googleusercontent.com/p/AF1QipNsQKSv8Ubc86HC0Vo5E3Ndi7i1kIEIlAQJMoaA=w148-h148-n-k-no"
        },
        {
            "title": "Azagny National Park",
            "category": "National park",
            "img": "https://lh5.googleusercontent.com/p/AF1QipOBpc4EhEGFAFnnKztt7j5pxUagSYfK1q45orFT=w148-h148-n-k-no"
        },
        {
            "title": "Iles Ehotile National Park",
            "category": "National park",
            "img": "https://lh5.googleusercontent.com/p/AF1QipOhk7y_Y7EDA-J8-XnYj-ibBWnfij4XzzMDKXM=w148-h148-n-k-no"
        },
        {
            "title": "National Museum of Costume",
            "category": "Art museum",
            "img": "https://lh5.googleusercontent.com/p/AF1QipMzx4NCeWq7Y52Ral0KJlNIBaPOrk7OUc16iOMK=w148-h148-n-k-no"
        },
        {
            "title": "La Dent de Man",
            "category": "Mountain peak",
            "img": "https://lh5.googleusercontent.com/p/AF1QipMLYIEgrktKv__iEN7_KfCJHFL0fZgMAykCKWaI=w148-h148-n-k-no"
        },
        {
            "title": "Assouindé",
            "category": "Locality",
            "img": "https://lh5.googleusercontent.com/p/AF1QipOq5obfxjUFLWvLce71YJ98DujeA8UsFk3u2eBR=w148-h148-n-k-no"
        },
        {
            "title": "Plateau Mosque",
            "category": "Mosque",
            "url": "http://www.mosqsalamplateau.net/",
            "img": "https://lh5.googleusercontent.com/p/AF1QipPsQE1OMZPAQ9rZlhRfcO2PcdYi8gRK6zcHI1G5=w148-h148-n-k-no"
        }
    ]
}