{
    "cities": {
        "Edéa": [
            {
                "title": "Cathedral of St Peter and Paul Bonadibong",
                "category": "Catholic church",
                "img": "https://lh5.googleusercontent.com/p/AF1QipMnG03SjSoLnJlXStI-CW8osAvu_UVb8TH41z6N=w148-h148-n-k-no"
            },
            {
                "title": "FUN CENTER",
                "category": "Bowling Alley",
                "img": "https://lh5.googleusercontent.com/p/AF1QipOzKr-JnbiL096MxRNnhzgqFQH6ZfDVM1jtsINc=w148-h148-n-k-no"
            },
            {
                "title": "Chutes de la Métché",
                "category": "Tourist attraction",
                "img": "https://lh5.googleusercontent.com/p/AF1QipMVSzvj-LzsPZpxm0S60MX7dlEyKOpclo7phEcN=w148-h148-n-k-no"
            },
            {
                "title": "Kribi",
                "category": "Locality",
                "img": "https://lh5.googleusercontent.com/p/AF1QipO_r5VWEq0wHGIVktoJMFVU0tnbi4bHO3I00bk4=w148-h148-n-k-no"
            },
            {
                "title": "Manèges de Ya-Fe",
                "category": "Amusement park ride",
                "img": "https://lh5.googleusercontent.com/p/AF1QipPTncl9QGVJnO-4Ya-iaVrpGYCoYLDqhwo7Za1A=w148-h148-n-k-no"
            },
            {
                "title": "Campo Reserve",
                "category": "National park",
                "img": "https://lh5.googleusercontent.com/p/AF1QipMZL1-ZQSMC_YZHhDOgfYHbJFSWJA3K5n4MZCDu=w148-h148-n-k-no"
            },
            {
                "title": "Parcours Vita",
                "category": "Park and Garden",
                "img": "https://lh5.googleusercontent.com/p/AF1QipP8o-Cx9wkSmb3uZ5wd4RmACrRfr8EF57b-38mC=w148-h148-n-k-no"
            },
            {
                "title": "Rond-Point Deido",
                "category": "Historical landmark",
                "img": "https://lh5.googleusercontent.com/p/AF1QipO2C1zkN14VxrggpLCWWh8j2i4l2Oq3YfNvWSn_=w148-h148-n-k-no"
            },
            {
                "title": "Bois Sainte Anastasie",
                "category": "Restaurant",
                "img": "https://lh5.googleusercontent.com/p/AF1QipOypP3OFBJP6YVnH4UNPorbblfjzgphbBlVdrYd=w148-h148-n-k-no"
            },
            {
                "title": "National Museum",
                "category": "Museum",
                "img": "https://lh5.googleusercontent.com/p/AF1QipPNWI6oMUrlYsH3nQBuoka2T5SGKD2Tj7CIzIYi=w148-h148-n-k-no"
            },
            {
                "title": "Cameroon Reunification Monument",
                "category": "Cultural landmark",
                "img": "https://lh5.googleusercontent.com/p/AF1QipN8-r6EyqhJXOfZbZr5dOa8pbmZn8W8LZ1mhsBT=w148-h148-n-k-no"
            },
            {
                "title": "Doual'art",
                "category": "Museum",
                "img": "https://lh5.googleusercontent.com/p/AF1QipPwV-XbcUefKxnxSlqa6Afn1EPvXSEByXhaI5fW=w148-h148-n-k-no"
            },
            {
                "title": "Maritime Museum Of Douala",
                "category": "Museum",
                "img": "https://lh5.googleusercontent.com/p/AF1QipPRKMpz-JETnVLOGSFuMBq8B5Vo12NqXB8VX_qw=w148-h148-n-k-no"
            },
            {
                "title": "Ekom Nkam Waterfalls",
                "category": "Tourist attraction",
                "img": "https://lh5.googleusercontent.com/p/AF1QipNltTaGzQWWvOzAoi9jIwXIw1DWLzJAR7bm8ZmE=w148-h148-n-k-no"
            },
            {
                "title": "Parc de la Méfou (Ape Action Africa)",
                "category": "Wildlife Refuge",
                "img": "https://lh5.googleusercontent.com/p/AF1QipM6mdZUUDhy8dbkPqPy-yW5p9w0uDwW-hwGyDC4=w148-h148-n-k-no"
            },
            {
                "title": "Limbe Botanic Garden",
                "category": "Park and Garden",
                "img": "https://lh5.googleusercontent.com/p/AF1QipMKLhTkYRJoIW6W2Z7IvW0Q0lueglC9MrxWLgoo=w148-h148-n-k-no"
            }
        ],
        "Mora": [],
        "Bertoua": [],
        "Mokolo": [],
        "Guider": [
            {
                "title": "Maroua",
                "category": "Locality",
                "img": "https://lh5.googleusercontent.com/p/AF1QipM9dpgb-NCL0XSZyK27TLCwmxRKOi8qDeLzTERv=w148-h148-n-k-no"
            },
            {
                "title": "Gorges de Kola",
                "category": "Ravine",
                "img": "https://lh5.googleusercontent.com/p/AF1QipNdH0aVN5GH6ZARemYH1vhhbFV6sVL9qxqql2RJ=w148-h148-n-k-no"
            },
            {
                "title": "Mandara Mountains",
                "category": "Mountain range",
                "img": "https://lh5.googleusercontent.com/p/AF1QipO-FORk_bxd74Nb7jguSfe-mswBU84kfG1-JxUw=w148-h148-n-k-no"
            },
            {
                "title": "Bouba Ndjida National Park",
                "category": "National park",
                "img": "https://lh5.googleusercontent.com/p/AF1QipP7JKZRchOiT2YV7T6Yl4cdmDRFK79aVkALASjf=w148-h148-n-k-no"
            },
            {
                "title": "Benoue National Park",
                "category": "National park",
                "img": "https://lh5.googleusercontent.com/p/AF1QipOR-Vk_Y66tTUFtJJFh7JTGf0WEkuzmS2SQvzO5=w148-h148-n-k-no"
            },
            {
                "title": "Waza National Park",
                "category": "National park",
                "img": "https://lh5.googleusercontent.com/p/AF1QipO_NqMlUcwstqoFVLymL4H8oMbvysJPrdQvmBUb=w148-h148-n-k-no"
            }
        ],
        "Foumban": [
            {
                "title": "Chefferie Supérieure FONTAIN",
                "category": "Museum",
                "img": "https://lh5.googleusercontent.com/p/AF1QipOzxWnu6kfmkOVmWBbOTndGslwYrOY5_HLkhBpG=w148-h148-n-k-no"
            },
            {
                "title": "Stade Omnisports de Bafoussam",
                "category": "Stadium",
                "img": "https://lh5.googleusercontent.com/p/AF1QipPUh4hPsmbhqf4SKhB0KIbLind6Svb8OEVhSrUi=w148-h148-n-k-no"
            },
            {
                "title": "Musée De Foumban",
                "category": "Museum",
                "img": "https://lh5.googleusercontent.com/p/AF1QipPEGd-PJgE5C9qf4rE66stwFsX8R8oFbqWab1xK=w148-h148-n-k-no"
            },
            {
                "title": "Ayos Centre",
                "category": "Cultural landmark",
                "img": "https://lh5.googleusercontent.com/p/AF1QipOIif0EnPF_CdnF3bEZo1RDeYWCuhsv3MUc08ly=w148-h148-n-k-no"
            }
        ],
        "Kousséri": [],
        "Foumbot": [
            {
                "title": "Stade Municipal",
                "category": "Stadium",
                "img": "https://lh5.googleusercontent.com/p/AF1QipPL6X6RPF0uLMsPizaYtqOPdKeiiTg1UEJ5ZWQG=w148-h148-n-k-no"
            },
            {
                "title": "Stade Omnisports de Bafoussam",
                "category": "Stadium",
                "img": "https://lh5.googleusercontent.com/p/AF1QipPUh4hPsmbhqf4SKhB0KIbLind6Svb8OEVhSrUi=w148-h148-n-k-no"
            },
            {
                "title": "Bandjoun Station",
                "category": "Art museum",
                "url": "http://www.bandjounstation.com/",
                "img": "https://lh5.googleusercontent.com/p/AF1QipPXwT3cFaR06-_CEKRNjYxCsIHfdr_-j1qfwKhY=w148-h148-n-k-no"
            },
            {
                "title": "Chefferie Bandjoun",
                "category": "Tourist attraction",
                "img": "https://lh5.googleusercontent.com/p/AF1QipPY72XoOW6zElG8W_4SrZWtKAtzpHHnrOBywC8w=w148-h148-n-k-no"
            },
            {
                "title": "Grotte Fovu, Baham",
                "category": "Tourist attraction",
                "img": "https://lh5.googleusercontent.com/p/AF1QipMnuqA6dwHvffNFRYfWKDXbWPOnV8h0l1JKupKY=w148-h148-n-k-no"
            },
            {
                "title": "Musée De Foumban",
                "category": "Museum",
                "img": "https://lh5.googleusercontent.com/p/AF1QipPEGd-PJgE5C9qf4rE66stwFsX8R8oFbqWab1xK=w148-h148-n-k-no"
            },
            {
                "title": "CanalOlympia Bessengué",
                "category": "Cinema",
                "url": "https://www.canalolympia.com/theaters/bessengue/",
                "img": "https://lh5.googleusercontent.com/p/AF1QipOSOxlczxQ23KHM55wgtN1NvieY-ojQnkdq5WhQ=w148-h148-n-k-no"
            },
            {
                "title": "Bafoussam",
                "category": "Locality",
                "img": "https://lh5.googleusercontent.com/p/AF1QipPfiLO6_87rKky9pzavtCPdjs4zNERlYo339LLQ=w148-h148-n-k-no"
            },
            {
                "title": "Ancienne Residence du Chef de Circonscription",
                "category": "Historical landmark",
                "img": "https://lh5.googleusercontent.com/p/AF1QipN5L51dwpQUFPXYwXWXAC4nfiCZljG67IyReSOs=w148-h148-n-k-no"
            },
            {
                "title": "Foumban",
                "category": "Locality",
                "img": "https://lh5.googleusercontent.com/p/AF1QipMIgbboxf7jAekgIz9imNd4UBpbiiKB_kB1Qt7o=w148-h148-n-k-no"
            },
            {
                "title": "Korup National Park",
                "category": "National park",
                "img": "https://lh5.googleusercontent.com/p/AF1QipN8z9w_rhSW0aO2JvnLVIRZk6RsWebnM1vmS-dl=w148-h148-n-k-no"
            },
            {
                "title": "Chutes de la Métché",
                "category": "Tourist attraction",
                "img": "https://lh5.googleusercontent.com/p/AF1QipMVSzvj-LzsPZpxm0S60MX7dlEyKOpclo7phEcN=w148-h148-n-k-no"
            },
            {
                "title": "Pont allemand d'Édéa",
                "category": "Tunnel",
                "img": "https://lh5.googleusercontent.com/p/AF1QipNss49Ta9fMmogO9D2K6Dd17fO4aQJyCfMds3Jp=w148-h148-n-k-no"
            },
            {
                "title": "Bamenda",
                "category": "Locality",
                "img": "https://lh5.googleusercontent.com/p/AF1QipMkhhzhrMTYkver13TYze4N2NlN1UiXtbDHnR1W=w148-h148-n-k-no"
            },
            {
                "title": "Douala",
                "category": "Locality",
                "img": "https://lh5.googleusercontent.com/p/AF1QipPQJ72GQ8kpvew3Kkcv0X2VzxFKbuBnk-mHrnu5=w148-h148-n-k-no"
            },
            {
                "title": "Cathedral of St Peter and Paul Bonadibong",
                "category": "Catholic church",
                "img": "https://lh5.googleusercontent.com/p/AF1QipMnG03SjSoLnJlXStI-CW8osAvu_UVb8TH41z6N=w148-h148-n-k-no"
            }
        ],
        "Kribi": [
            {
                "title": "Cathédrale Saint-Joseph",
                "category": "Catholic cathedral",
                "img": "https://lh5.googleusercontent.com/p/AF1QipP4221XSGwyBidYGFbVjth93XJJVmCkR1xFC028=w148-h148-n-k-no"
            },
            {
                "title": "Le Phare De Kribi",
                "category": "Tourist attraction",
                "img": "https://lh5.googleusercontent.com/p/AF1QipPFZvVq_rj6tKxeFqDNxOkPl52hWnm_dX5PnJ7w=w148-h148-n-k-no"
            },
            {
                "title": "carrefour kingué",
                "category": "Tourist attraction",
                "img": "https://lh5.googleusercontent.com/p/AF1QipMRCFATnkOaYC7KMneTkhXDihbjsjqCII8mGdBN=w148-h148-n-k-no"
            },
            {
                "title": "Le Debarcadère",
                "category": "Restaurant",
                "img": "https://lh5.googleusercontent.com/p/AF1QipNvivFpq7dvQNrA0D0h5hRyAONq71jQDEhEkVCI=w148-h148-n-k-no"
            },
            {
                "title": "Chutes de la Lobé",
                "category": "Waterfall",
                "img": "https://lh5.googleusercontent.com/p/AF1QipP5PVnh4EY-9VL5FdlHORl-2AooUS-jQUbnB-kO=w148-h148-n-k-no"
            }
        ],
        "Buea": [
            {
                "title": "St. Charles Lwanga",
                "category": "Catholic church",
                "img": "https://lh5.googleusercontent.com/p/AF1QipPSgklhcO6FXSAJUTBwh_N1xO4SgwaY6P2v_kmx=w148-h148-n-k-no"
            },
            {
                "title": "CanalOlympia Bessengué",
                "category": "Cinema",
                "url": "https://www.canalolympia.com/theaters/bessengue/",
                "img": "https://lh5.googleusercontent.com/p/AF1QipOSOxlczxQ23KHM55wgtN1NvieY-ojQnkdq5WhQ=w148-h148-n-k-no"
            },
            {
                "title": "La Nouvelle Liberté",
                "category": "Historical landmark",
                "img": "https://lh5.googleusercontent.com/p/AF1QipM8d0YKUOcYp4NhvuqnkZIgnhA0cR9O-pXpETjF=w148-h148-n-k-no"
            },
            {
                "title": "Stade Cicam",
                "category": "Playground",
                "img": "https://lh5.googleusercontent.com/p/AF1QipOwxj93H4HmkYlMtOZR1djTixLiUVn0aVAATJo=w148-h148-n-k-no"
            },
            {
                "title": "Rond-Point Deido",
                "category": "Historical landmark",
                "url": "https://www.behance.net/billikougoum",
                "img": "https://lh5.googleusercontent.com/p/AF1QipO2C1zkN14VxrggpLCWWh8j2i4l2Oq3YfNvWSn_=w148-h148-n-k-no"
            }
        ],
        "Dschang": [
            {
                "title": "Chefferie Foto",
                "category": "Museum",
                "img": "https://lh5.googleusercontent.com/p/AF1QipOqz0ndB8KAyeELO80MTbaMAi3rZJ3QuP5-_j18=w148-h148-n-k-no"
            },
            {
                "title": "NAUTICAL BASE DSCHANG",
                "category": "Sports complex",
                "img": "https://lh5.googleusercontent.com/p/AF1QipPiszs6YMhy7a4LIIwd4HRE3o7hR1CjRLIdg1Gb=w148-h148-n-k-no"
            },
            {
                "title": "CENAJES",
                "category": "Sports complex",
                "img": "https://lh5.googleusercontent.com/p/AF1QipPIS67oQzfRkSzshCEsI4JmuBwSEMNpB08r2MU9=w148-h148-n-k-no"
            },
            {
                "title": "Stade Omnisports de Bafoussam",
                "category": "Stadium",
                "img": "https://lh5.googleusercontent.com/p/AF1QipPUh4hPsmbhqf4SKhB0KIbLind6Svb8OEVhSrUi=w148-h148-n-k-no"
            },
            {
                "title": "Bandjoun Station",
                "category": "Art museum",
                "url": "http://www.bandjounstation.com/",
                "img": "https://lh5.googleusercontent.com/p/AF1QipPXwT3cFaR06-_CEKRNjYxCsIHfdr_-j1qfwKhY=w148-h148-n-k-no"
            },
            {
                "title": "Chefferie Bandjoun",
                "category": "Tourist attraction",
                "img": "https://lh5.googleusercontent.com/p/AF1QipPY72XoOW6zElG8W_4SrZWtKAtzpHHnrOBywC8w=w148-h148-n-k-no"
            },
            {
                "title": "Grotte Fovu, Baham",
                "category": "Tourist attraction",
                "img": "https://lh5.googleusercontent.com/p/AF1QipMnuqA6dwHvffNFRYfWKDXbWPOnV8h0l1JKupKY=w148-h148-n-k-no"
            },
            {
                "title": "Musée des civilisations de Dschang",
                "category": "Museum",
                "img": "https://lh5.googleusercontent.com/p/AF1QipNJpUd29_8v5ZXLPOeQmVpDL2BfQBSyAPaHNGM3=w148-h148-n-k-no"
            },
            {
                "title": "Lac municipal de Dschang",
                "category": "Lake",
                "img": "https://lh5.googleusercontent.com/p/AF1QipO4VjEwr4dmm7nHFXdME2oKkCQKf5KDSf40fZyl=w148-h148-n-k-no"
            },
            {
                "title": "Ekom Nkam Waterfalls",
                "category": "Tourist attraction",
                "img": "https://lh5.googleusercontent.com/p/AF1QipNltTaGzQWWvOzAoi9jIwXIw1DWLzJAR7bm8ZmE=w148-h148-n-k-no"
            }
        ],
        "Maroua": [
            {
                "title": "Relais de la Porte Mayo",
                "category": "Hotel",
                "img": "https://lh5.googleusercontent.com/p/AF1QipNeA4SV3Vlo41_Z1BnXbUJGQ40O9KhjEWrf512Y=w148-h148-n-k-no"
            },
            {
                "title": "Maroua Palace",
                "category": "Hotel",
                "img": "https://lh5.googleusercontent.com/p/AF1QipPl3CqHGgB06nqntjHCx3U-rhkk2oQu37JIRBXj=w148-h148-n-k-no"
            },
            {
                "title": "Mizao Hotel",
                "category": "Hotel",
                "img": "https://lh5.googleusercontent.com/proxy/jRZ5CCN92Il0EPrs4Ov8F423XL24iZvrh4OMjrmCq0l_C8rBU4j5dl1VjtCnQ6Yf-YRfZCC36AzjGyimImzSGxSqBZLEc6TN6DKE2blyrJ4RC6G04QuMB9Q8JJ5Bz04qBGrk9KFHv8e5d3MH6PLrWUXpV9mZc-w=w148-h148-n-k-no"
            },
            {
                "title": "Hotel du Sahel",
                "category": "Hotel",
                "img": "https://lh6.googleusercontent.com/proxy/8niPj3ncZaCu6mDKWBKYUblpsQT4Vg3X5lJeppDo1CCFpquAlw37ROSkUM0u6mnR80w86IhONr77lupmzzSQSVBT6jneptjybBjmlcx0t4duK58fXH-vZJZkwhNNkaWcA2ZiWs_gOxNvW1kGofglUyUJpJElvw=w148-h148-n-k-no"
            },
            {
                "title": "Gorges de Kola",
                "category": "Ravine",
                "img": "https://lh5.googleusercontent.com/p/AF1QipNdH0aVN5GH6ZARemYH1vhhbFV6sVL9qxqql2RJ=w148-h148-n-k-no"
            },
            {
                "title": "Waza National Park",
                "category": "National park",
                "img": "https://lh5.googleusercontent.com/p/AF1QipO_NqMlUcwstqoFVLymL4H8oMbvysJPrdQvmBUb=w148-h148-n-k-no"
            }
        ],
        "Tiko": [
            {
                "title": "CASINO SALUT DOUALA",
                "category": "Casino",
                "url": "https://www.linkedin.com/company/casino-salut-international?trk=blended-typeahead",
                "img": "https://lh5.googleusercontent.com/p/AF1QipNfMN44SJFC3l6yK9SIyDiPOf-t2OvehU9tyTSb=w148-h148-n-k-no"
            },
            {
                "title": "YengAfrica",
                "category": "Sightseeing Tour Agency",
                "url": "https://yengafrica.com/",
                "img": "https://lh5.googleusercontent.com/p/AF1QipOIhxPF27qKMH9hYzykyNo-sGr7sf8QGiLxwXxn=w148-h148-n-k-no"
            },
            {
                "title": "GAMES ARENA 237",
                "category": "Recreation Centre",
                "url": "http://www.gamesarena237.com/",
                "img": "https://lh5.googleusercontent.com/p/AF1QipPkXv6OVUbIwSBV98Am5tBOdjgZDZL1VmMgbTVm=w148-h148-n-k-no"
            },
            {
                "title": "Fun Center Kids",
                "category": "Playground",
                "url": "http://www.funcenter.cm/",
                "img": "https://lh5.googleusercontent.com/p/AF1QipMLbmMkOQkLvb9nvH1KJSfJ8PHCComFkcdEmvxH=w148-h148-n-k-no"
            },
            {
                "title": "Bafoussam",
                "category": "Locality",
                "img": "https://lh5.googleusercontent.com/p/AF1QipPfiLO6_87rKky9pzavtCPdjs4zNERlYo339LLQ=w148-h148-n-k-no"
            },
            {
                "title": "Parcours Vita",
                "category": "Park and Garden",
                "img": "https://lh5.googleusercontent.com/p/AF1QipP8o-Cx9wkSmb3uZ5wd4RmACrRfr8EF57b-38mC=w148-h148-n-k-no"
            },
            {
                "title": "Rond-Point Deido",
                "category": "Historical landmark",
                "url": "https://www.behance.net/billikougoum",
                "img": "https://lh5.googleusercontent.com/p/AF1QipO2C1zkN14VxrggpLCWWh8j2i4l2Oq3YfNvWSn_=w148-h148-n-k-no"
            },
            {
                "title": "Cathedral of St Peter and Paul Bonadibong",
                "category": "Catholic church",
                "img": "https://lh5.googleusercontent.com/p/AF1QipMnG03SjSoLnJlXStI-CW8osAvu_UVb8TH41z6N=w148-h148-n-k-no"
            },
            {
                "title": "Kribi",
                "category": "Locality",
                "img": "https://lh5.googleusercontent.com/p/AF1QipO_r5VWEq0wHGIVktoJMFVU0tnbi4bHO3I00bk4=w148-h148-n-k-no"
            },
            {
                "title": "Limbe",
                "category": "Locality",
                "img": "https://lh5.googleusercontent.com/p/AF1QipNEyYtycU2kxM50vQL33_jyzLRZ7tTEqQ5sjxbc=w148-h148-n-k-no"
            },
            {
                "title": "La Nouvelle Liberté",
                "category": "Historical landmark",
                "img": "https://lh5.googleusercontent.com/p/AF1QipM8d0YKUOcYp4NhvuqnkZIgnhA0cR9O-pXpETjF=w148-h148-n-k-no"
            },
            {
                "title": "Douala",
                "category": "Locality",
                "img": "https://lh5.googleusercontent.com/p/AF1QipPQJ72GQ8kpvew3Kkcv0X2VzxFKbuBnk-mHrnu5=w148-h148-n-k-no"
            },
            {
                "title": "CanalOlympia Bessengué",
                "category": "Cinema",
                "url": "https://www.canalolympia.com/theaters/bessengue/",
                "img": "https://lh5.googleusercontent.com/p/AF1QipOSOxlczxQ23KHM55wgtN1NvieY-ojQnkdq5WhQ=w148-h148-n-k-no"
            },
            {
                "title": "Maritime Museum Of Douala",
                "category": "Museum",
                "url": "https://museemaritime.cm/en/",
                "img": "https://lh5.googleusercontent.com/p/AF1QipPRKMpz-JETnVLOGSFuMBq8B5Vo12NqXB8VX_qw=w148-h148-n-k-no"
            },
            {
                "title": "Doual'art",
                "category": "Museum",
                "url": "http://www.doualart.org/",
                "img": "https://lh5.googleusercontent.com/p/AF1QipPwV-XbcUefKxnxSlqa6Afn1EPvXSEByXhaI5fW=w148-h148-n-k-no"
            },
            {
                "title": "Limbe Botanic Garden",
                "category": "Park and Garden",
                "img": "https://lh5.googleusercontent.com/p/AF1QipMKLhTkYRJoIW6W2Z7IvW0Q0lueglC9MrxWLgoo=w148-h148-n-k-no"
            }
        ],
        "Mbouda": [
            {
                "title": "Stade Municipal De Mbouda",
                "category": "Stadium",
                "img": "https://lh5.googleusercontent.com/p/AF1QipPPvFR4leeWfzWr2fCfUIokxvLFdn4EsV5nmeg7=w148-h148-n-k-no"
            },
            {
                "title": "Bafoussam",
                "category": "Locality",
                "img": "https://lh5.googleusercontent.com/p/AF1QipPfiLO6_87rKky9pzavtCPdjs4zNERlYo339LLQ=w148-h148-n-k-no"
            },
            {
                "title": "Bamenda",
                "category": "Locality",
                "img": "https://lh5.googleusercontent.com/p/AF1QipMkhhzhrMTYkver13TYze4N2NlN1UiXtbDHnR1W=w148-h148-n-k-no"
            },
            {
                "title": "Foumban",
                "category": "Locality",
                "img": "https://lh5.googleusercontent.com/p/AF1QipMIgbboxf7jAekgIz9imNd4UBpbiiKB_kB1Qt7o=w148-h148-n-k-no"
            },
            {
                "title": "Menchum River",
                "category": "River",
                "img": "https://lh5.googleusercontent.com/p/AF1QipPe8cOfb2GHpEtuqPJsLVOc5QDi5nlwFf8E1LiQ=w148-h148-n-k-no"
            },
            {
                "title": "Douala",
                "category": "Locality",
                "img": "https://lh5.googleusercontent.com/p/AF1QipPQJ72GQ8kpvew3Kkcv0X2VzxFKbuBnk-mHrnu5=w148-h148-n-k-no"
            },
            {
                "title": "CASINO SALUT DOUALA",
                "category": "Casino",
                "url": "https://www.linkedin.com/company/casino-salut-international?trk=blended-typeahead",
                "img": "https://lh5.googleusercontent.com/p/AF1QipNfMN44SJFC3l6yK9SIyDiPOf-t2OvehU9tyTSb=w148-h148-n-k-no"
            },
            {
                "title": "Ancienne Residence du Chef de Circonscription",
                "category": "Historical landmark",
                "img": "https://lh5.googleusercontent.com/p/AF1QipN5L51dwpQUFPXYwXWXAC4nfiCZljG67IyReSOs=w148-h148-n-k-no"
            },
            {
                "title": "Ancien Commissariat de Police",
                "category": "Historical landmark",
                "img": "https://lh5.googleusercontent.com/p/AF1QipNG_T_QDUiUGhceh8-eUrtyqZAqYTIcvk9AgqgJ=w148-h148-n-k-no"
            },
            {
                "title": "La Nouvelle Liberté",
                "category": "Historical landmark",
                "img": "https://lh5.googleusercontent.com/p/AF1QipM8d0YKUOcYp4NhvuqnkZIgnhA0cR9O-pXpETjF=w148-h148-n-k-no"
            },
            {
                "title": "Cathedral of St Peter and Paul Bonadibong",
                "category": "Catholic church",
                "img": "https://lh5.googleusercontent.com/p/AF1QipMnG03SjSoLnJlXStI-CW8osAvu_UVb8TH41z6N=w148-h148-n-k-no"
            },
            {
                "title": "Monument Nachtigal",
                "category": "Historical landmark",
                "img": "https://lh5.googleusercontent.com/p/AF1QipOhn_1Rh5VBrZRsAmzxvviKaUIaBuE7sPCLwH0L=w148-h148-n-k-no"
            },
            {
                "title": "Chutes de la Métché",
                "category": "Tourist attraction",
                "img": "https://lh5.googleusercontent.com/p/AF1QipMVSzvj-LzsPZpxm0S60MX7dlEyKOpclo7phEcN=w148-h148-n-k-no"
            },
            {
                "title": "Mount Cameroon",
                "category": "Volcano",
                "img": "https://lh5.googleusercontent.com/p/AF1QipP4mpSWEdLezkj0soia58EQ99fIetHxBZbd-2-v=w148-h148-n-k-no"
            },
            {
                "title": "Ekom Nkam Waterfalls",
                "category": "Tourist attraction",
                "img": "https://lh5.googleusercontent.com/p/AF1QipNltTaGzQWWvOzAoi9jIwXIw1DWLzJAR7bm8ZmE=w148-h148-n-k-no"
            },
            {
                "title": "Maritime Museum Of Douala",
                "category": "Museum",
                "url": "https://museemaritime.cm/en/",
                "img": "https://lh5.googleusercontent.com/p/AF1QipPRKMpz-JETnVLOGSFuMBq8B5Vo12NqXB8VX_qw=w148-h148-n-k-no"
            }
        ],
        "Sangmélima": [
            {
                "title": "Dja Faunal Reserve",
                "category": "National park",
                "url": "http://www.dja.cm/anglais/visite.php",
                "img": "https://lh5.googleusercontent.com/p/AF1QipOpEi37Z6DsdMw8AGFSr1nbp9ThqLnQm9hjLPrb=w148-h148-n-k-no"
            },
            {
                "title": "Manèges de Ya-Fe",
                "category": "Amusement park ride",
                "url": "https://www.facebook.com/LesManegesDeYafe",
                "img": "https://lh5.googleusercontent.com/p/AF1QipPTncl9QGVJnO-4Ya-iaVrpGYCoYLDqhwo7Za1A=w148-h148-n-k-no"
            },
            {
                "title": "Campo Reserve",
                "category": "National park",
                "img": "https://lh5.googleusercontent.com/p/AF1QipMZL1-ZQSMC_YZHhDOgfYHbJFSWJA3K5n4MZCDu=w148-h148-n-k-no"
            },
            {
                "title": "Bois Sainte Anastasie",
                "category": "Restaurant",
                "img": "https://lh5.googleusercontent.com/p/AF1QipOypP3OFBJP6YVnH4UNPorbblfjzgphbBlVdrYd=w148-h148-n-k-no"
            },
            {
                "title": "National Museum",
                "category": "Museum",
                "img": "https://lh5.googleusercontent.com/p/AF1QipPNWI6oMUrlYsH3nQBuoka2T5SGKD2Tj7CIzIYi=w148-h148-n-k-no"
            },
            {
                "title": "Station Coloniale Allemande",
                "category": "Historical landmark",
                "img": "https://lh5.googleusercontent.com/p/AF1QipP6fiBFJv6jeWwzBj626n-aihT8XqUhjciV-cn7=w148-h148-n-k-no"
            },
            {
                "title": "Paroisse Francophone Saint-Esprit de Mvolye",
                "category": "Catholic church",
                "img": "https://lh5.googleusercontent.com/p/AF1QipPen513D2CWtwSN31QvQKqrY3rM5Tm9Tp67c9JT=w148-h148-n-k-no"
            },
            {
                "title": "Basilica of Mary Queen of Apostles",
                "category": "Basilica",
                "img": "https://lh5.googleusercontent.com/p/AF1QipMDWEvnyShgubZS3i3afyIyb8Xy5keOFmPeEFpF=w148-h148-n-k-no"
            },
            {
                "title": "Parc de la Méfou (Ape Action Africa)",
                "category": "Wildlife Refuge",
                "url": "http://www.apeactionafrica.org/",
                "img": "https://lh5.googleusercontent.com/p/AF1QipM6mdZUUDhy8dbkPqPy-yW5p9w0uDwW-hwGyDC4=w148-h148-n-k-no"
            },
            {
                "title": "Cathédrale de la Paix",
                "category": "Apartment complex",
                "img": "https://lh5.googleusercontent.com/p/AF1QipOCiHbaamnQo6PCPT4H57wj-y3DojksNjv_zeNB=w148-h148-n-k-no"
            },
            {
                "title": "Cameroon Reunification Monument",
                "category": "Cultural landmark",
                "img": "https://lh5.googleusercontent.com/p/AF1QipN8-r6EyqhJXOfZbZr5dOa8pbmZn8W8LZ1mhsBT=w148-h148-n-k-no"
            }
        ],
        "Yagoua": [],
        "Ébolowa": [
            {
                "title": "Cathedral of St. Ann and St. Joachim",
                "category": "Cathedral",
                "img": "https://lh5.googleusercontent.com/p/AF1QipOjsgBgq_t8ImsGY-LHExsRTx4M-5d2PxJLrhiN=w148-h148-n-k-no"
            },
            {
                "title": "La Regional",
                "category": "Park and Garden",
                "img": "https://lh5.googleusercontent.com/p/AF1QipMXgakxClRGWi9ADaATCCoQHb5ysBAa0wj9uNuS=w148-h148-n-k-no"
            },
            {
                "title": "Musée Ethnographique et d'Histoire des Peuples de la Forêt d'Afrique Centrale",
                "category": "Museum",
                "img": "https://lh5.googleusercontent.com/p/AF1QipPbrAz72gKZyu6TLOO3OCQbskP6GOlMM_uRFdDM=w148-h148-n-k-no"
            },
            {
                "title": "Le Dinard",
                "category": "Nightclub",
                "img": "https://lh5.googleusercontent.com/p/AF1QipMHrQF2Q6_a-32Pva6RPthrPD7qKL6X6okzIgC3=w148-h148-n-k-no"
            },
            {
                "title": "Mosquée centrale biyemassi",
                "category": "Mosque",
                "img": "https://lh5.googleusercontent.com/p/AF1QipNlXl8HJe5baUplIIrRfhavjDEKBbi1ecG31Zmw=w148-h148-n-k-no"
            },
            {
                "title": "Blackitude Museum",
                "category": "Museum",
                "img": "https://lh5.googleusercontent.com/p/AF1QipPzUeB4iCHqu12soySDI9iyTMsgCPRsEUo4OW3b=w148-h148-n-k-no"
            },
            {
                "title": "Campo Reserve",
                "category": "National park",
                "img": "https://lh5.googleusercontent.com/p/AF1QipMZL1-ZQSMC_YZHhDOgfYHbJFSWJA3K5n4MZCDu=w148-h148-n-k-no"
            },
            {
                "title": "Parc de la Méfou (Ape Action Africa)",
                "category": "Wildlife Refuge",
                "url": "http://www.apeactionafrica.org/",
                "img": "https://lh5.googleusercontent.com/p/AF1QipM6mdZUUDhy8dbkPqPy-yW5p9w0uDwW-hwGyDC4=w148-h148-n-k-no"
            },
            {
                "title": "Bois Sainte Anastasie",
                "category": "Restaurant",
                "img": "https://lh5.googleusercontent.com/p/AF1QipOypP3OFBJP6YVnH4UNPorbblfjzgphbBlVdrYd=w148-h148-n-k-no"
            },
            {
                "title": "National Museum",
                "category": "Museum",
                "img": "https://lh5.googleusercontent.com/p/AF1QipPNWI6oMUrlYsH3nQBuoka2T5SGKD2Tj7CIzIYi=w148-h148-n-k-no"
            },
            {
                "title": "Basilica of Mary Queen of Apostles",
                "category": "Basilica",
                "img": "https://lh5.googleusercontent.com/p/AF1QipMDWEvnyShgubZS3i3afyIyb8Xy5keOFmPeEFpF=w148-h148-n-k-no"
            },
            {
                "title": "Paroisse Francophone Saint-Esprit de Mvolye",
                "category": "Catholic church",
                "img": "https://lh5.googleusercontent.com/p/AF1QipPen513D2CWtwSN31QvQKqrY3rM5Tm9Tp67c9JT=w148-h148-n-k-no"
            },
            {
                "title": "Cameroon Reunification Monument",
                "category": "Cultural landmark",
                "img": "https://lh5.googleusercontent.com/p/AF1QipN8-r6EyqhJXOfZbZr5dOa8pbmZn8W8LZ1mhsBT=w148-h148-n-k-no"
            },
            {
                "title": "Cathédrale de la Paix",
                "category": "Apartment complex",
                "img": "https://lh5.googleusercontent.com/p/AF1QipOCiHbaamnQo6PCPT4H57wj-y3DojksNjv_zeNB=w148-h148-n-k-no"
            },
            {
                "title": "Statue of Charles Atangana",
                "category": "Historical landmark",
                "img": "https://lh5.googleusercontent.com/p/AF1QipPJGKXId6WHiCsVg38xQd-08z2OO1FblnvTg9Q7=w148-h148-n-k-no"
            }
        ],
        "Mbalmayo": [
            {
                "title": "Canal Olympia",
                "category": "Cinema",
                "url": "http://www.canalolympia.com/",
                "img": "https://lh5.googleusercontent.com/p/AF1QipPhN5AF2FaU_alkbR1kbsyf9OchYU4iYsUo9tX5=w148-h148-n-k-no"
            },
            {
                "title": "Paul Biya Omnisport Stadium",
                "category": "Stadium",
                "img": "https://lh5.googleusercontent.com/p/AF1QipNhZCRxC5tcr3bLV0crxzgqn2rKwa5hsgoqHIXj=w148-h148-n-k-no"
            },
            {
                "title": "Stade Ahmadou Ahidjo",
                "category": "Stadium",
                "url": "https://www.facebook.com/svelt983/posts/1288261468217987",
                "img": "https://lh5.googleusercontent.com/p/AF1QipPQ7PjKT7jNb-_kTeocaMrBgAs3COdwqlkQ_Gmp=w148-h148-n-k-no"
            },
            {
                "title": "Yaounde Multipurpose Sports Complex",
                "category": "Sports complex",
                "img": "https://lh5.googleusercontent.com/p/AF1QipPnn9RzATpqmxBadSHD9GuuZZk6FYGVnFwkfGPv=w148-h148-n-k-no"
            },
            {
                "title": "Yaoundé",
                "category": "Locality",
                "img": "https://lh5.googleusercontent.com/p/AF1QipPjVq_p25wh_qlKISsrcG9IvkS35PYvkrlhkx5d=w148-h148-n-k-no"
            },
            {
                "title": "Paroisse Francophone Saint-Esprit de Mvolye",
                "category": "Catholic church",
                "img": "https://lh5.googleusercontent.com/p/AF1QipPen513D2CWtwSN31QvQKqrY3rM5Tm9Tp67c9JT=w148-h148-n-k-no"
            },
            {
                "title": "Sanza Night Club, Yaoundé",
                "category": "Nightclub",
                "img": "https://lh5.googleusercontent.com/p/AF1QipPEmWptOORjlzHIDKoE2brtu5jF3uH141uq6rxH=w148-h148-n-k-no"
            },
            {
                "title": "Le Phare De Kribi",
                "category": "Tourist attraction",
                "img": "https://lh5.googleusercontent.com/p/AF1QipPFZvVq_rj6tKxeFqDNxOkPl52hWnm_dX5PnJ7w=w148-h148-n-k-no"
            },
            {
                "title": "Pont allemand d'Édéa",
                "category": "Tunnel",
                "img": "https://lh5.googleusercontent.com/p/AF1QipNss49Ta9fMmogO9D2K6Dd17fO4aQJyCfMds3Jp=w148-h148-n-k-no"
            },
            {
                "title": "Bois Sainte Anastasie",
                "category": "Restaurant",
                "img": "https://lh5.googleusercontent.com/p/AF1QipOypP3OFBJP6YVnH4UNPorbblfjzgphbBlVdrYd=w148-h148-n-k-no"
            },
            {
                "title": "Site Touristique D'EBOGO",
                "category": "Tourist attraction",
                "img": "https://lh5.googleusercontent.com/p/AF1QipPLRdArmyyjpMB985CKheebSHihnal9yb_pwVqP=w148-h148-n-k-no"
            },
            {
                "title": "Basilica of Mary Queen of Apostles",
                "category": "Basilica",
                "img": "https://lh5.googleusercontent.com/p/AF1QipMDWEvnyShgubZS3i3afyIyb8Xy5keOFmPeEFpF=w148-h148-n-k-no"
            },
            {
                "title": "Mvog-Betsi Botanical Zoological Garden",
                "category": "Zoo",
                "img": "https://lh5.googleusercontent.com/p/AF1QipOVHwApVxhSYWd_G1xMYVcMsnM5An13jMTYO2fN=w148-h148-n-k-no"
            },
            {
                "title": "Station Coloniale Allemande",
                "category": "Historical landmark",
                "img": "https://lh5.googleusercontent.com/p/AF1QipP6fiBFJv6jeWwzBj626n-aihT8XqUhjciV-cn7=w148-h148-n-k-no"
            },
            {
                "title": "Cathédrale de la Paix",
                "category": "Apartment complex",
                "img": "https://lh5.googleusercontent.com/p/AF1QipOCiHbaamnQo6PCPT4H57wj-y3DojksNjv_zeNB=w148-h148-n-k-no"
            },
            {
                "title": "Cameroon Reunification Monument",
                "category": "Cultural landmark",
                "img": "https://lh5.googleusercontent.com/p/AF1QipN8-r6EyqhJXOfZbZr5dOa8pbmZn8W8LZ1mhsBT=w148-h148-n-k-no"
            }
        ],
        "Douala": [
            {
                "title": "CanalOlympia Bessengué",
                "category": "Cinema",
                "url": "https://www.canalolympia.com/theaters/bessengue/",
                "img": "https://lh5.googleusercontent.com/p/AF1QipOSOxlczxQ23KHM55wgtN1NvieY-ojQnkdq5WhQ=w148-h148-n-k-no"
            },
            {
                "title": "Maritime Museum Of Douala",
                "category": "Museum",
                "url": "https://museemaritime.cm/en/",
                "img": "https://lh5.googleusercontent.com/p/AF1QipPRKMpz-JETnVLOGSFuMBq8B5Vo12NqXB8VX_qw=w148-h148-n-k-no"
            },
            {
                "title": "GAMES ARENA 237",
                "category": "Recreation Centre",
                "url": "http://www.gamesarena237.com/",
                "img": "https://lh5.googleusercontent.com/p/AF1QipPkXv6OVUbIwSBV98Am5tBOdjgZDZL1VmMgbTVm=w148-h148-n-k-no"
            },
            {
                "title": "YengAfrica",
                "category": "Sightseeing Tour Agency",
                "url": "https://yengafrica.com/",
                "img": "https://lh5.googleusercontent.com/p/AF1QipOIhxPF27qKMH9hYzykyNo-sGr7sf8QGiLxwXxn=w148-h148-n-k-no"
            },
            {
                "title": "Doual'art",
                "category": "Museum",
                "url": "http://www.doualart.org/",
                "img": "https://lh5.googleusercontent.com/p/AF1QipPwV-XbcUefKxnxSlqa6Afn1EPvXSEByXhaI5fW=w148-h148-n-k-no"
            },
            {
                "title": "Cathedral of St Peter and Paul Bonadibong",
                "category": "Catholic church",
                "img": "https://lh5.googleusercontent.com/p/AF1QipMnG03SjSoLnJlXStI-CW8osAvu_UVb8TH41z6N=w148-h148-n-k-no"
            },
            {
                "title": "Ancienne Residence du Chef de Circonscription",
                "category": "Historical landmark",
                "img": "https://lh5.googleusercontent.com/p/AF1QipN5L51dwpQUFPXYwXWXAC4nfiCZljG67IyReSOs=w148-h148-n-k-no"
            },
            {
                "title": "CASINO SALUT DOUALA",
                "category": "Casino",
                "url": "https://www.linkedin.com/company/casino-salut-international?trk=blended-typeahead",
                "img": "https://lh5.googleusercontent.com/p/AF1QipNfMN44SJFC3l6yK9SIyDiPOf-t2OvehU9tyTSb=w148-h148-n-k-no"
            },
            {
                "title": "Ancien Commissariat de Police",
                "category": "Historical landmark",
                "img": "https://lh5.googleusercontent.com/p/AF1QipNG_T_QDUiUGhceh8-eUrtyqZAqYTIcvk9AgqgJ=w148-h148-n-k-no"
            },
            {
                "title": "La Nouvelle Liberté",
                "category": "Historical landmark",
                "img": "https://lh5.googleusercontent.com/p/AF1QipM8d0YKUOcYp4NhvuqnkZIgnhA0cR9O-pXpETjF=w148-h148-n-k-no"
            },
            {
                "title": "Fun Center Kids",
                "category": "Playground",
                "url": "http://www.funcenter.cm/",
                "img": "https://lh5.googleusercontent.com/p/AF1QipMLbmMkOQkLvb9nvH1KJSfJ8PHCComFkcdEmvxH=w148-h148-n-k-no"
            },
            {
                "title": "La Pagode",
                "category": "Historical landmark",
                "img": "https://lh5.googleusercontent.com/p/AF1QipNu_U4RqyABobhOjADw7gjMYut6GKSd_PyFzusD=w148-h148-n-k-no"
            },
            {
                "title": "Le Discophage, Douala",
                "category": "Bar",
                "img": "https://lh5.googleusercontent.com/p/AF1QipMM5Tjf5m5VilVZNHe1c2u-BqaVZn3c2G2jM1Jf=w148-h148-n-k-no"
            },
            {
                "title": "Monument Nachtigal",
                "category": "Historical landmark",
                "img": "https://lh5.googleusercontent.com/p/AF1QipOhn_1Rh5VBrZRsAmzxvviKaUIaBuE7sPCLwH0L=w148-h148-n-k-no"
            }
        ],
        "Kumba": [
            {
                "title": "Limbe Wildlife Centre",
                "category": "Wildlife rescue service",
                "url": "http://www.limbewildlife.org/",
                "img": "https://lh5.googleusercontent.com/p/AF1QipPvSXJUkF30xgFktzWyYq20vZqRftpIv_Y4-yK4=w148-h148-n-k-no"
            },
            {
                "title": "Chutes de la Lobé",
                "category": "Waterfall",
                "img": "https://lh5.googleusercontent.com/p/AF1QipP5PVnh4EY-9VL5FdlHORl-2AooUS-jQUbnB-kO=w148-h148-n-k-no"
            },
            {
                "title": "Douala",
                "category": "Locality",
                "img": "https://lh5.googleusercontent.com/p/AF1QipPQJ72GQ8kpvew3Kkcv0X2VzxFKbuBnk-mHrnu5=w148-h148-n-k-no"
            },
            {
                "title": "Korup National Park",
                "category": "National park",
                "img": "https://lh5.googleusercontent.com/p/AF1QipN8z9w_rhSW0aO2JvnLVIRZk6RsWebnM1vmS-dl=w148-h148-n-k-no"
            },
            {
                "title": "Bamenda",
                "category": "Locality",
                "img": "https://lh5.googleusercontent.com/p/AF1QipMkhhzhrMTYkver13TYze4N2NlN1UiXtbDHnR1W=w148-h148-n-k-no"
            },
            {
                "title": "Kribi",
                "category": "Locality",
                "img": "https://lh5.googleusercontent.com/p/AF1QipO_r5VWEq0wHGIVktoJMFVU0tnbi4bHO3I00bk4=w148-h148-n-k-no"
            },
            {
                "title": "Ekom Nkam Waterfalls",
                "category": "Tourist attraction",
                "img": "https://lh5.googleusercontent.com/p/AF1QipNltTaGzQWWvOzAoi9jIwXIw1DWLzJAR7bm8ZmE=w148-h148-n-k-no"
            },
            {
                "title": "Maritime Museum Of Douala",
                "category": "Museum",
                "url": "https://museemaritime.cm/en/",
                "img": "https://lh5.googleusercontent.com/p/AF1QipPRKMpz-JETnVLOGSFuMBq8B5Vo12NqXB8VX_qw=w148-h148-n-k-no"
            },
            {
                "title": "Doual'art",
                "category": "Museum",
                "url": "http://www.doualart.org/",
                "img": "https://lh5.googleusercontent.com/p/AF1QipPwV-XbcUefKxnxSlqa6Afn1EPvXSEByXhaI5fW=w148-h148-n-k-no"
            },
            {
                "title": "Limbe Botanic Garden",
                "category": "Park and Garden",
                "img": "https://lh5.googleusercontent.com/p/AF1QipMKLhTkYRJoIW6W2Z7IvW0Q0lueglC9MrxWLgoo=w148-h148-n-k-no"
            },
            {
                "title": "Mount Cameroon",
                "category": "Volcano",
                "img": "https://lh5.googleusercontent.com/p/AF1QipP4mpSWEdLezkj0soia58EQ99fIetHxBZbd-2-v=w148-h148-n-k-no"
            }
        ],
        "Meïganga": [],
        "Bafoussam": [
            {
                "title": "Stade Municipal de Bamendzi",
                "category": "Stadium",
                "img": "https://lh5.googleusercontent.com/p/AF1QipOp06X5jqCsSxlRG7CO2pnQfTeUxTUgPodeVe5a=w148-h148-n-k-no"
            },
            {
                "title": "Bandjoun Station",
                "category": "Art museum",
                "img": "https://lh5.googleusercontent.com/p/AF1QipPXwT3cFaR06-_CEKRNjYxCsIHfdr_-j1qfwKhY=w148-h148-n-k-no"
            },
            {
                "title": "Stade Omnisports de Bafoussam",
                "category": "Stadium",
                "img": "https://lh5.googleusercontent.com/p/AF1QipPUh4hPsmbhqf4SKhB0KIbLind6Svb8OEVhSrUi=w148-h148-n-k-no"
            },
            {
                "title": "Ekom Nkam Waterfalls",
                "category": "Tourist attraction",
                "img": "https://lh5.googleusercontent.com/p/AF1QipNltTaGzQWWvOzAoi9jIwXIw1DWLzJAR7bm8ZmE=w148-h148-n-k-no"
            },
            {
                "title": "Grotte Fovu, Baham",
                "category": "Tourist attraction",
                "img": "https://lh5.googleusercontent.com/p/AF1QipMnuqA6dwHvffNFRYfWKDXbWPOnV8h0l1JKupKY=w148-h148-n-k-no"
            },
            {
                "title": "Chefferie Bandjoun",
                "category": "Tourist attraction",
                "img": "https://lh5.googleusercontent.com/p/AF1QipPY72XoOW6zElG8W_4SrZWtKAtzpHHnrOBywC8w=w148-h148-n-k-no"
            },
            {
                "title": "Musée des civilisations de Dschang",
                "category": "Museum",
                "img": "https://lh5.googleusercontent.com/p/AF1QipNJpUd29_8v5ZXLPOeQmVpDL2BfQBSyAPaHNGM3=w148-h148-n-k-no"
            }
        ],
        "Nkongsamba": [
            {
                "title": "Ekom Nkam Waterfalls",
                "category": "Tourist attraction",
                "img": "https://lh5.googleusercontent.com/p/AF1QipNltTaGzQWWvOzAoi9jIwXIw1DWLzJAR7bm8ZmE=w148-h148-n-k-no"
            },
            {
                "title": "Fere Hôtel Plus",
                "category": "Hotel",
                "img": "https://lh5.googleusercontent.com/p/AF1QipP9m0CWXorEZeillIIAgBsCGT4tdpPQQrLLZdWv=w148-h148-n-k-no"
            },
            {
                "title": "Dschang",
                "category": "Locality",
                "img": "https://lh5.googleusercontent.com/p/AF1QipPIhg7T0Z2SfXJRnO1EfCKbdKS3Kzryt8Tch7Ga=w148-h148-n-k-no"
            },
            {
                "title": "Musée des civilisations de Dschang",
                "category": "Museum",
                "img": "https://lh5.googleusercontent.com/p/AF1QipNJpUd29_8v5ZXLPOeQmVpDL2BfQBSyAPaHNGM3=w148-h148-n-k-no"
            },
            {
                "title": "Lac municipal de Dschang",
                "category": "Lake",
                "img": "https://lh5.googleusercontent.com/p/AF1QipO4VjEwr4dmm7nHFXdME2oKkCQKf5KDSf40fZyl=w148-h148-n-k-no"
            },
            {
                "title": "Melong",
                "category": "Locality",
                "img": "https://lh5.googleusercontent.com/p/AF1QipOPPmbTlDeikiipMC-CU-QwKRqUc4_D51iTJ3xp=w148-h148-n-k-no"
            },
            {
                "title": "Kumba",
                "category": "Locality",
                "img": "https://lh5.googleusercontent.com/p/AF1QipPMyTn1cASdqCouZ4SoJMdxkTG9-Y5uUOUWioGQ=w148-h148-n-k-no"
            },
            {
                "title": "Stade Municipal",
                "category": "Stadium",
                "img": "https://lh5.googleusercontent.com/p/AF1QipMvCViFSBBsQ6hKUT2ISCGEiDDr3-zzb7zYXDgC=w148-h148-n-k-no"
            },
            {
                "title": "Carrefour Leroy",
                "category": "Shopping Centre",
                "img": "https://lh5.googleusercontent.com/p/AF1QipPTxGqtss0-y9SeCj0dVEBbJOgxLmXFXVwurSU-=w148-h148-n-k-no"
            }
        ],
        "Kumbo": [
            {
                "title": "Tobin Stadium",
                "category": "Stadium",
                "img": "https://lh5.googleusercontent.com/p/AF1QipMvmY8eRaqT6F1rs6vLr-6un37zfN7KBWKtb-Di=w148-h148-n-k-no"
            },
            {
                "title": "Ayos Centre",
                "category": "Cultural landmark",
                "img": "https://lh5.googleusercontent.com/p/AF1QipOIif0EnPF_CdnF3bEZo1RDeYWCuhsv3MUc08ly=w148-h148-n-k-no"
            },
            {
                "title": "Ekom Nkam Waterfalls",
                "category": "Tourist attraction",
                "img": "https://lh5.googleusercontent.com/p/AF1QipNltTaGzQWWvOzAoi9jIwXIw1DWLzJAR7bm8ZmE=w148-h148-n-k-no"
            },
            {
                "title": "Stade Municipal de Bamendzi",
                "category": "Stadium",
                "url": "http://www.racingtpo.net/",
                "img": "https://lh5.googleusercontent.com/p/AF1QipOp06X5jqCsSxlRG7CO2pnQfTeUxTUgPodeVe5a=w148-h148-n-k-no"
            },
            {
                "title": "Stade Municipal De Mbouda",
                "category": "Stadium",
                "img": "https://lh5.googleusercontent.com/p/AF1QipPPvFR4leeWfzWr2fCfUIokxvLFdn4EsV5nmeg7=w148-h148-n-k-no"
            }
        ],
        "Bafang": [
            {
                "title": "Ayos Centre",
                "category": "Cultural landmark",
                "img": "https://lh5.googleusercontent.com/p/AF1QipOIif0EnPF_CdnF3bEZo1RDeYWCuhsv3MUc08ly=w148-h148-n-k-no"
            },
            {
                "title": "CanalOlympia Bessengué",
                "category": "Cinema",
                "url": "https://www.canalolympia.com/theaters/bessengue/",
                "img": "https://lh5.googleusercontent.com/p/AF1QipOSOxlczxQ23KHM55wgtN1NvieY-ojQnkdq5WhQ=w148-h148-n-k-no"
            },
            {
                "title": "Pont allemand d'Édéa",
                "category": "Tunnel",
                "img": "https://lh5.googleusercontent.com/p/AF1QipNss49Ta9fMmogO9D2K6Dd17fO4aQJyCfMds3Jp=w148-h148-n-k-no"
            },
            {
                "title": "Bafoussam",
                "category": "Locality",
                "img": "https://lh5.googleusercontent.com/p/AF1QipPfiLO6_87rKky9pzavtCPdjs4zNERlYo339LLQ=w148-h148-n-k-no"
            },
            {
                "title": "Bimbia",
                "category": "Neighborhood",
                "img": "https://lh5.googleusercontent.com/p/AF1QipO6MTKeODasxSK9SJZVGx_X88AYIwNmmdXoMEcs=w148-h148-n-k-no"
            },
            {
                "title": "Bamenda",
                "category": "Locality",
                "img": "https://lh5.googleusercontent.com/p/AF1QipMkhhzhrMTYkver13TYze4N2NlN1UiXtbDHnR1W=w148-h148-n-k-no"
            },
            {
                "title": "Foumban",
                "category": "Locality",
                "img": "https://lh5.googleusercontent.com/p/AF1QipMIgbboxf7jAekgIz9imNd4UBpbiiKB_kB1Qt7o=w148-h148-n-k-no"
            },
            {
                "title": "Dschang",
                "category": "Locality",
                "img": "https://lh5.googleusercontent.com/p/AF1QipPIhg7T0Z2SfXJRnO1EfCKbdKS3Kzryt8Tch7Ga=w148-h148-n-k-no"
            },
            {
                "title": "Lake Barombi",
                "category": "Lake",
                "img": "https://lh5.googleusercontent.com/p/AF1QipMdjr39y6p2c0ts0zVGm9OMT7yuCaPby5qI3tj2=w148-h148-n-k-no"
            },
            {
                "title": "Douala",
                "category": "Locality",
                "img": "https://lh5.googleusercontent.com/p/AF1QipPQJ72GQ8kpvew3Kkcv0X2VzxFKbuBnk-mHrnu5=w148-h148-n-k-no"
            },
            {
                "title": "Monument Nachtigal",
                "category": "Historical landmark",
                "img": "https://lh5.googleusercontent.com/p/AF1QipOhn_1Rh5VBrZRsAmzxvviKaUIaBuE7sPCLwH0L=w148-h148-n-k-no"
            },
            {
                "title": "Mount Oku",
                "category": "Mountain peak",
                "img": "https://lh5.googleusercontent.com/p/AF1QipN1qAmrRulOa5uvOMhR5EqXH04NW1EstpgQYrUq=w148-h148-n-k-no"
            },
            {
                "title": "Menchum River",
                "category": "River",
                "img": "https://lh5.googleusercontent.com/p/AF1QipPe8cOfb2GHpEtuqPJsLVOc5QDi5nlwFf8E1LiQ=w148-h148-n-k-no"
            },
            {
                "title": "Cathedral of St Peter and Paul Bonadibong",
                "category": "Catholic church",
                "img": "https://lh5.googleusercontent.com/p/AF1QipMnG03SjSoLnJlXStI-CW8osAvu_UVb8TH41z6N=w148-h148-n-k-no"
            },
            {
                "title": "Manèges de Ya-Fe",
                "category": "Amusement park ride",
                "url": "https://www.facebook.com/LesManegesDeYafe",
                "img": "https://lh5.googleusercontent.com/p/AF1QipPTncl9QGVJnO-4Ya-iaVrpGYCoYLDqhwo7Za1A=w148-h148-n-k-no"
            },
            {
                "title": "La Nouvelle Liberté",
                "category": "Historical landmark",
                "img": "https://lh5.googleusercontent.com/p/AF1QipM8d0YKUOcYp4NhvuqnkZIgnhA0cR9O-pXpETjF=w148-h148-n-k-no"
            }
        ],
        "Limbe": [
            {
                "title": "Limbe Botanic Garden",
                "category": "Park and Garden",
                "img": "https://lh5.googleusercontent.com/p/AF1QipMKLhTkYRJoIW6W2Z7IvW0Q0lueglC9MrxWLgoo=w148-h148-n-k-no"
            },
            {
                "title": "Limbe Wildlife Centre",
                "category": "Wildlife rescue service",
                "url": "http://www.limbewildlife.org/",
                "img": "https://lh5.googleusercontent.com/p/AF1QipPvSXJUkF30xgFktzWyYq20vZqRftpIv_Y4-yK4=w148-h148-n-k-no"
            },
            {
                "title": "Apple Night Club",
                "category": "Bar",
                "img": "https://lh5.googleusercontent.com/p/AF1QipOwnow972KilpuH43fuf0dTu8AeqW8wSDygRaG5=w148-h148-n-k-no"
            },
            {
                "title": "Beyond Barbers The Beauty Spa",
                "category": "Beauty Salon",
                "img": "https://lh5.googleusercontent.com/p/AF1QipNDESKTFpBt1m0Yiv_XqCPCwjJlnuiZSyqHhJAC=w148-h148-n-k-no"
            },
            {
                "title": "Bimbia",
                "category": "Neighborhood",
                "img": "https://lh5.googleusercontent.com/p/AF1QipO6MTKeODasxSK9SJZVGx_X88AYIwNmmdXoMEcs=w148-h148-n-k-no"
            }
        ],
        "Loum": [
            {
                "title": "Limbe",
                "category": "Locality",
                "img": "https://lh5.googleusercontent.com/p/AF1QipNEyYtycU2kxM50vQL33_jyzLRZ7tTEqQ5sjxbc=w148-h148-n-k-no"
            },
            {
                "title": "Bafoussam",
                "category": "Locality",
                "img": "https://lh5.googleusercontent.com/p/AF1QipPfiLO6_87rKky9pzavtCPdjs4zNERlYo339LLQ=w148-h148-n-k-no"
            },
            {
                "title": "Foumban",
                "category": "Locality",
                "img": "https://lh5.googleusercontent.com/p/AF1QipMIgbboxf7jAekgIz9imNd4UBpbiiKB_kB1Qt7o=w148-h148-n-k-no"
            },
            {
                "title": "Korup National Park",
                "category": "National park",
                "img": "https://lh5.googleusercontent.com/p/AF1QipN8z9w_rhSW0aO2JvnLVIRZk6RsWebnM1vmS-dl=w148-h148-n-k-no"
            },
            {
                "title": "Ancienne Residence du Chef de Circonscription",
                "category": "Historical landmark",
                "img": "https://lh5.googleusercontent.com/p/AF1QipN5L51dwpQUFPXYwXWXAC4nfiCZljG67IyReSOs=w148-h148-n-k-no"
            },
            {
                "title": "Menchum River",
                "category": "River",
                "img": "https://lh5.googleusercontent.com/p/AF1QipPe8cOfb2GHpEtuqPJsLVOc5QDi5nlwFf8E1LiQ=w148-h148-n-k-no"
            },
            {
                "title": "Mount Oku",
                "category": "Mountain peak",
                "img": "https://lh5.googleusercontent.com/p/AF1QipN1qAmrRulOa5uvOMhR5EqXH04NW1EstpgQYrUq=w148-h148-n-k-no"
            },
            {
                "title": "Douala",
                "category": "Locality",
                "img": "https://lh5.googleusercontent.com/p/AF1QipPQJ72GQ8kpvew3Kkcv0X2VzxFKbuBnk-mHrnu5=w148-h148-n-k-no"
            },
            {
                "title": "Bamenda",
                "category": "Locality",
                "img": "https://lh5.googleusercontent.com/p/AF1QipMkhhzhrMTYkver13TYze4N2NlN1UiXtbDHnR1W=w148-h148-n-k-no"
            },
            {
                "title": "Le Phare De Kribi",
                "category": "Tourist attraction",
                "img": "https://lh5.googleusercontent.com/p/AF1QipPFZvVq_rj6tKxeFqDNxOkPl52hWnm_dX5PnJ7w=w148-h148-n-k-no"
            },
            {
                "title": "Pont allemand d'Édéa",
                "category": "Tunnel",
                "img": "https://lh5.googleusercontent.com/p/AF1QipNss49Ta9fMmogO9D2K6Dd17fO4aQJyCfMds3Jp=w148-h148-n-k-no"
            },
            {
                "title": "Bimbia",
                "category": "Neighborhood",
                "img": "https://lh5.googleusercontent.com/p/AF1QipO6MTKeODasxSK9SJZVGx_X88AYIwNmmdXoMEcs=w148-h148-n-k-no"
            },
            {
                "title": "Ayos Centre",
                "category": "Cultural landmark",
                "img": "https://lh5.googleusercontent.com/p/AF1QipOIif0EnPF_CdnF3bEZo1RDeYWCuhsv3MUc08ly=w148-h148-n-k-no"
            },
            {
                "title": "Cathedral of St Peter and Paul Bonadibong",
                "category": "Catholic church",
                "img": "https://lh5.googleusercontent.com/p/AF1QipMnG03SjSoLnJlXStI-CW8osAvu_UVb8TH41z6N=w148-h148-n-k-no"
            },
            {
                "title": "La Nouvelle Liberté",
                "category": "Historical landmark",
                "img": "https://lh5.googleusercontent.com/p/AF1QipM8d0YKUOcYp4NhvuqnkZIgnhA0cR9O-pXpETjF=w148-h148-n-k-no"
            },
            {
                "title": "Chutes de la Métché",
                "category": "Tourist attraction",
                "img": "https://lh5.googleusercontent.com/p/AF1QipMVSzvj-LzsPZpxm0S60MX7dlEyKOpclo7phEcN=w148-h148-n-k-no"
            }
        ],
        "Yaoundé": [
            {
                "title": "Canal Olympia",
                "category": "Cinema",
                "url": "http://www.canalolympia.com/",
                "img": "https://lh5.googleusercontent.com/p/AF1QipPhN5AF2FaU_alkbR1kbsyf9OchYU4iYsUo9tX5=w148-h148-n-k-no"
            },
            {
                "title": "National Museum",
                "category": "Museum",
                "img": "https://lh5.googleusercontent.com/p/AF1QipPNWI6oMUrlYsH3nQBuoka2T5SGKD2Tj7CIzIYi=w148-h148-n-k-no"
            },
            {
                "title": "Basilica of Mary Queen of Apostles",
                "category": "Basilica",
                "img": "https://lh5.googleusercontent.com/p/AF1QipMDWEvnyShgubZS3i3afyIyb8Xy5keOFmPeEFpF=w148-h148-n-k-no"
            },
            {
                "title": "Stade Ahmadou Ahidjo",
                "category": "Stadium",
                "url": "https://www.facebook.com/svelt983/posts/1288261468217987",
                "img": "https://lh5.googleusercontent.com/p/AF1QipPQ7PjKT7jNb-_kTeocaMrBgAs3COdwqlkQ_Gmp=w148-h148-n-k-no"
            },
            {
                "title": "Yaounde Multipurpose Sports Complex",
                "category": "Sports complex",
                "img": "https://lh5.googleusercontent.com/p/AF1QipPnn9RzATpqmxBadSHD9GuuZZk6FYGVnFwkfGPv=w148-h148-n-k-no"
            },
            {
                "title": "Paroisse Francophone Saint-Esprit de Mvolye",
                "category": "Catholic church",
                "img": "https://lh5.googleusercontent.com/p/AF1QipPen513D2CWtwSN31QvQKqrY3rM5Tm9Tp67c9JT=w148-h148-n-k-no"
            },
            {
                "title": "Mosquée centrale biyemassi",
                "category": "Mosque",
                "img": "https://lh5.googleusercontent.com/p/AF1QipNlXl8HJe5baUplIIrRfhavjDEKBbi1ecG31Zmw=w148-h148-n-k-no"
            },
            {
                "title": "Cameroon Reunification Monument",
                "category": "Cultural landmark",
                "img": "https://lh5.googleusercontent.com/p/AF1QipN8-r6EyqhJXOfZbZr5dOa8pbmZn8W8LZ1mhsBT=w148-h148-n-k-no"
            },
            {
                "title": "Musée Ethnographique et d'Histoire des Peuples de la Forêt d'Afrique Centrale",
                "category": "Museum",
                "img": "https://lh5.googleusercontent.com/p/AF1QipPbrAz72gKZyu6TLOO3OCQbskP6GOlMM_uRFdDM=w148-h148-n-k-no"
            },
            {
                "title": "Blackitude Museum",
                "category": "Museum",
                "img": "https://lh5.googleusercontent.com/p/AF1QipPzUeB4iCHqu12soySDI9iyTMsgCPRsEUo4OW3b=w148-h148-n-k-no"
            },
            {
                "title": "Independence Square",
                "category": "Historical landmark",
                "img": "https://lh5.googleusercontent.com/p/AF1QipOeug4Nt0E9JcSfLKOugZKGwdNNcSJ87n_z7hi7=w148-h148-n-k-no"
            },
            {
                "title": "Eco Park.",
                "category": "Tourist attraction",
                "img": "https://lh5.googleusercontent.com/p/AF1QipPmXIbSMe9aDj9ojB5SNJ7pALxFPURER-6dZgzh=w148-h148-n-k-no"
            },
            {
                "title": "Cathédrale de la Paix",
                "category": "Apartment complex",
                "img": "https://lh5.googleusercontent.com/p/AF1QipOCiHbaamnQo6PCPT4H57wj-y3DojksNjv_zeNB=w148-h148-n-k-no"
            },
            {
                "title": "Statue of Charles Atangana",
                "category": "Historical landmark",
                "img": "https://lh5.googleusercontent.com/p/AF1QipPJGKXId6WHiCsVg38xQd-08z2OO1FblnvTg9Q7=w148-h148-n-k-no"
            },
            {
                "title": "Bois Sainte Anastasie",
                "category": "Restaurant",
                "img": "https://lh5.googleusercontent.com/p/AF1QipOypP3OFBJP6YVnH4UNPorbblfjzgphbBlVdrYd=w148-h148-n-k-no"
            },
            {
                "title": "Parc de la Méfou (Ape Action Africa)",
                "category": "Wildlife Refuge",
                "url": "http://www.apeactionafrica.org/",
                "img": "https://lh5.googleusercontent.com/p/AF1QipM6mdZUUDhy8dbkPqPy-yW5p9w0uDwW-hwGyDC4=w148-h148-n-k-no"
            }
        ],
        "Melong": [
            {
                "title": "Chutes de la Métché",
                "category": "Tourist attraction",
                "img": "https://lh5.googleusercontent.com/p/AF1QipMVSzvj-LzsPZpxm0S60MX7dlEyKOpclo7phEcN=w148-h148-n-k-no"
            },
            {
                "title": "Menchum River",
                "category": "River",
                "img": "https://lh5.googleusercontent.com/p/AF1QipPe8cOfb2GHpEtuqPJsLVOc5QDi5nlwFf8E1LiQ=w148-h148-n-k-no"
            },
            {
                "title": "Mount Oku",
                "category": "Mountain peak",
                "img": "https://lh5.googleusercontent.com/p/AF1QipN1qAmrRulOa5uvOMhR5EqXH04NW1EstpgQYrUq=w148-h148-n-k-no"
            },
            {
                "title": "Maritime Museum Of Douala",
                "category": "Museum",
                "url": "https://museemaritime.cm/en/",
                "img": "https://lh5.googleusercontent.com/p/AF1QipPRKMpz-JETnVLOGSFuMBq8B5Vo12NqXB8VX_qw=w148-h148-n-k-no"
            },
            {
                "title": "Doual'art",
                "category": "Museum",
                "url": "http://www.doualart.org/",
                "img": "https://lh5.googleusercontent.com/p/AF1QipPwV-XbcUefKxnxSlqa6Afn1EPvXSEByXhaI5fW=w148-h148-n-k-no"
            },
            {
                "title": "Ekom Nkam Waterfalls",
                "category": "Tourist attraction",
                "img": "https://lh5.googleusercontent.com/p/AF1QipNltTaGzQWWvOzAoi9jIwXIw1DWLzJAR7bm8ZmE=w148-h148-n-k-no"
            },
            {
                "title": "Limbe Botanic Garden",
                "category": "Park and Garden",
                "img": "https://lh5.googleusercontent.com/p/AF1QipMKLhTkYRJoIW6W2Z7IvW0Q0lueglC9MrxWLgoo=w148-h148-n-k-no"
            },
            {
                "title": "Mount Cameroon",
                "category": "Volcano",
                "img": "https://lh5.googleusercontent.com/p/AF1QipP4mpSWEdLezkj0soia58EQ99fIetHxBZbd-2-v=w148-h148-n-k-no"
            },
            {
                "title": "Limbe Wildlife Centre",
                "category": "Wildlife rescue service",
                "url": "http://www.limbewildlife.org/",
                "img": "https://lh5.googleusercontent.com/p/AF1QipPvSXJUkF30xgFktzWyYq20vZqRftpIv_Y4-yK4=w148-h148-n-k-no"
            }
        ],
        "Bamenda": [
            {
                "title": "Ekom Nkam Waterfalls",
                "category": "Tourist attraction",
                "img": "https://lh5.googleusercontent.com/p/AF1QipNltTaGzQWWvOzAoi9jIwXIw1DWLzJAR7bm8ZmE=w148-h148-n-k-no"
            },
            {
                "title": "Mankon Fon's Palace",
                "category": "Mobile Phone Shop",
                "img": "https://lh5.googleusercontent.com/p/AF1QipM2PTgXEsEOZLs9FfCUY6lcyuuKSEbdU8RFcGYp=w148-h148-n-k-no"
            },
            {
                "title": "Mankon Museum",
                "category": "Museum",
                "img": "https://lh5.googleusercontent.com/p/AF1QipO9h048qg2Ek5TS2eZJk7t6SPb1_-Qmriqrv1aV=w148-h148-n-k-no"
            },
            {
                "title": "Charifa Republic",
                "category": "Beauty Salon",
                "img": "https://lh5.googleusercontent.com/p/AF1QipNmr2BQ7YItZsYEQv9dcPxwC5RgvrMLJ7ZCjLEN=w148-h148-n-k-no"
            },
            {
                "title": "PresCraft",
                "category": "Shops and Shopping",
                "img": "https://lh5.googleusercontent.com/p/AF1QipOJVOeRXLA2y0Qv0a1sD3HPw7TU7AqjZJOZXgvA=w148-h148-n-k-no"
            }
        ],
        "Bafia": [
            {
                "title": "Foumban",
                "category": "Locality",
                "img": "https://lh5.googleusercontent.com/p/AF1QipMIgbboxf7jAekgIz9imNd4UBpbiiKB_kB1Qt7o=w148-h148-n-k-no"
            },
            {
                "title": "Bafoussam",
                "category": "Locality",
                "img": "https://lh5.googleusercontent.com/p/AF1QipPfiLO6_87rKky9pzavtCPdjs4zNERlYo339LLQ=w148-h148-n-k-no"
            },
            {
                "title": "Yaoundé",
                "category": "Locality",
                "img": "https://lh5.googleusercontent.com/p/AF1QipPjVq_p25wh_qlKISsrcG9IvkS35PYvkrlhkx5d=w148-h148-n-k-no"
            },
            {
                "title": "Bamenda",
                "category": "Locality",
                "img": "https://lh5.googleusercontent.com/p/AF1QipMkhhzhrMTYkver13TYze4N2NlN1UiXtbDHnR1W=w148-h148-n-k-no"
            },
            {
                "title": "Independence Square",
                "category": "Historical landmark",
                "img": "https://lh5.googleusercontent.com/p/AF1QipOeug4Nt0E9JcSfLKOugZKGwdNNcSJ87n_z7hi7=w148-h148-n-k-no"
            },
            {
                "title": "Douala",
                "category": "Locality",
                "img": "https://lh5.googleusercontent.com/p/AF1QipPQJ72GQ8kpvew3Kkcv0X2VzxFKbuBnk-mHrnu5=w148-h148-n-k-no"
            },
            {
                "title": "Chutes de la Métché",
                "category": "Tourist attraction",
                "img": "https://lh5.googleusercontent.com/p/AF1QipMVSzvj-LzsPZpxm0S60MX7dlEyKOpclo7phEcN=w148-h148-n-k-no"
            },
            {
                "title": "Pont allemand d'Édéa",
                "category": "Tunnel",
                "img": "https://lh5.googleusercontent.com/p/AF1QipNss49Ta9fMmogO9D2K6Dd17fO4aQJyCfMds3Jp=w148-h148-n-k-no"
            },
            {
                "title": "Monument j'aime mon pays",
                "category": "Historical landmark",
                "img": "https://lh5.googleusercontent.com/p/AF1QipPMMLXxAn2RY1fpotFud58sn3RHBRYIRMNUhH2c=w148-h148-n-k-no"
            },
            {
                "title": "I love my country Cameroon round about",
                "category": "Tourist attraction",
                "img": "https://lh5.googleusercontent.com/p/AF1QipNMWFspfirOAeIoVCFeU5h-Tnww6-llTn-OTLJI=w148-h148-n-k-no"
            },
            {
                "title": "Ayos Centre",
                "category": "Cultural landmark",
                "img": "https://lh5.googleusercontent.com/p/AF1QipOIif0EnPF_CdnF3bEZo1RDeYWCuhsv3MUc08ly=w148-h148-n-k-no"
            },
            {
                "title": "Cathedral of St Peter and Paul Bonadibong",
                "category": "Catholic church",
                "img": "https://lh5.googleusercontent.com/p/AF1QipMnG03SjSoLnJlXStI-CW8osAvu_UVb8TH41z6N=w148-h148-n-k-no"
            },
            {
                "title": "Station Coloniale Allemande",
                "category": "Historical landmark",
                "img": "https://lh5.googleusercontent.com/p/AF1QipP6fiBFJv6jeWwzBj626n-aihT8XqUhjciV-cn7=w148-h148-n-k-no"
            },
            {
                "title": "La Nouvelle Liberté",
                "category": "Historical landmark",
                "img": "https://lh5.googleusercontent.com/p/AF1QipM8d0YKUOcYp4NhvuqnkZIgnhA0cR9O-pXpETjF=w148-h148-n-k-no"
            },
            {
                "title": "Monument Nachtigal",
                "category": "Historical landmark",
                "img": "https://lh5.googleusercontent.com/p/AF1QipOhn_1Rh5VBrZRsAmzxvviKaUIaBuE7sPCLwH0L=w148-h148-n-k-no"
            },
            {
                "title": "Musée Ethnographique et d'Histoire des Peuples de la Forêt d'Afrique Centrale",
                "category": "Museum",
                "img": "https://lh5.googleusercontent.com/p/AF1QipPbrAz72gKZyu6TLOO3OCQbskP6GOlMM_uRFdDM=w148-h148-n-k-no"
            }
        ],
        "Mutengene": [
            {
                "title": "Ancienne Residence du Chef de Circonscription",
                "category": "Historical landmark",
                "img": "https://lh5.googleusercontent.com/p/AF1QipN5L51dwpQUFPXYwXWXAC4nfiCZljG67IyReSOs=w148-h148-n-k-no"
            },
            {
                "title": "Parcours Vita",
                "category": "Park and Garden",
                "img": "https://lh5.googleusercontent.com/p/AF1QipP8o-Cx9wkSmb3uZ5wd4RmACrRfr8EF57b-38mC=w148-h148-n-k-no"
            },
            {
                "title": "Rond-Point Deido",
                "category": "Historical landmark",
                "url": "https://www.behance.net/billikougoum",
                "img": "https://lh5.googleusercontent.com/p/AF1QipO2C1zkN14VxrggpLCWWh8j2i4l2Oq3YfNvWSn_=w148-h148-n-k-no"
            },
            {
                "title": "CanalOlympia Bessengué",
                "category": "Cinema",
                "url": "https://www.canalolympia.com/theaters/bessengue/",
                "img": "https://lh5.googleusercontent.com/p/AF1QipOSOxlczxQ23KHM55wgtN1NvieY-ojQnkdq5WhQ=w148-h148-n-k-no"
            },
            {
                "title": "Kribi",
                "category": "Locality",
                "img": "https://lh5.googleusercontent.com/p/AF1QipO_r5VWEq0wHGIVktoJMFVU0tnbi4bHO3I00bk4=w148-h148-n-k-no"
            },
            {
                "title": "Le Phare De Kribi",
                "category": "Tourist attraction",
                "img": "https://lh5.googleusercontent.com/p/AF1QipPFZvVq_rj6tKxeFqDNxOkPl52hWnm_dX5PnJ7w=w148-h148-n-k-no"
            },
            {
                "title": "Pont allemand d'Édéa",
                "category": "Tunnel",
                "img": "https://lh5.googleusercontent.com/p/AF1QipNss49Ta9fMmogO9D2K6Dd17fO4aQJyCfMds3Jp=w148-h148-n-k-no"
            },
            {
                "title": "Bimbia",
                "category": "Neighborhood",
                "img": "https://lh5.googleusercontent.com/p/AF1QipO6MTKeODasxSK9SJZVGx_X88AYIwNmmdXoMEcs=w148-h148-n-k-no"
            },
            {
                "title": "Cathedral of St Peter and Paul Bonadibong",
                "category": "Catholic church",
                "img": "https://lh5.googleusercontent.com/p/AF1QipMnG03SjSoLnJlXStI-CW8osAvu_UVb8TH41z6N=w148-h148-n-k-no"
            },
            {
                "title": "Maritime Museum Of Douala",
                "category": "Museum",
                "url": "https://museemaritime.cm/en/",
                "img": "https://lh5.googleusercontent.com/p/AF1QipPRKMpz-JETnVLOGSFuMBq8B5Vo12NqXB8VX_qw=w148-h148-n-k-no"
            },
            {
                "title": "Doual'art",
                "category": "Museum",
                "url": "http://www.doualart.org/",
                "img": "https://lh5.googleusercontent.com/p/AF1QipPwV-XbcUefKxnxSlqa6Afn1EPvXSEByXhaI5fW=w148-h148-n-k-no"
            },
            {
                "title": "Monument Nachtigal",
                "category": "Historical landmark",
                "img": "https://lh5.googleusercontent.com/p/AF1QipOhn_1Rh5VBrZRsAmzxvviKaUIaBuE7sPCLwH0L=w148-h148-n-k-no"
            },
            {
                "title": "La Nouvelle Liberté",
                "category": "Historical landmark",
                "img": "https://lh5.googleusercontent.com/p/AF1QipM8d0YKUOcYp4NhvuqnkZIgnhA0cR9O-pXpETjF=w148-h148-n-k-no"
            },
            {
                "title": "Chutes de la Métché",
                "category": "Tourist attraction",
                "img": "https://lh5.googleusercontent.com/p/AF1QipMVSzvj-LzsPZpxm0S60MX7dlEyKOpclo7phEcN=w148-h148-n-k-no"
            },
            {
                "title": "Mount Cameroon",
                "category": "Volcano",
                "img": "https://lh5.googleusercontent.com/p/AF1QipP4mpSWEdLezkj0soia58EQ99fIetHxBZbd-2-v=w148-h148-n-k-no"
            },
            {
                "title": "Ekom Nkam Waterfalls",
                "category": "Tourist attraction",
                "img": "https://lh5.googleusercontent.com/p/AF1QipNltTaGzQWWvOzAoi9jIwXIw1DWLzJAR7bm8ZmE=w148-h148-n-k-no"
            }
        ],
        "Ngaoundéré": []
    },
    "sights": [
        {
            "title": "Ekom Nkam Waterfalls",
            "category": "Tourist attraction",
            "img": "https://lh5.googleusercontent.com/p/AF1QipNltTaGzQWWvOzAoi9jIwXIw1DWLzJAR7bm8ZmE=w148-h148-n-k-no"
        },
        {
            "title": "Cameroon Reunification Monument",
            "category": "Cultural landmark",
            "img": "https://lh5.googleusercontent.com/p/AF1QipN8-r6EyqhJXOfZbZr5dOa8pbmZn8W8LZ1mhsBT=w148-h148-n-k-no"
        },
        {
            "title": "National Museum",
            "category": "Museum",
            "img": "https://lh5.googleusercontent.com/p/AF1QipPNWI6oMUrlYsH3nQBuoka2T5SGKD2Tj7CIzIYi=w148-h148-n-k-no"
        },
        {
            "title": "Parc de la Méfou (Ape Action Africa)",
            "category": "Wildlife Refuge",
            "url": "http://www.apeactionafrica.org/",
            "img": "https://lh5.googleusercontent.com/p/AF1QipM6mdZUUDhy8dbkPqPy-yW5p9w0uDwW-hwGyDC4=w148-h148-n-k-no"
        },
        {
            "title": "Maritime Museum Of Douala",
            "category": "Museum",
            "url": "https://museemaritime.cm/en/",
            "img": "https://lh5.googleusercontent.com/p/AF1QipPRKMpz-JETnVLOGSFuMBq8B5Vo12NqXB8VX_qw=w148-h148-n-k-no"
        },
        {
            "title": "Mount Cameroon",
            "category": "Volcano",
            "img": "https://lh5.googleusercontent.com/p/AF1QipP4mpSWEdLezkj0soia58EQ99fIetHxBZbd-2-v=w148-h148-n-k-no"
        },
        {
            "title": "Doual'art",
            "category": "Museum",
            "url": "http://www.doualart.org/",
            "img": "https://lh5.googleusercontent.com/p/AF1QipPwV-XbcUefKxnxSlqa6Afn1EPvXSEByXhaI5fW=w148-h148-n-k-no"
        },
        {
            "title": "Limbe Botanic Garden",
            "category": "Park and Garden",
            "img": "https://lh5.googleusercontent.com/p/AF1QipMKLhTkYRJoIW6W2Z7IvW0Q0lueglC9MrxWLgoo=w148-h148-n-k-no"
        },
        {
            "title": "Chutes de la Lobé",
            "category": "Waterfall",
            "img": "https://lh5.googleusercontent.com/p/AF1QipP5PVnh4EY-9VL5FdlHORl-2AooUS-jQUbnB-kO=w148-h148-n-k-no"
        },
        {
            "title": "Bafoussam",
            "category": "Locality",
            "img": "https://lh5.googleusercontent.com/p/AF1QipPfiLO6_87rKky9pzavtCPdjs4zNERlYo339LLQ=w148-h148-n-k-no"
        },
        {
            "title": "Limbe Wildlife Centre",
            "category": "Wildlife rescue service",
            "url": "http://www.limbewildlife.org/",
            "img": "https://lh5.googleusercontent.com/p/AF1QipPvSXJUkF30xgFktzWyYq20vZqRftpIv_Y4-yK4=w148-h148-n-k-no"
        },
        {
            "title": "Lake Nyos",
            "category": "Lake",
            "img": "https://lh5.googleusercontent.com/p/AF1QipM0kHb3ohVPR4dgms7tw25i7kNo2cTnIovDY5NE=w148-h148-n-k-no"
        },
        {
            "title": "Dschang",
            "category": "Locality",
            "img": "https://lh5.googleusercontent.com/p/AF1QipPIhg7T0Z2SfXJRnO1EfCKbdKS3Kzryt8Tch7Ga=w148-h148-n-k-no"
        },
        {
            "title": "Lake Monoun",
            "category": "Lake",
            "img": "https://lh5.googleusercontent.com/p/AF1QipMTNFimLsd3hDr8-IzPeELhvzMmW9pPfwD5ugdo=w148-h148-n-k-no"
        },
        {
            "title": "Foumban",
            "category": "Locality",
            "img": "https://lh5.googleusercontent.com/p/AF1QipMIgbboxf7jAekgIz9imNd4UBpbiiKB_kB1Qt7o=w148-h148-n-k-no"
        },
        {
            "title": "Limbe",
            "category": "Locality",
            "img": "https://lh5.googleusercontent.com/p/AF1QipNEyYtycU2kxM50vQL33_jyzLRZ7tTEqQ5sjxbc=w148-h148-n-k-no"
        }
    ]
}