{
    "cities": {
        "Herning": [
            {
                "title": "Baboon City",
                "category": "Amusement Centre",
                "url": "https://www.babooncity.dk/",
                "img": "https://lh5.googleusercontent.com/p/AF1QipOfR0FKM3fYh5XjQgY2dqLybVS5KT665jhPgJn3=w148-h148-n-k-no"
            },
            {
                "title": "Carl Henning Pedersen og Else Alfeldt's Museet",
                "category": "Art museum",
                "url": "http://www.chpeamuseum.dk/",
                "img": "https://lh5.googleusercontent.com/p/AF1QipP2pB3ye4XGHxs7CqDR8VNnqPUErEV23T2PcYuZ=w148-h148-n-k-no"
            },
            {
                "title": "Nordisk Film Biografer Herning",
                "category": "Cinema",
                "url": "https://www.nfbio.dk/biografer/herning",
                "img": "https://lh5.googleusercontent.com/p/AF1QipOSJWs6GyLagnLKJB0QJZpYcH68GQ2scqqk4oFH=w148-h148-n-k-no"
            },
            {
                "title": "Herning Library",
                "category": "Public library",
                "url": "https://www.herningbib.dk/",
                "img": "https://lh5.googleusercontent.com/p/AF1QipOwtQQdhqTgrqdSAXmVvLsCFaga6C04T6xcenUi=w148-h148-n-k-no"
            },
            {
                "title": "Åbenkirke - Herning",
                "category": "Congregation",
                "url": "http://aabenkirke.dk/",
                "img": "https://lh5.googleusercontent.com/p/AF1QipMNieEVkir0Y4MYdZrcgpjSDN8ya--KdGkxd0EC=w148-h148-n-k-no"
            },
            {
                "title": "Tekstilmuseet",
                "category": "Museum",
                "url": "https://museummidtjylland.dk/tekstilmuseet/",
                "img": "https://lh5.googleusercontent.com/p/AF1QipPGk5WPlYaNs50EMRTC1l_cJjYBNkfsX2mHSRuu=w148-h148-n-k-no"
            },
            {
                "title": "Baunekirken - Tjørring Sogn",
                "category": "Parish",
                "url": "http://baunekirken.dk/",
                "img": "https://lh5.googleusercontent.com/p/AF1QipOaU4wa8M0qvLPxtUPGzfq10qN1UAPn9WmeQd42=w148-h148-n-k-no"
            },
            {
                "title": "Herning Church",
                "category": "Lutheran church",
                "url": "https://herningkirke.dk/",
                "img": "https://lh5.googleusercontent.com/p/AF1QipNFWUPnVIdqz1cb1-B5ZkLuihv1cZ7sljKaEma5=w148-h148-n-k-no"
            },
            {
                "title": "Løvbakkerne",
                "category": "Playground",
                "img": "https://lh5.googleusercontent.com/p/AF1QipNaZQcmIo7BLKUMR3hVLhAhwlzktSbjXo8olxCR=w148-h148-n-k-no"
            },
            {
                "title": "Gjellerup Church",
                "category": "Lutheran church",
                "url": "https://gjellerupkirke.dk/",
                "img": "https://lh5.googleusercontent.com/p/AF1QipNMcfcGm5PV0gk4QUIjeZBrF3neWX4Udn8WFBdU=w148-h148-n-k-no"
            },
            {
                "title": "Fox and Hounds",
                "category": "Bar",
                "url": "https://foxherning.dk/",
                "img": "https://lh5.googleusercontent.com/p/AF1QipPxawaofHo6c7FBpwKFr-HtxpQBsVMNFwqhqzYr=w148-h148-n-k-no"
            },
            {
                "title": "Herningsholm Museum",
                "category": "Museum",
                "url": "https://museummidtjylland.dk/herningsholm-museum/",
                "img": "https://lh5.googleusercontent.com/p/AF1QipMvxMhb4Vg861xkuWVXhSVLxI9GrHx2zTFOYzRV=w148-h148-n-k-no"
            },
            {
                "title": "Gullestrup Church",
                "category": "Lutheran church",
                "url": "http://www.gullestrupkirke.dk/",
                "img": "https://lh5.googleusercontent.com/p/AF1QipOP3y_fyoK31yTGnETuSpelW24PLaAeMLTSkR6c=w148-h148-n-k-no"
            },
            {
                "title": "Jyllands Park Zoo",
                "category": "Zoo",
                "url": "http://www.jyllandsparkzoo.dk/",
                "img": "https://lh5.googleusercontent.com/p/AF1QipNHALJrCeIzI6_RCH7qngmpzMjm4UvRSvx0mVJC=w148-h148-n-k-no"
            },
            {
                "title": "Locked - Escape Room",
                "category": "Tourist attraction",
                "url": "https://www.locked.dk/2herning/",
                "img": "https://lh5.googleusercontent.com/p/AF1QipOWnyTybgpJC22DYAz5mjbYpJJXvp0fcEmO4Bdh=w148-h148-n-k-no"
            },
            {
                "title": "Elia",
                "category": "Sculpture",
                "url": "http://www.elia.dk/",
                "img": "https://lh5.googleusercontent.com/p/AF1QipO6GjFGvD4k6jGO4-csY9Pa-5nN1UUgk4CJPtrl=w148-h148-n-k-no"
            }
        ],
        "Kolding": [
            {
                "title": "Koldinghus",
                "category": "Museum",
                "url": "https://www.kongernessamling.dk/koldinghus/",
                "img": "https://lh5.googleusercontent.com/p/AF1QipNBQFYQWKCm05QFIuntNzd-IR5m44SVO3GxMPiJ=w148-h148-n-k-no"
            },
            {
                "title": "Trapholt Museum for Modern Art and Design",
                "category": "Modern art museum",
                "url": "http://www.trapholt.dk/",
                "img": "https://lh5.googleusercontent.com/p/AF1QipMdiBL8cFjsmWzkvvohY6T96j1tdxutT2jZukCu=w148-h148-n-k-no"
            },
            {
                "title": "Geografisk Have",
                "category": "Botanical garden",
                "url": "http://geografiskhave.dk/",
                "img": "https://lh5.googleusercontent.com/p/AF1QipNY-WYp8DfnrRXvC_9goHIKC9VliAkW5W6yPkfr=w148-h148-n-k-no"
            },
            {
                "title": "Legeparken",
                "category": "Playground",
                "url": "https://www.visitkolding.dk/kolding/planlaeg-din-tur/legeparken-gdk652621",
                "img": "https://lh5.googleusercontent.com/p/AF1QipN1i19UyGom-nzZkrQpnWh0x0IlcbjsJ4wNxXTw=w148-h148-n-k-no"
            },
            {
                "title": "Fonden Harteværket",
                "category": "Historical landmark",
                "url": "http://hartevaerket.dk/",
                "img": "https://lh5.googleusercontent.com/p/AF1QipNzAzDomgd3Jr86a0MgQSYH9J-opn8NF2x6YBZU=w148-h148-n-k-no"
            },
            {
                "title": "Danish Museum of Nursing History",
                "category": "Museum",
                "url": "https://dsr.dk/dshm",
                "img": "https://lh5.googleusercontent.com/p/AF1QipNWsLvX_M5bsKvgi5gehHcnyOLHXePo7hn2Fcxt=w148-h148-n-k-no"
            },
            {
                "title": "Kolding Miniby",
                "category": "Point of interest",
                "img": "https://lh5.googleusercontent.com/p/AF1QipNE_8oC3PMZBKA-ujZNXEnKnvhqCoP2QRGK15b3=w148-h148-n-k-no"
            },
            {
                "title": "Helligkorsgade 18",
                "category": "Museum",
                "url": "https://www.koldinghus.dk/m/",
                "img": "https://lh5.googleusercontent.com/p/AF1QipP78UEMRXst_LM1dM9TAGt8on2VAU2MStvKejnY=w148-h148-n-k-no"
            },
            {
                "title": "Marielundssøen",
                "category": "Water",
                "img": "https://lh5.googleusercontent.com/p/AF1QipPW8n0wriTZgo8DjhUuq1ZkS5ZLc4rSKbUwSaKN=w148-h148-n-k-no"
            },
            {
                "title": "SlotssøBadet",
                "category": "Public swimming pool",
                "url": "https://ssbad.dk/",
                "img": "https://lh5.googleusercontent.com/p/AF1QipOQQbXrBF4sC2DiFdQbLHuCS2ZNjAdSYUZyXXtv=w148-h148-n-k-no"
            },
            {
                "title": "Kolding Downtown Rooms",
                "category": "Hotel",
                "img": "https://lh5.googleusercontent.com/p/AF1QipOCUcjB0iGCiGQv_B8uT7miEu_3SHEeiIC6rHi1=w148-h148-n-k-no"
            },
            {
                "title": "Godset",
                "category": "Live music venue",
                "url": "http://www.godset.net/",
                "img": "https://lh5.googleusercontent.com/p/AF1QipP1B6o-5Tjcvm1R5G3uNNosBNGrUP6-3TQZ8zF-=w148-h148-n-k-no"
            },
            {
                "title": "Landbomuseet Kolding",
                "category": "Museum",
                "url": "https://landbomuseet.dk/",
                "img": "https://lh5.googleusercontent.com/p/AF1QipNe6ovMvVx4YbmODIYPTD79MOU5FO5SoI_uyuwF=w148-h148-n-k-no"
            },
            {
                "title": "Nicolai for børn",
                "category": "Cultural centre",
                "url": "https://www.nicolaikultur.dk/for-born/",
                "img": "https://lh5.googleusercontent.com/p/AF1QipPjIwx0UrCo01Rtx9oPHgXLmN6SC45A6Fk_0O2n=w148-h148-n-k-no"
            },
            {
                "title": "Nordisk Film Cinemas Kolding",
                "category": "Cinema",
                "url": "https://www.nfbio.dk/biografer/kolding",
                "img": "https://lh5.googleusercontent.com/p/AF1QipOzfbhyCD8JA9hhs9GT3fQEGA2MeUrbz10dOr_i=w148-h148-n-k-no"
            },
            {
                "title": "JUMP'IT - KOLDING TRAMPOLINPARK",
                "category": "Theme park",
                "url": "http://www.jump-it.dk/",
                "img": "https://lh5.googleusercontent.com/p/AF1QipOJQyQFTgB7DnlQ_cEpxae2yrws8mKbvMUS2xUZ=w148-h148-n-k-no"
            }
        ],
        "Hvidovre": [
            {
                "title": "Mars, Planetstien Hvidovre",
                "category": "Tourist attraction",
                "img": "https://lh5.googleusercontent.com/p/AF1QipPt_SbjJ8ALpoiyn30WFmL4YUhdVp75zZOlFH3v=w148-h148-n-k-no"
            },
            {
                "title": "The Hill House Museum",
                "category": "Museum",
                "url": "https://frederiksbergmuseerne.dk/da/bakkehuset/",
                "img": "https://lh5.googleusercontent.com/p/AF1QipNQQyclwBuT86KjnAoFuhVfcwSIGa1mVGs6YwNJ=w148-h148-n-k-no"
            },
            {
                "title": "Tivoli Gardens",
                "category": "Theme park",
                "url": "https://www.tivoli.dk/?&utm_source=google&utm_medium=organic&utm_campaign=gmb&utm_content=website_button",
                "img": "https://lh5.googleusercontent.com/p/AF1QipNfdHF24y3zRwk09Yn7kBia5BtFLUigTeU4kJoc=w148-h148-n-k-no"
            },
            {
                "title": "Hill Top Trine by Thomas Dambo - Troll #17",
                "category": "Sculpture",
                "url": "https://thomasdambo.com/works/forgotten-giants/",
                "img": "https://lh5.googleusercontent.com/p/AF1QipP9L-CZKTDvufLB3NQk8U6cN9k_F5KTQtQ3EOhl=w148-h148-n-k-no"
            },
            {
                "title": "LAKRIDS BY BÜLOW Factory",
                "category": "Chocolate factory",
                "url": "https://lakridsbybulow.dk/find-butik/#!/l/hvidovre/sydholmen-5/2747184",
                "img": "https://lh5.googleusercontent.com/p/AF1QipMrUzfUYHT9kNSRxFttPnKhyEAz0EY9xJykxyj0=w148-h148-n-k-no"
            },
            {
                "title": "BikingPeople",
                "category": "Travel Agent",
                "img": "https://lh5.googleusercontent.com/p/AF1QipNQfkFiBOgJhDr9wWd5pkPk_vx_H7Xq73LfIhxX=w148-h148-n-k-no"
            },
            {
                "title": "Cirkusmuseet",
                "category": "Museum",
                "url": "https://cirkusmuseet.dk/",
                "img": "https://lh5.googleusercontent.com/p/AF1QipPC9tDDqzo8LyXL8Vad-34IDy2qZhmW4UwaS-_W=w148-h148-n-k-no"
            },
            {
                "title": "Hvidovre havn",
                "category": "Marina",
                "url": "https://www.hvidovre.dk/Borger/KulturNaturOgFritid/Ud-i-naturen/Hvidovre-havn",
                "img": "https://lh5.googleusercontent.com/p/AF1QipPxFfal5ZrNuwt8F6vUjyx2H5X3zgGzU6od-eb0=w148-h148-n-k-no"
            },
            {
                "title": "Hvidovre Church",
                "category": "Church",
                "url": "http://www.hvidovrekirke.dk/",
                "img": "https://lh5.googleusercontent.com/p/AF1QipPb17q2ZWXALxWgOk8f3DBQPq0AXMIcj7ZKVuVG=w148-h148-n-k-no"
            },
            {
                "title": "Copenhagen City Hall",
                "category": "Town Hall",
                "url": "https://www.kk.dk/artikel/information-om-r%C3%A5dhuset",
                "img": "https://lh5.googleusercontent.com/p/AF1QipNSI0vNx94mvMmWsLMCl6iqqaj2JHDAC-w8ka7b=w148-h148-n-k-no"
            },
            {
                "title": "Kronborg Slot",
                "category": "Castle",
                "url": "https://www.kronborg.dk/",
                "img": "https://lh5.googleusercontent.com/p/AF1QipM1D5T_Mwl72Cb3nzW5ozcNJN5leHhBXFh4MpTi=w148-h148-n-k-no"
            },
            {
                "title": "National Museum of Denmark",
                "category": "Art museum",
                "url": "https://natmus.dk/",
                "img": "https://lh5.googleusercontent.com/p/AF1QipOu8KuRXBA9EMvQWfZ26mWrJM8_flWsvnPzCwPy=w148-h148-n-k-no"
            },
            {
                "title": "Frederiksberg Palace",
                "category": "Castle",
                "url": "https://www.klartilkamp.dk/frederiksberg-slot",
                "img": "https://lh5.googleusercontent.com/p/AF1QipNJNtcUYAER49dAGxtCVfeSML7d2coS72BNzho=w148-h148-n-k-no"
            },
            {
                "title": "The Little Mermaid",
                "category": "Historical landmark",
                "img": "https://lh5.googleusercontent.com/proxy/WHyx4Iyd4C5xxyUw5blJi99J3gv7OgrgIiunoLwxDuW_7mJrJ5sZhEy-j62bvK4qwmfRqYFA5Pq3OjvNmYEZzqjqPrsnVdu9_DNbcHdbu_rGZN_UrbCxjNUUt0SE7UKNZu9rKEbiA0pwTH9_gxIHsa3FS2_8GZA=w148-h148-n-k-no"
            },
            {
                "title": "Kastellet",
                "category": "Fortress",
                "url": "http://www.kastellet.dk/",
                "img": "https://lh5.googleusercontent.com/p/AF1QipNl5uEBKalSP039-q_z-KpdqjAWnv47m-g51x7T=w148-h148-n-k-no"
            },
            {
                "title": "Malmö Castle",
                "category": "Castle",
                "url": "https://malmo.se/Uppleva-och-gora/Konst-och-museer/Malmo-Museer/Besok-Malmo-Museer/Vara-byggnader/Slottsholmen/Malmohus-slott.html",
                "img": "https://lh4.googleusercontent.com/proxy/Rm18eEYNe6wOFwnh-p2Et0ELYg2bIuUpLy8HarHfmfz4c5Dg7qgoo5ZwgL916cEsAyaS9uPURSbZBKx7AqZJ4MLMPMUT1W5jPsLsp7O9YGchJxvcUVZYaLTwZW9vt-_IANVRZT4MxIlBL0GzS2KyNBNnCT0Yaw=w148-h148-n-k-no"
            }
        ],
        "Odense": [
            {
                "title": "Odense Zoo",
                "category": "Zoo",
                "url": "http://www.odensezoo.dk/",
                "img": "https://lh5.googleusercontent.com/p/AF1QipNcCH5F8DuvHrsDZIZgfVKNZxhXyYf5YhECCSKO=w148-h148-n-k-no"
            },
            {
                "title": "The Funen Village",
                "category": "Local history museum",
                "url": "https://denfynskelandsby.dk/",
                "img": "https://lh5.googleusercontent.com/p/AF1QipNJjXn5nJUT3liHTWLTh-BV8EvnIiw6uPftqdKp=w148-h148-n-k-no"
            },
            {
                "title": "Danmarks Jernbanemuseum",
                "category": "Rail museum",
                "url": "https://www.jernbanemuseet.dk/?utm_source=gmb&utm_medium=organic&utm_campaign=website-knap",
                "img": "https://lh5.googleusercontent.com/p/AF1QipPt1nVLQUfUEmJView0AJSsbFKOWeAY3NrxaS5F=w148-h148-n-k-no"
            },
            {
                "title": "Brandts",
                "category": "Art museum",
                "url": "https://brandts.dk/",
                "img": "https://lh5.googleusercontent.com/p/AF1QipODhgxVu-Qeg3pcP-EkTgLX4FgsQU-IrdMW20Rx=w148-h148-n-k-no"
            },
            {
                "title": "H. C. Andersens House",
                "category": "Museum",
                "url": "https://hcandersenshus.dk/",
                "img": "https://lh5.googleusercontent.com/p/AF1QipN5XWacnU7vK1bfw6cPxNpPOStvKLlrHUzqHHMj=w148-h148-n-k-no"
            },
            {
                "title": "Munke Mose",
                "category": "Park and Garden",
                "img": "https://lh5.googleusercontent.com/p/AF1QipOE1CD4vHtN4woSOzaWJapRW6wcdrLnHPQGT7yl=w148-h148-n-k-no"
            },
            {
                "title": "St. Canute's Cathedral",
                "category": "Cathedral",
                "url": "http://www.odensedomkirke.dk/",
                "img": "https://lh5.googleusercontent.com/p/AF1QipNa5dG6t59DGn6rCMQavZOODDonabM55sotjUWN=w148-h148-n-k-no"
            },
            {
                "title": "Tidens Samling",
                "category": "Museum",
                "url": "http://www.tidenssamling.dk/",
                "img": "https://lh5.googleusercontent.com/p/AF1QipOtgJHJ54-qEYOm8p8vvPsOOrcEcmDFyuzBoc4y=w148-h148-n-k-no"
            },
            {
                "title": "Storms Pakhus | Odense Street Food",
                "category": "Food court",
                "url": "http://stormspakhus.dk/",
                "img": "https://lh5.googleusercontent.com/p/AF1QipNw2ZczGso9cNAs5rVxTd4_UTU4silfHC0RuIsp=w148-h148-n-k-no"
            },
            {
                "title": "Egeskov Castle",
                "category": "Castle",
                "url": "https://www.egeskov.dk/",
                "img": "https://lh5.googleusercontent.com/p/AF1QipPDljUN-3SkqEY7iYXTlA0afj3kKGiJuZq5xPDd=w148-h148-n-k-no"
            },
            {
                "title": "Bunkermuseum Of Odense",
                "category": "History museum",
                "url": "http://www.odensebunkermuseum.dk/",
                "img": "https://lh5.googleusercontent.com/p/AF1QipPIIFadVZ3Fh56avHP-5cFY5__s5pD0rUH8QBan=w148-h148-n-k-no"
            },
            {
                "title": "Hans Christian Andersen's Childhood Home",
                "category": "History museum",
                "url": "https://hcandersenshus.dk/barndomshjem/",
                "img": "https://lh5.googleusercontent.com/p/AF1QipM0m0jLFce2zgKWd3TBAKcDE3QRi4JulEky553W=w148-h148-n-k-no"
            },
            {
                "title": "Odense Havnebad",
                "category": "Swimming facility",
                "url": "https://odense-idraetspark.dk/aabningstider-og-info/odense-havnebad",
                "img": "https://lh5.googleusercontent.com/p/AF1QipPz0TqYe2Y0ujjoakd4lwBOh5nFkr7AvPGGhivo=w148-h148-n-k-no"
            },
            {
                "title": "Munke Mose Park",
                "category": "Student Halls",
                "url": "https://www.kollegieboligselskabet.dk/vores-afdelinger/munke-mose-park/",
                "img": "https://lh5.googleusercontent.com/p/AF1QipOaNa_ChnJ4VITDwmWHZP68056d_dOwmbecz1aG=w148-h148-n-k-no"
            },
            {
                "title": "Møntergården",
                "category": "History museum",
                "url": "https://montergarden.dk/",
                "img": "https://lh5.googleusercontent.com/p/AF1QipPMF0B9uyi2iuEZCafdefKSfzh_LWXgE3hZRDnh=w148-h148-n-k-no"
            },
            {
                "title": "Port of Odense",
                "category": "Port",
                "url": "http://www.odensehavn.dk/",
                "img": "https://lh5.googleusercontent.com/p/AF1QipOPhFtOkrKL2fcwwfT05HNiZ9ydD9TU8xHz4XPu=w148-h148-n-k-no"
            }
        ],
        "Roskilde": [
            {
                "title": "Roskilde Cathedral",
                "category": "Cathedral",
                "url": "https://roskildedomkirke.dk/",
                "img": "https://lh5.googleusercontent.com/p/AF1QipPgp_wtgERYuYZwrcYiil79OXsf8mXd9aZKPW0R=w148-h148-n-k-no"
            },
            {
                "title": "Viking Ship Museum",
                "category": "Archaeological museum",
                "url": "https://www.vikingeskibsmuseet.dk/",
                "img": "https://lh5.googleusercontent.com/p/AF1QipPPuYxBT9Hi6mPK48FfILkhDdyousmnIVZhHpMJ=w148-h148-n-k-no"
            },
            {
                "title": "RAGNAROCK- Museet for pop, rock og ungdomskultur",
                "category": "Museum",
                "url": "http://museumragnarock.dk/",
                "img": "https://lh5.googleusercontent.com/p/AF1QipOmfH4ElPPFjI2HvyxLeP8byZSdmHUk5orus-wQ=w148-h148-n-k-no"
            },
            {
                "title": "Roskilde Museum",
                "category": "History museum",
                "url": "http://www.roskildemuseum.dk/",
                "img": "https://lh5.googleusercontent.com/p/AF1QipORlKEUoamLeiGerm7xye0HeBjC25x8xpVVPPYH=w148-h148-n-k-no"
            },
            {
                "title": "Roskilde Harbour",
                "category": "Marina",
                "url": "http://www.roskildehavn.dk/",
                "img": "https://lh5.googleusercontent.com/p/AF1QipOvfhJhGPctsYIQRgj8RjagzMvWnBeuGUbatu8J=w148-h148-n-k-no"
            },
            {
                "title": "Lützhøfts Købmandsgaard",
                "category": "Museum",
                "url": "http://xn--ltzhftskbmandsgrd-nrb36ae9e.dk/",
                "img": "https://lh5.googleusercontent.com/p/AF1QipOloPFUT_nW3Jdb-WGhw6cI3wB9AKLjfwwiPwM5=w148-h148-n-k-no"
            },
            {
                "title": "Boserup skov",
                "category": "Scenic point",
                "url": "http://www.visitroskilde.dk/boserup-skov-gdk619545",
                "img": "https://lh5.googleusercontent.com/p/AF1QipPQQ9t8MIVW9L0L_BxLqE5VS4DlO83pti6rqA4z=w148-h148-n-k-no"
            },
            {
                "title": "St. Catherine's Priory, Roskilde",
                "category": "Abbey",
                "url": "http://www.roskildekloster.dk/",
                "img": "https://lh5.googleusercontent.com/p/AF1QipNGg_ztsXWl8ltVFG_cyYxVz_jFJoaa2PUbdwKc=w148-h148-n-k-no"
            },
            {
                "title": "Lynghøj Lake",
                "category": "Swimming lake",
                "url": "https://roskilde.dk/borger/kultur-og-fritid/lynghoejsoeerne",
                "img": "https://lh5.googleusercontent.com/p/AF1QipOzj7oQUNVWsLMeMT56Z_hExNTRYCyy50VeC_AF=w148-h148-n-k-no"
            },
            {
                "title": "Glasgalleriet",
                "category": "Art gallery",
                "url": "http://glasgalleriet.dk/",
                "img": "https://lh5.googleusercontent.com/p/AF1QipMIJHp9JL9NmVMY4r1osgC7utdjKo_FBBxLoegP=w148-h148-n-k-no"
            },
            {
                "title": "Roskilde Congress Center",
                "category": "Events Venue",
                "url": "https://www.roskildekongrescenter.dk/",
                "img": "https://lh5.googleusercontent.com/p/AF1QipP-a37k0I4nDcuFNUDES3TdSQn59qNT-Ef0DTHN=w148-h148-n-k-no"
            },
            {
                "title": "Land of Legends | A Land to Explore",
                "category": "Archaeological museum",
                "url": "http://www.sagnlandet.dk/",
                "img": "https://lh5.googleusercontent.com/p/AF1QipMRIgJyeuzBEj4x39x6pl8zDgtTjuyoEZyEmhXa=w148-h148-n-k-no"
            },
            {
                "title": "National Park Skjoldungernes Land",
                "category": "National reserve",
                "url": "http://www.nationalparkskjoldungernesland.dk/",
                "img": "https://lh5.googleusercontent.com/p/AF1QipNA2LOjc9SRJozqDCHAiUWTpgDGc12f922xGR71=w148-h148-n-k-no"
            },
            {
                "title": "Himmelev Church",
                "category": "Church",
                "url": "http://www.himmelevkirke.dk/",
                "img": "https://lh5.googleusercontent.com/p/AF1QipMFobqFsxjIh_intL_vEGh4VxQYptVfHCL8_Lt0=w148-h148-n-k-no"
            },
            {
                "title": "Roskilde Baptistchurch",
                "category": "Baptist church",
                "url": "http://www.baptistkirke.dk/",
                "img": "https://lh5.googleusercontent.com/p/AF1QipMVyzA_7KEPP5mg2SCYQrRIK05PgQJa4-FR7lyB=w148-h148-n-k-no"
            },
            {
                "title": "Glim Church",
                "category": "Congregation",
                "url": "http://www.rorupkirke.dk/",
                "img": "https://lh5.googleusercontent.com/p/AF1QipO4Z90Nviny0m0Xiwdn1O1kZdkk2RtaOWWbBC4-=w148-h148-n-k-no"
            }
        ],
        "Vejle": [
            {
                "title": "Vejle Art Museum",
                "category": "Art museum",
                "img": "https://lh5.googleusercontent.com/p/AF1QipNBVmphAIqU2e7n-EI5CUtVjttds09xG-VkAtRQ=w148-h148-n-k-no"
            },
            {
                "title": "Fjordenhus",
                "category": "Corporate office",
                "img": "https://lh5.googleusercontent.com/p/AF1QipNAUxvrSj8A8LBHE950KW54H0aAOa8hSMSUfDoe=w148-h148-n-k-no"
            },
            {
                "title": "Vejle Musikteater",
                "category": "Performing arts theatre",
                "img": "https://lh5.googleusercontent.com/p/AF1QipMnMXYu7ng70w-4RDnwsoX22JKQYM6IdnoTNJWi=w148-h148-n-k-no"
            },
            {
                "title": "Vejle Midtpunkt",
                "category": "Point of interest",
                "img": "https://lh5.googleusercontent.com/p/AF1QipMhdb6c3JDzALiVPhdzO-jMJwohifSWPrrdAPY=w148-h148-n-k-no"
            },
            {
                "title": "Økolariet",
                "category": "Science museum",
                "img": "https://lh5.googleusercontent.com/p/AF1QipMxtPE0-Pv9XlNgGq0-07sREjJE4P8C1RgR9Zwf=w148-h148-n-k-no"
            },
            {
                "title": "Jelling Mounds, Runic Stones and Church",
                "category": "Historical landmark",
                "img": "https://lh5.googleusercontent.com/p/AF1QipPAPE_RFnYHX89uAGF8J37l10jMJrwG2S3iF4Te=w148-h148-n-k-no"
            },
            {
                "title": "Kulturmuseet",
                "category": "History museum",
                "img": "https://lh5.googleusercontent.com/p/AF1QipPnfH_UMnbJrkhLDuCiDEpZsmc-F9WlFp9ZP8NH=w148-h148-n-k-no"
            },
            {
                "title": "Deer Park Vejle",
                "category": "Wildlife park",
                "img": "https://lh5.googleusercontent.com/p/AF1QipOUiNda6ZGrXWvswxwjsukWKR5qXC2boJA2lvSP=w148-h148-n-k-no"
            },
            {
                "title": "LEGOLAND® Billund Resort",
                "category": "Tourist attraction",
                "img": "https://lh5.googleusercontent.com/p/AF1QipPqLiXbm74f3IxNK2bh3FkL0eaHh5I0JyvPB1Q=w148-h148-n-k-no"
            },
            {
                "title": "Gorilla Park Vejle",
                "category": "Amusement park",
                "img": "https://lh5.googleusercontent.com/p/AF1QipPr99L8WiVMcIoutj3qZlKA1uO1paTkCmL42lkR=w148-h148-n-k-no"
            },
            {
                "title": "Bindeballe Købmandsgård",
                "category": "Museum",
                "img": "https://lh5.googleusercontent.com/p/AF1QipOmswbH2e45W6BKDimxDYqCieT_9ko6-eaWCCLT=w148-h148-n-k-no"
            },
            {
                "title": "Skærup Zoo",
                "category": "Zoo",
                "img": "https://lh5.googleusercontent.com/p/AF1QipNiW2Y0Q2Wptqi6ESqTmmBNA2Lptm-E9C_BCz2j=w148-h148-n-k-no"
            },
            {
                "title": "Skyttehushaven",
                "category": "Park and Garden",
                "img": "https://lh5.googleusercontent.com/p/AF1QipPAcCdwYju0YDboX7bynp-vrelVRPAhLQLjQPzZ=w148-h148-n-k-no"
            },
            {
                "title": "Bryggen",
                "category": "Shopping Centre",
                "img": "https://lh5.googleusercontent.com/p/AF1QipMjbcg34Un5OFb8m7nJG1ebnHqt6wDHSRzR195L=w148-h148-n-k-no"
            },
            {
                "title": "Kongernes Jelling",
                "category": "Museum",
                "img": "https://lh5.googleusercontent.com/p/AF1QipNrP2u7fuis2ZvmldptKwxlIVV1ykPlvo2E9hUz=w148-h148-n-k-no"
            },
            {
                "title": "Givskud Zoo Zootopia",
                "category": "Zoo",
                "img": "https://lh5.googleusercontent.com/p/AF1QipNF_qcNgmuJQxSWdqikaDjjbaOXSx0yg73qBUh4=w148-h148-n-k-no"
            }
        ],
        "Esbjerg": [
            {
                "title": "Men by the Sea",
                "category": "Sculpture",
                "url": "https://en.wikipedia.org/wiki/Men_at_Sea",
                "img": "https://lh5.googleusercontent.com/p/AF1QipNy9vxz4Bt5D_E2v2cisKx-Q0vKrig00BJu-N9b=w148-h148-n-k-no"
            },
            {
                "title": "Fiskeri- og Søfartsmuseet",
                "category": "Museum",
                "url": "http://www.fimus.dk/",
                "img": "https://lh5.googleusercontent.com/p/AF1QipObIVN3jZmT5C0s5R2W9J4WTmplsW8JOxZH6nOp=w148-h148-n-k-no"
            },
            {
                "title": "Tarp Bunkermuseum",
                "category": "History museum",
                "url": "http://www.bunker75665.dk/",
                "img": "https://lh5.googleusercontent.com/p/AF1QipPxL-y5a6w6eLJN6XLgaM3sUwr9LkCrM6ykGao_=w148-h148-n-k-no"
            },
            {
                "title": "Wadden Sea National Park",
                "category": "National park",
                "url": "http://nationalparkvadehavet.dk/",
                "img": "https://lh5.googleusercontent.com/p/AF1QipPISoRUGi8BfA2Ga8OUpC9_khTMmwwaAp4WOCsc=w148-h148-n-k-no"
            },
            {
                "title": "Ribe Cathedral",
                "category": "Cathedral",
                "url": "https://www.ribe-domkirke.dk/",
                "img": "https://lh5.googleusercontent.com/p/AF1QipONmRgogyD_YVZEovJnHDvkFp7s9J20NZzqNv1e=w148-h148-n-k-no"
            },
            {
                "title": "Ribe VikingeCenter",
                "category": "History museum",
                "url": "http://ribevikingecenter.dk/",
                "img": "https://lh5.googleusercontent.com/p/AF1QipO6fnsm_bSvOX98xl3ngZIK5XIU6dUnrgUyOG6t=w148-h148-n-k-no"
            },
            {
                "title": "Museet Ribes Vikinger",
                "category": "History museum",
                "url": "http://www.ribesvikinger.dk/da/",
                "img": "https://lh5.googleusercontent.com/p/AF1QipMoNzHuhTcpMgnuIpgxwcgM1l9LpZZjGIO62st2=w148-h148-n-k-no"
            },
            {
                "title": "Vadehavscentret",
                "category": "National park",
                "url": "http://www.vadehavscentret.dk/",
                "img": "https://lh5.googleusercontent.com/p/AF1QipOAchIcc9Bjfx3p5zyQZp54xL8NaHEvRqcqrjoh=w148-h148-n-k-no"
            },
            {
                "title": "CityJump",
                "category": "Amusement park",
                "url": "http://www.cityjump.dk/",
                "img": "https://lh5.googleusercontent.com/p/AF1QipNy32pYwhCaqYQhaRWQylp-kk5pV6-X7oFIL9n7=w148-h148-n-k-no"
            },
            {
                "title": "GAME Streetmekka Esbjerg",
                "category": "Skate park",
                "url": "https://game.ngo/",
                "img": "https://lh5.googleusercontent.com/p/AF1QipPKiJtqHx5VBwXOpJyIcnjerKd8CES8szTvtvnq=w148-h148-n-k-no"
            },
            {
                "title": "Esbjerg Curling Club",
                "category": "Curling Club",
                "url": "https://esbjergcurling.dk/",
                "img": "https://lh5.googleusercontent.com/p/AF1QipNbzX17QsKc2PWHQ3qnOLHpwTsOx_rh3w-pCJXT=w148-h148-n-k-no"
            },
            {
                "title": "Nordisk Film Cinemas Esbjerg",
                "category": "Cinema",
                "url": "https://www.nfbio.dk/biografer/esbjerg-broen",
                "img": "https://lh5.googleusercontent.com/p/AF1QipN1KwgknXzYc0yO0XZ0fsBjktIX-hW0EuBQQq8D=w148-h148-n-k-no"
            },
            {
                "title": "Ribe Kunstmuseum",
                "category": "Art museum",
                "url": "http://www.ribekunstmuseum.dk/",
                "img": "https://lh5.googleusercontent.com/p/AF1QipOfvknrlDdb_14rjCyCNA7vNm8rC8u8aKeSxj7n=w148-h148-n-k-no"
            },
            {
                "title": "Swimming Stadium Denmark",
                "category": "Aquatic centre",
                "url": "http://www.svdk.dk/",
                "img": "https://lh5.googleusercontent.com/p/AF1QipPG_BgSPF_bdrUQGuV8oLfeD6ScJnqwlh7mEsY=w148-h148-n-k-no"
            },
            {
                "title": "Jacob A. Riis Museum",
                "category": "History museum",
                "url": "http://www.jacobariismuseum.dk/",
                "img": "https://lh5.googleusercontent.com/p/AF1QipO2MjMYRv2bzCEHouVyjPjSvtrydTELGGKxdXPT=w148-h148-n-k-no"
            },
            {
                "title": "Fanø",
                "category": "Island",
                "img": "https://lh5.googleusercontent.com/p/AF1QipONP2BLZcWUBlVNlFnQZ9rmKTTJCnZZvnBjPav1=w148-h148-n-k-no"
            }
        ],
        "Frederiksberg": [
            {
                "title": "Rosenborg Castle",
                "category": "Castle",
                "url": "http://www.kongernessamling.dk/rosenborg/",
                "img": "https://lh5.googleusercontent.com/p/AF1QipPNDJGSycPBgooxgD5ziAdKZFIqPGPnICzaDj9F=w148-h148-n-k-no"
            },
            {
                "title": "Christiansborg Palace",
                "category": "Castle",
                "url": "https://kongeligeslotte.dk/da/slotte-og-haver/christiansborg-slot.html",
                "img": "https://lh5.googleusercontent.com/p/AF1QipOjnArmZeWB7Atb_m5PVBGsTyTeHlLumDviODVz=w148-h148-n-k-no"
            },
            {
                "title": "Amalienborg",
                "category": "Castle",
                "url": "http://www.kongernessamling.dk/amalienborg/",
                "img": "https://lh5.googleusercontent.com/p/AF1QipNlpureYHiHDlkNF2A2-9tgLJ5VLEieDQDOBLfN=w148-h148-n-k-no"
            },
            {
                "title": "National Museum of Denmark",
                "category": "Art museum",
                "url": "https://natmus.dk/",
                "img": "https://lh5.googleusercontent.com/p/AF1QipOu8KuRXBA9EMvQWfZ26mWrJM8_flWsvnPzCwPy=w148-h148-n-k-no"
            },
            {
                "title": "Royal Copenhagen - Outlet",
                "category": "Factory outlet shop",
                "url": "http://www.royalcopenhagen.com/",
                "img": "https://lh5.googleusercontent.com/p/AF1QipOqUu6kpvaOe7fFdLnizGeyTSYugXfWenvABig=w148-h148-n-k-no"
            },
            {
                "title": "Mikkeller Bar",
                "category": "Bar",
                "url": "https://mikkeller.com/locations/mikkeller-viktoriagade",
                "img": "https://lh5.googleusercontent.com/p/AF1QipP2oxNwKWW3TVWpA9OmizeTGxnbUIgIFIQLImXQ=w148-h148-n-k-no"
            },
            {
                "title": "Valbyparken",
                "category": "Park and Garden",
                "url": "http://www.kk.dk/valbyparken",
                "img": "https://lh5.googleusercontent.com/p/AF1QipO_Lyj5an1twz0l5XgwZnEsX7G0bl-gYl_O1AD7=w148-h148-n-k-no"
            },
            {
                "title": "Copenhagen Zoo",
                "category": "Zoo",
                "url": "https://www.zoo.dk/",
                "img": "https://lh5.googleusercontent.com/p/AF1QipNntCpVYWIVc92QKeTEG-RLjrxeCGENpO1dkBFr=w148-h148-n-k-no"
            },
            {
                "title": "Politimuseet - Danish Police Museum",
                "category": "Museum",
                "url": "https://politi.dk/politimuseet",
                "img": "https://lh5.googleusercontent.com/p/AF1QipOiFslD2o3Sb7NMd8q2pn7-NJdaJWyvdbt3bghE=w148-h148-n-k-no"
            },
            {
                "title": "Frederiksbergmuseerne",
                "category": "Art museum",
                "url": "https://www.frederiksbergmuseerne.dk/",
                "img": "https://lh5.googleusercontent.com/p/AF1QipO_F-hK_9aB1_5Ag3lxzqkEdPiq3w8Ia350rGvi=w148-h148-n-k-no"
            },
            {
                "title": "Terrible French Pastry School",
                "category": "Event Planning Service",
                "url": "http://www.terrible.dk/",
                "img": "https://lh5.googleusercontent.com/p/AF1QipNQVRuhGI0ON0p-il6Ubr7_5UCtc3XTChAWveSO=w148-h148-n-k-no"
            },
            {
                "title": "Søndermarken",
                "category": "Park and Garden",
                "url": "http://kongeligeslotte.dk/da/slotte-og-haver/frederiksberg-slot-og-have-soendermarken/soendermarken.html",
                "img": "https://lh5.googleusercontent.com/p/AF1QipOkd53IYeAoK9yKbQOq0FOrabbxq4hyjo9kM021=w148-h148-n-k-no"
            },
            {
                "title": "Copenhagen",
                "category": "Locality",
                "img": "https://lh5.googleusercontent.com/p/AF1QipOIkP19Tl8_l8QMQ3jYjjsRcmVmddNb0e90ncdO=w148-h148-n-k-no"
            },
            {
                "title": "The Little Mermaid",
                "category": "Historical landmark",
                "img": "https://lh5.googleusercontent.com/proxy/WHyx4Iyd4C5xxyUw5blJi99J3gv7OgrgIiunoLwxDuW_7mJrJ5sZhEy-j62bvK4qwmfRqYFA5Pq3OjvNmYEZzqjqPrsnVdu9_DNbcHdbu_rGZN_UrbCxjNUUt0SE7UKNZu9rKEbiA0pwTH9_gxIHsa3FS2_8GZA=w148-h148-n-k-no"
            },
            {
                "title": "Pildammsparken",
                "category": "Park and Garden",
                "url": "https://malmo.se/Uppleva-och-gora/Natur-och-parker/Parker-i-Malmo/Pildammsparken.html",
                "img": "https://lh5.googleusercontent.com/p/AF1QipMN8oxVQHrsO6zdmsZU2N-2G3gg3K_4ZNlsmnYE=w148-h148-n-k-no"
            },
            {
                "title": "Børnemuseet",
                "category": "Children's museum",
                "url": "http://www.boernemuseet.dk/",
                "img": "https://lh5.googleusercontent.com/p/AF1QipOhAD98YjGZw6Lp_Q32CqfbgFwdKLfJYjPidxXp=w148-h148-n-k-no"
            }
        ],
        "Randers": [
            {
                "title": "Randers Regnskov",
                "category": "Zoo",
                "url": "https://www.regnskoven.dk/",
                "img": "https://lh5.googleusercontent.com/p/AF1QipPtnsj29kXcFIuZGl-zWSBpNJU8jRNBb-sigf-v=w148-h148-n-k-no"
            },
            {
                "title": "Memphis Mansion",
                "category": "Museum",
                "url": "http://www.memphismansion.dk/",
                "img": "https://lh5.googleusercontent.com/p/AF1QipPRjiwvKmK6Us8PugYHeCpecI8bHqcgCz6jLgFS=w148-h148-n-k-no"
            },
            {
                "title": "Værket",
                "category": "Live music venue",
                "url": "http://www.vaerket.dk/",
                "img": "https://lh5.googleusercontent.com/p/AF1QipNSI1ULQBzbI2nNkwcuP6HDNNBFogXV-471j7d1=w148-h148-n-k-no"
            },
            {
                "title": "Randers Kunstmuseum",
                "category": "Art museum",
                "url": "http://www.randerskunstmuseum.dk/",
                "img": "https://lh5.googleusercontent.com/p/AF1QipMHDSOlDgH0r1ZOGGAr3TsK6RQGkQ7ZbmBDvR4=w148-h148-n-k-no"
            },
            {
                "title": "Water & Wellness Randers",
                "category": "Day spa",
                "url": "https://www.waterwellness.dk/",
                "img": "https://lh5.googleusercontent.com/p/AF1QipMzT-sKeZgX-zSninEY338wIRLtT9jkaTzrzcbP=w148-h148-n-k-no"
            },
            {
                "title": "Cold Hand Winery",
                "category": "Winery",
                "url": "http://www.coldhandwinery.dk/",
                "img": "https://lh5.googleusercontent.com/p/AF1QipO67bdS4dvfKsnPdNpyZUASNOJyjJj81bJ9Eqf-=w148-h148-n-k-no"
            },
            {
                "title": "Randers Naturcenter",
                "category": "Scenic point",
                "url": "https://naturcenter.randers.dk/",
                "img": "https://lh5.googleusercontent.com/p/AF1QipNjLlAGPb326RHTOC5fc0Np-b7vl33qtbN0iVqD=w148-h148-n-k-no"
            },
            {
                "title": "Øster Bjerregrav Aktivitetspark",
                "category": "Playground",
                "url": "http://www.bapa.dk/",
                "img": "https://lh5.googleusercontent.com/p/AF1QipPx-VB7yF0hb1DNa0XvtpT4Q2RI_9Yq0sqhG_Ep=w148-h148-n-k-no"
            },
            {
                "title": "Fladbro Skov",
                "category": "Woods",
                "img": "https://lh5.googleusercontent.com/p/AF1QipMyA6XXhwm3Rt7lFZV3TIwWi6-6L3jvBZ5M8Gcy=w148-h148-n-k-no"
            },
            {
                "title": "Randers Dyrehave",
                "category": "Zoo",
                "img": "https://lh5.googleusercontent.com/p/AF1QipPwGvX-tQHXTZa-HcLl5N3qNGxv_F6iMT-FAvVK=w148-h148-n-k-no"
            },
            {
                "title": "Doktorparken",
                "category": "Park and Garden",
                "url": "https://doktorparken.randers.dk/",
                "img": "https://lh5.googleusercontent.com/p/AF1QipMA39AzqAIpopQpdHTTTBFAmyIk2eLuqXOBP_Du=w148-h148-n-k-no"
            },
            {
                "title": "Museum Østjylland",
                "category": "Museum",
                "url": "https://museumoj.randers.dk/museum-oestjylland/",
                "img": "https://lh5.googleusercontent.com/p/AF1QipPwjgWL_o9TgClnp2b-BrrnAPJekiMi7Cwh6t7m=w148-h148-n-k-no"
            },
            {
                "title": "Saltcentret",
                "category": "Museum",
                "url": "http://www.saltcenter.dk/",
                "img": "https://lh5.googleusercontent.com/p/AF1QipMxfYr3CA6CBFJyppMFoJO-EneKJMVpUcyXDW34=w148-h148-n-k-no"
            },
            {
                "title": "Hørning Sogn",
                "category": "Church",
                "url": "http://defiresogne.dk/",
                "img": "https://lh5.googleusercontent.com/p/AF1QipO6xFDeOEcO5mCSGiRbLQ3_xRY7IuCUSY1RRnvA=w148-h148-n-k-no"
            },
            {
                "title": "Randers Storcenter",
                "category": "Shopping Centre",
                "url": "https://randersstorcenter.dk/?utm_source=google&utm_medium=organic&utm_campaign=gmb-website",
                "img": "https://lh5.googleusercontent.com/p/AF1QipNaPviGPcd0A01omkDEiHvrXr1qGdDbGxxG7n2u=w148-h148-n-k-no"
            },
            {
                "title": "Miniseum",
                "category": "Museum",
                "img": "https://lh5.googleusercontent.com/p/AF1QipO5zojW4WnRUowtupvA66SAQ33nOCU1UO_jP35N=w148-h148-n-k-no"
            }
        ],
        "Århus": [
            {
                "title": "ARoS Aarhus Art Museum",
                "category": "Art museum",
                "url": "https://www.aros.dk/da/",
                "img": "https://lh5.googleusercontent.com/p/AF1QipNqBAG8RDjVH19O0shPP1zEsgtiBc6zcXnQFm8z=w148-h148-n-k-no"
            },
            {
                "title": "The Old Town",
                "category": "History museum",
                "url": "https://www.dengamleby.dk/",
                "img": "https://lh5.googleusercontent.com/p/AF1QipOqN-rr3WA1tm9yS3Ytct00WfjnGNPje6OZJf8Z=w148-h148-n-k-no"
            },
            {
                "title": "Tivoli Friheden",
                "category": "Amusement park",
                "url": "https://friheden.dk/",
                "img": "https://lh5.googleusercontent.com/p/AF1QipOG5Qq6boNVL6r5HMySLtM9_8ouAFdwFpf2iRc=w148-h148-n-k-no"
            },
            {
                "title": "Greenhouses in the Botanical Garden",
                "category": "Greenhouse",
                "url": "https://sciencemuseerne.dk/botanisk-have/",
                "img": "https://lh5.googleusercontent.com/p/AF1QipOpK54q8XglK87VWNoXQZpFJRIlJtMH3_m-mwx2=w148-h148-n-k-no"
            },
            {
                "title": "Musikhuset Aarhus",
                "category": "Live music venue",
                "url": "https://musikhuset.dk/",
                "img": "https://lh5.googleusercontent.com/p/AF1QipNimcxnF3cMItcChLUOBhvkcoQNMh3kESogdjva=w148-h148-n-k-no"
            },
            {
                "title": "The Infinite Bridge",
                "category": "Tourist attraction",
                "url": "https://aarhus.dk/borger/kultur-natur-og-idraet/kultur-og-oplevelser/den-uendelige-bro/",
                "img": "https://lh5.googleusercontent.com/p/AF1QipOyMvED65MHIpQWVL6ykjoYfdZxSBap9LAWVyvD=w148-h148-n-k-no"
            },
            {
                "title": "Marselisborg Castle",
                "category": "Castle",
                "url": "http://kongehuset.dk/Slotte-og-Kongeskibet/marselisborg-slot",
                "img": "https://lh5.googleusercontent.com/p/AF1QipPXQauWo0rI7XDa9PiGR2M-5mf_lKIhHcisFe0v=w148-h148-n-k-no"
            },
            {
                "title": "Moesgaard Museum",
                "category": "Museum",
                "url": "http://www.moesgaardmuseum.dk/",
                "img": "https://lh5.googleusercontent.com/p/AF1QipMhdK5pToOwnf9reDn03bDRckqOK8_GeZlvCRY8=w148-h148-n-k-no"
            },
            {
                "title": "Mindeparken",
                "category": "Memorial park",
                "img": "https://lh5.googleusercontent.com/p/AF1QipP-v-e_ybxL7nnG0a5CeOBuZ8EeH6n9AUyRGPV9=w148-h148-n-k-no"
            },
            {
                "title": "Marselisborg Deer Park",
                "category": "Animal park",
                "img": "https://lh5.googleusercontent.com/p/AF1QipOtakrL1BPgd8_Pervof4xO83FTGC0T9qYvdHP6=w148-h148-n-k-no"
            },
            {
                "title": "Aarhus Cathedral",
                "category": "Cathedral",
                "url": "https://aarhusdomkirke.dk/",
                "img": "https://lh5.googleusercontent.com/p/AF1QipNXocCw3Yu4IBxAlgsGK32pCrkxwNRosMMSVyuI=w148-h148-n-k-no"
            },
            {
                "title": "Aarhus University",
                "category": "University",
                "url": "https://www.au.dk/",
                "img": "https://lh5.googleusercontent.com/p/AF1QipNM-Zdh-x9-m0iPpab6MG5fh21vea5pvZ7e0BTO=w148-h148-n-k-no"
            },
            {
                "title": "The Occupation Museum",
                "category": "War museum",
                "url": "https://www.besaettelsesmuseet.dk/",
                "img": "https://lh5.googleusercontent.com/p/AF1QipPHrE4eVcWF0veXA3J9vYZHTkeIWaiHkHqjgg9v=w148-h148-n-k-no"
            },
            {
                "title": "Steno Museum",
                "category": "Science museum",
                "url": "https://www.stenomuseet.dk/",
                "img": "https://lh5.googleusercontent.com/p/AF1QipNwi3XsrY5QKCMEq6ABTzhgd2wXzgRMAuOgTLAm=w148-h148-n-k-no"
            },
            {
                "title": "Hotel Oasia Aarhus",
                "category": "Hotel",
                "url": "https://www.hoteloasia.dk/",
                "img": "https://lh5.googleusercontent.com/p/AF1QipNizuvWhzYO2YqwDrETPwZH1dbHrecY74lmO63h=w148-h148-n-k-no"
            },
            {
                "title": "Aarhus C",
                "category": "Neighborhood",
                "img": "https://lh5.googleusercontent.com/p/AF1QipM5RIlWrIqBY9eR9GokeAaAPzhvCaPXi8De7anZ=w148-h148-n-k-no"
            }
        ],
        "Aalborg": [
            {
                "title": "Aalborg Zoo",
                "category": "Zoo",
                "url": "https://aalborgzoo.dk/forside.aspx",
                "img": "https://lh5.googleusercontent.com/p/AF1QipMqSEGvScWF7M5n6m82KZyZjdbwUleizaR65wdj=w148-h148-n-k-no"
            },
            {
                "title": "House of Music",
                "category": "Concert hall",
                "url": "http://musikkenshus.dk/",
                "img": "https://lh5.googleusercontent.com/p/AF1QipOrsxcvSJZRHtTBJ_zJYt1LihllRunNjl030l_d=w148-h148-n-k-no"
            },
            {
                "title": "Nordkraft",
                "category": "Cultural centre",
                "url": "https://nordkraft.dk/",
                "img": "https://lh5.googleusercontent.com/p/AF1QipP1FtDv3SdPo-d4C98NiF83XmPzIu1e0IWSc056=w148-h148-n-k-no"
            },
            {
                "title": "Utzon Center",
                "category": "Building",
                "img": "https://lh5.googleusercontent.com/p/AF1QipMfLNaIvVRGZ7hgd2ZyvruCZts2kQoYcWMGaBUr=w148-h148-n-k-no"
            },
            {
                "title": "Lindholm Høje",
                "category": "Historical landmark",
                "url": "https://nordjyskemuseer.dk/u/vikingemuseet-lindholm-hoje/",
                "img": "https://lh5.googleusercontent.com/p/AF1QipOb3TxlA-ngV316pISO6ufp2SIIEkdlYEVtMkud=w148-h148-n-k-no"
            },
            {
                "title": "Defence and Garrison Museum",
                "category": "History museum",
                "url": "https://forsvarsmuseum.dk/",
                "img": "https://lh5.googleusercontent.com/p/AF1QipPlxIG7iJLFM2feHd9Lty2i50eKEb7-hEVK5YvM=w148-h148-n-k-no"
            },
            {
                "title": "Springeren - Maritime Experience Centre",
                "category": "Museum",
                "url": "http://springeren-maritimt.dk/",
                "img": "https://lh5.googleusercontent.com/p/AF1QipN5QPgCDIObJgJcmnGABo1-7EBUSwKdpTw-IRdG=w148-h148-n-k-no"
            },
            {
                "title": "Aalborgtårnet",
                "category": "Historical landmark",
                "url": "http://www.aalborgtaarnet.dk/",
                "img": "https://lh5.googleusercontent.com/p/AF1QipPwvS-w2hSSZPzxNBvW1-yOXu0tRiqycPDIHGU=w148-h148-n-k-no"
            },
            {
                "title": "Vestre Fjordpark",
                "category": "Park and Garden",
                "img": "https://lh5.googleusercontent.com/p/AF1QipNEgof178u9O4drgsJr9ivprYv9WlhwC3gSYd7v=w148-h148-n-k-no"
            },
            {
                "title": "Budolfi Church",
                "category": "Cathedral",
                "url": "http://www.aalborgdomkirke.dk/",
                "img": "https://lh5.googleusercontent.com/p/AF1QipOwBhElbW0kLStfq-NDFUPkG6d6h2dbFR0TClT-=w148-h148-n-k-no"
            },
            {
                "title": "Aalborg Historical Museum",
                "category": "History museum",
                "url": "http://nordmus.dk/aalborg-historiske-museum",
                "img": "https://lh5.googleusercontent.com/p/AF1QipN9E8hO4qsZ4rTW75AH5zpTFabk0dOO5SmLVELm=w148-h148-n-k-no"
            },
            {
                "title": "Gråbrødrekloster Museum",
                "category": "Museum",
                "url": "https://nordjyskemuseer.dk/u/graabroedekloster-museet/",
                "img": "https://lh5.googleusercontent.com/p/AF1QipOrwTS5a_ZLIerXAdsmSjUCG-NKUIWShRyaIu3C=w148-h148-n-k-no"
            },
            {
                "title": "Utzon Center",
                "category": "Museum",
                "url": "http://www.utzoncenter.dk/",
                "img": "https://lh5.googleusercontent.com/p/AF1QipPVQIvolHmEHniEwCoOMjOe5OAOZe28TTxvEQHW=w148-h148-n-k-no"
            },
            {
                "title": "Vikingemuseet Lindholm Høje",
                "category": "History museum",
                "url": "https://nordjyskemuseer.dk/u/vikingemuseet-lindholm-hoje/",
                "img": "https://lh5.googleusercontent.com/p/AF1QipN4kC9UwDrSiziSpD7buOjkINA2_WrgG0JAahkr=w148-h148-n-k-no"
            },
            {
                "title": "Gåsepigen af Gerhard Henning",
                "category": "Sculpture",
                "url": "http://www.visitaalborg.dk/gaasepigen-gdk802761",
                "img": "https://lh5.googleusercontent.com/p/AF1QipMuhvC58ckllkd8DiIqb6ZR2_y-HplSekeuyZLY=w148-h148-n-k-no"
            },
            {
                "title": "De Syngende Træer (Park of Music)",
                "category": "Tourist attraction",
                "url": "https://youtu.be/2RpRZcs6FRo",
                "img": "https://lh5.googleusercontent.com/p/AF1QipNpWfKSqD25wZAcTU6-6Yn7D8rfVNCfteDwsAz9=w148-h148-n-k-no"
            }
        ],
        "Copenhagen": [
            {
                "title": "Tivoli Gardens",
                "category": "Theme park",
                "url": "https://www.tivoli.dk/?&utm_source=google&utm_medium=organic&utm_campaign=gmb&utm_content=website_button",
                "img": "https://lh5.googleusercontent.com/p/AF1QipNfdHF24y3zRwk09Yn7kBia5BtFLUigTeU4kJoc=w148-h148-n-k-no"
            },
            {
                "title": "Amalienborg",
                "category": "Castle",
                "url": "http://www.kongernessamling.dk/amalienborg/",
                "img": "https://lh5.googleusercontent.com/p/AF1QipNlpureYHiHDlkNF2A2-9tgLJ5VLEieDQDOBLfN=w148-h148-n-k-no"
            },
            {
                "title": "The Round Tower",
                "category": "Observatory",
                "url": "https://www.rundetaarn.dk/",
                "img": "https://lh5.googleusercontent.com/p/AF1QipOmAtKCExwmD0_TKWMBQDSiQcHgAOHOqnx3HyTG=w148-h148-n-k-no"
            },
            {
                "title": "Rosenborg Castle",
                "category": "Castle",
                "url": "http://www.kongernessamling.dk/rosenborg/",
                "img": "https://lh5.googleusercontent.com/p/AF1QipPNDJGSycPBgooxgD5ziAdKZFIqPGPnICzaDj9F=w148-h148-n-k-no"
            },
            {
                "title": "Christiansborg Palace",
                "category": "Castle",
                "url": "https://kongeligeslotte.dk/da/slotte-og-haver/christiansborg-slot.html",
                "img": "https://lh5.googleusercontent.com/p/AF1QipOjnArmZeWB7Atb_m5PVBGsTyTeHlLumDviODVz=w148-h148-n-k-no"
            },
            {
                "title": "Ny Carlsberg Glyptotek",
                "category": "Art museum",
                "url": "https://www.glyptoteket.dk/",
                "img": "https://lh5.googleusercontent.com/p/AF1QipMIy1iDSEierswkUTOJX7WM6XP6RuUrpFg-xSU=w148-h148-n-k-no"
            },
            {
                "title": "National Museum of Denmark",
                "category": "Art museum",
                "url": "https://natmus.dk/",
                "img": "https://lh5.googleusercontent.com/p/AF1QipOu8KuRXBA9EMvQWfZ26mWrJM8_flWsvnPzCwPy=w148-h148-n-k-no"
            },
            {
                "title": "SMK – Statens Museum for Kunst",
                "category": "Art museum",
                "url": "https://www.smk.dk/",
                "img": "https://lh5.googleusercontent.com/p/AF1QipMPL6kAbOk7NaA7i2EpSQZdbymifO3D_lWpQbFo=w148-h148-n-k-no"
            },
            {
                "title": "Frederik's Church",
                "category": "Church",
                "url": "https://www.marmorkirken.dk/",
                "img": "https://lh6.googleusercontent.com/proxy/4jJyPLSBpndCL-r9NKlODIqf_TXdA1vv4wi-tuNW7YOTJrdWxsrYt6vIy-i2EiLgpJcTBewfHehPXutoeEu-IF3khQClItNv2aRzy-pflt_kaIDsz52WDYbaQOPfpZKvhXnsPKg0zSI0nOxAhWZDrkJJ01ui1VE=w148-h148-n-k-no"
            },
            {
                "title": "The Little Mermaid",
                "category": "Historical landmark",
                "img": "https://lh5.googleusercontent.com/proxy/WHyx4Iyd4C5xxyUw5blJi99J3gv7OgrgIiunoLwxDuW_7mJrJ5sZhEy-j62bvK4qwmfRqYFA5Pq3OjvNmYEZzqjqPrsnVdu9_DNbcHdbu_rGZN_UrbCxjNUUt0SE7UKNZu9rKEbiA0pwTH9_gxIHsa3FS2_8GZA=w148-h148-n-k-no"
            },
            {
                "title": "Botanical Garden",
                "category": "Botanical garden",
                "url": "https://snm.ku.dk/",
                "img": "https://lh5.googleusercontent.com/p/AF1QipNvHY7LivWrGnyDlEz_Wh1Mchabug_S1RCxL4r7=w148-h148-n-k-no"
            },
            {
                "title": "Copenhagen Zoo",
                "category": "Zoo",
                "url": "https://www.zoo.dk/",
                "img": "https://lh5.googleusercontent.com/p/AF1QipNntCpVYWIVc92QKeTEG-RLjrxeCGENpO1dkBFr=w148-h148-n-k-no"
            },
            {
                "title": "National Aquarium Denmark",
                "category": "Aquarium",
                "url": "https://denblaaplanet.dk/",
                "img": "https://lh5.googleusercontent.com/p/AF1QipOZWUd5qb5SzUw1RWH4UVuWdhQTPV3n8C0_a6Px=w148-h148-n-k-no"
            },
            {
                "title": "TorvehallerneKBH",
                "category": "Fresh food market",
                "url": "http://torvehallernekbh.dk/",
                "img": "https://lh5.googleusercontent.com/p/AF1QipPxoa1nCLd3Rvf4ASkbGDGnXAT4an3AOpvsNKV7=w148-h148-n-k-no"
            },
            {
                "title": "The King's Garden",
                "category": "Garden",
                "url": "https://www.kongeligeslotte.dk/da/slotte-og-haver/rosenborg-slot-og-kongens-have.html",
                "img": "https://lh5.googleusercontent.com/p/AF1QipO56pvGGWFkHw6RKS50CvBnc4ZQ5MCQVua9H_f5=w148-h148-n-k-no"
            },
            {
                "title": "Church of Our Saviour",
                "category": "Church",
                "url": "https://www.vorfrelserskirke.dk/",
                "img": "https://lh4.googleusercontent.com/proxy/uTlMkYfCkeuGPuHqus_h0hZQ899GIbJB9VlbtjkeOLYmFFbWxGJrCVLWrkXFrWLirNz4XwPIqY7U8W6Zor4xF3wEbYKjBYAO-l3Nb2Hk_9XcnyR_OeuFcTi6Mi7V5hCT9Llx1NePRuadCIisRYA_klEKJv1ZZA=w148-h148-n-k-no"
            }
        ],
        "Horsens": [
            {
                "title": "FÆNGSLET",
                "category": "Cultural centre",
                "img": "https://lh5.googleusercontent.com/p/AF1QipP7lLPepmSry64mMkT9qxEdGyaYT4DAP68krMSy=w148-h148-n-k-no"
            },
            {
                "title": "Industrimuseet",
                "category": "Museum",
                "img": "https://lh5.googleusercontent.com/p/AF1QipN2mgLgSl4kLe9CMvsqdEwHVvLnEEzIPGcA3jOD=w148-h148-n-k-no"
            },
            {
                "title": "Church of Our Saviour",
                "category": "Lutheran church",
                "img": "https://lh5.googleusercontent.com/p/AF1QipPEQj84sjZkMqHnk42lMFkrIdfUDLaCcelwOCxA=w148-h148-n-k-no"
            },
            {
                "title": "Megascope",
                "category": "Cinema",
                "img": "https://lh5.googleusercontent.com/p/AF1QipMkG6tRkp4OW_rA-rUTpP3HxsVCry8rGJEO5r3e=w148-h148-n-k-no"
            },
            {
                "title": "Klosterkirken Horsens",
                "category": "Lutheran church",
                "img": "https://lh5.googleusercontent.com/p/AF1QipP7N8YzCguygu4K7fgDWQTrUn2JDtjfJb_vL8KO=w148-h148-n-k-no"
            },
            {
                "title": "Horsens Art Museum",
                "category": "Art museum",
                "img": "https://lh5.googleusercontent.com/p/AF1QipObVs3CxiGFRMvOda_05q7Upi-LxCtmAdl4yFtG=w148-h148-n-k-no"
            },
            {
                "title": "Horsens Museum",
                "category": "Museum",
                "img": "https://lh5.googleusercontent.com/p/AF1QipPQ0qIe7_qqApcYJR59yLJnEDsNXhex1BrlY-wY=w148-h148-n-k-no"
            },
            {
                "title": "Horsens City Hall",
                "category": "Town Hall",
                "img": "https://lh5.googleusercontent.com/p/AF1QipOuwktDnBOYTwdampqIdxY7KhWVbvAkprtXteG4=w148-h148-n-k-no"
            },
            {
                "title": "Horsens Sport Archives",
                "category": "Museum",
                "img": "https://lh5.googleusercontent.com/p/AF1QipO_DEZLWbYSQUJGK0Y6OZ1Us7wJzQuwGBlC3zVp=w148-h148-n-k-no"
            },
            {
                "title": "Sankt Josefs Kirke",
                "category": "Catholic church",
                "img": "https://lh5.googleusercontent.com/p/AF1QipOzAu5bKh5sW-JLmbXHbZhOC-ttknt5119-6Wn0=w148-h148-n-k-no"
            },
            {
                "title": "The Old Town",
                "category": "History museum",
                "img": "https://lh5.googleusercontent.com/p/AF1QipOqN-rr3WA1tm9yS3Ytct00WfjnGNPje6OZJf8Z=w148-h148-n-k-no"
            },
            {
                "title": "Byarkivet",
                "category": "Local history museum",
                "img": "https://lh5.googleusercontent.com/p/AF1QipOeCY7KmcIKZb1y3IKglJsBD9ocDXNw71eT659c=w148-h148-n-k-no"
            },
            {
                "title": "North Beach",
                "category": "Nature reserve",
                "img": "https://lh5.googleusercontent.com/p/AF1QipNVuCcu9B3ZnY_-AeNlvIKycKhac3myJXWTT-oH=w148-h148-n-k-no"
            },
            {
                "title": "Art´M Art and Gallery",
                "category": "Art gallery",
                "img": "https://lh5.googleusercontent.com/p/AF1QipNw2MvdZg9wPOWPs1aUW11qLqjtZRBRxAgepOVJ=w148-h148-n-k-no"
            },
            {
                "title": "Boller Slot",
                "category": "Castle",
                "img": "https://lh5.googleusercontent.com/p/AF1QipNtbkZAlVtIxyma9OTmRX6XqIPa2E6vy1R3I8Ra=w148-h148-n-k-no"
            },
            {
                "title": "Nørrestrand",
                "category": "Lake",
                "img": "https://lh5.googleusercontent.com/p/AF1QipPxH7JxHFFasuCs_X20-5x8PAlEqU2rGsY4-DbW=w148-h148-n-k-no"
            }
        ]
    },
    "sights": [
        {
            "title": "Amalienborg",
            "category": "Castle",
            "url": "http://www.kongernessamling.dk/amalienborg/",
            "img": "https://lh5.googleusercontent.com/p/AF1QipNlpureYHiHDlkNF2A2-9tgLJ5VLEieDQDOBLfN=w148-h148-n-k-no"
        },
        {
            "title": "Frederiksborg Castle",
            "category": "Castle",
            "url": "https://dnm.dk/",
            "img": "https://lh5.googleusercontent.com/p/AF1QipPZOysnUaUTRRW-63VRF55D7NeOtHmo6AvWoNbf=w148-h148-n-k-no"
        },
        {
            "title": "Tivoli Gardens",
            "category": "Theme park",
            "url": "https://www.tivoli.dk/?&utm_source=google&utm_medium=organic&utm_campaign=gmb&utm_content=website_button",
            "img": "https://lh5.googleusercontent.com/p/AF1QipNfdHF24y3zRwk09Yn7kBia5BtFLUigTeU4kJoc=w148-h148-n-k-no"
        },
        {
            "title": "The Round Tower",
            "category": "Observatory",
            "url": "https://www.rundetaarn.dk/",
            "img": "https://lh5.googleusercontent.com/p/AF1QipOmAtKCExwmD0_TKWMBQDSiQcHgAOHOqnx3HyTG=w148-h148-n-k-no"
        },
        {
            "title": "Christiansborg Palace",
            "category": "Castle",
            "url": "https://kongeligeslotte.dk/da/slotte-og-haver/christiansborg-slot.html",
            "img": "https://lh5.googleusercontent.com/p/AF1QipOjnArmZeWB7Atb_m5PVBGsTyTeHlLumDviODVz=w148-h148-n-k-no"
        },
        {
            "title": "LEGO House",
            "category": "Tourist attraction",
            "url": "http://legohouse.com/",
            "img": "https://lh5.googleusercontent.com/p/AF1QipMKD1IlE9xSXZ5QAgWm_n7kW80sf8Hr7MZrhIRJ=w148-h148-n-k-no"
        },
        {
            "title": "The Old Town",
            "category": "History museum",
            "url": "https://www.dengamleby.dk/",
            "img": "https://lh5.googleusercontent.com/p/AF1QipOqN-rr3WA1tm9yS3Ytct00WfjnGNPje6OZJf8Z=w148-h148-n-k-no"
        },
        {
            "title": "SMK – Statens Museum for Kunst",
            "category": "Art museum",
            "url": "https://www.smk.dk/",
            "img": "https://lh5.googleusercontent.com/p/AF1QipMPL6kAbOk7NaA7i2EpSQZdbymifO3D_lWpQbFo=w148-h148-n-k-no"
        },
        {
            "title": "Kronborg Slot",
            "category": "Castle",
            "url": "https://www.kronborg.dk/",
            "img": "https://lh5.googleusercontent.com/p/AF1QipM1D5T_Mwl72Cb3nzW5ozcNJN5leHhBXFh4MpTi=w148-h148-n-k-no"
        },
        {
            "title": "National Museum of Denmark",
            "category": "Art museum",
            "url": "https://natmus.dk/",
            "img": "https://lh5.googleusercontent.com/p/AF1QipOu8KuRXBA9EMvQWfZ26mWrJM8_flWsvnPzCwPy=w148-h148-n-k-no"
        },
        {
            "title": "Egeskov Castle",
            "category": "Castle",
            "url": "https://www.egeskov.dk/",
            "img": "https://lh5.googleusercontent.com/p/AF1QipPDljUN-3SkqEY7iYXTlA0afj3kKGiJuZq5xPDd=w148-h148-n-k-no"
        },
        {
            "title": "Ny Carlsberg Glyptotek",
            "category": "Art museum",
            "url": "https://www.glyptoteket.dk/",
            "img": "https://lh5.googleusercontent.com/p/AF1QipMIy1iDSEierswkUTOJX7WM6XP6RuUrpFg-xSU=w148-h148-n-k-no"
        },
        {
            "title": "Rosenborg Castle",
            "category": "Castle",
            "url": "http://www.kongernessamling.dk/rosenborg/",
            "img": "https://lh5.googleusercontent.com/p/AF1QipPNDJGSycPBgooxgD5ziAdKZFIqPGPnICzaDj9F=w148-h148-n-k-no"
        },
        {
            "title": "LEGOLAND® Billund Resort",
            "category": "Tourist attraction",
            "url": "http://www.legoland.dk/",
            "img": "https://lh5.googleusercontent.com/p/AF1QipPqLiXbm74f3IxNK2bh3FkL0eaHh5I0JyvPB1Q=w148-h148-n-k-no"
        },
        {
            "title": "Louisiana Museum of Modern Art",
            "category": "Modern art museum",
            "url": "https://www.louisiana.dk/",
            "img": "https://lh5.googleusercontent.com/p/AF1QipOZs7gqcqd2CvEj26AxL_FqATcYcC6AitLupTRg=w148-h148-n-k-no"
        },
        {
            "title": "Moesgaard Museum",
            "category": "Museum",
            "url": "http://www.moesgaardmuseum.dk/",
            "img": "https://lh5.googleusercontent.com/p/AF1QipMhdK5pToOwnf9reDn03bDRckqOK8_GeZlvCRY8=w148-h148-n-k-no"
        }
    ]
}