{
    "cities": {
        "Ntoum": [
            {
                "title": "Cathédrale Saint Louis",
                "category": "Catholic church",
                "img": "https://lh5.googleusercontent.com/p/AF1QipMeh6NY5_5O2FahlzkQvQsKOdkzB1S5S2uUMHav=w148-h148-n-k-no"
            },
            {
                "title": "Lambarene",
                "category": "Locality",
                "img": "https://lh5.googleusercontent.com/p/AF1QipOKgXt_kYf7DMgtWyEAWkfzdWDnc9XBVnT493NL=w148-h148-n-k-no"
            },
            {
                "title": "Yoka Sports Bar",
                "category": "Bar",
                "img": "https://lh5.googleusercontent.com/p/AF1QipPWfNlm_2Wu_jZT6GKQiTCXQNZxAornt_IvGYfT=w148-h148-n-k-no"
            },
            {
                "title": "Port-Gentil",
                "category": "Locality",
                "img": "https://lh5.googleusercontent.com/p/AF1QipN4sjyEABQj8vXJ9j9eV3s7wUrOHEwYid07EHQ3=w148-h148-n-k-no"
            },
            {
                "title": "Cecado Glass",
                "category": "Supermarket",
                "img": "https://lh5.googleusercontent.com/p/AF1QipPFSBX_mBnfXdVEr9ram27NiNH-tHByanoUaMgX=w148-h148-n-k-no"
            },
            {
                "title": "Le Classico Club",
                "category": "Sports complex",
                "img": "https://lh5.googleusercontent.com/p/AF1QipMRGuaJX9-Z-d-dkNMLtksj_h6svBKE1KiZzZkF=w148-h148-n-k-no"
            },
            {
                "title": "Les petits pots de l'Ogooué",
                "category": "Deli",
                "url": "http://www.lespetitspotsdelogooue.com/",
                "img": "https://lh5.googleusercontent.com/p/AF1QipPisD8ObAVvP-_EN0Y_Dc_mGE6NPHcbU_sND5c=w148-h148-n-k-no"
            },
            {
                "title": "LES CHOCOLATS GABONAIS DE JULIE",
                "category": "Chocolate artisan",
                "url": "https://www.leschocolatsgabonaisdejulie.com/",
                "img": "https://lh5.googleusercontent.com/p/AF1QipMF0H4byzlUrN_mO8X_yCPet9ylyCHtAYqc5Bd0=w148-h148-n-k-no"
            },
            {
                "title": "Mont-Bouët",
                "category": "Building",
                "img": "https://lh5.googleusercontent.com/p/AF1QipP9jsvpW_gBwSLfK0yeziIepHYDmIROjz8xXJpM=w148-h148-n-k-no"
            },
            {
                "title": "Village des Artisans",
                "category": "Handicraft",
                "img": "https://lh5.googleusercontent.com/p/AF1QipOvTBMr-Imfi8Z6BtVyC-mJD1kI3LDxncenfP8D=w148-h148-n-k-no"
            },
            {
                "title": "Cathédrale Sainte Marie",
                "category": "Catholic church",
                "url": "https://www.facebook.com/paroisse.saintemarie.9/",
                "img": "https://lh5.googleusercontent.com/p/AF1QipP_IMYxrz3vPrI1UvZdnyc4SsyNVlewFkElKeBG=w148-h148-n-k-no"
            },
            {
                "title": "Clark",
                "category": "Shrine",
                "img": "https://lh5.googleusercontent.com/p/AF1QipNKWnSwqwvE0OKE0WDCCt27fE7BkFLRX2HhCKiz=w148-h148-n-k-no"
            },
            {
                "title": "Stade de l’Amitié",
                "category": "Stadium",
                "img": "https://lh5.googleusercontent.com/p/AF1QipPNitL62ImsRFjIzcytaO96-nlEAqI_gmi4_2uu=w148-h148-n-k-no"
            },
            {
                "title": "Libreville",
                "category": "Locality",
                "img": "https://lh5.googleusercontent.com/p/AF1QipOXJ1UKXcGBVjaLS0-88TP6SJJldVXJNHa8_ldj=w148-h148-n-k-no"
            },
            {
                "title": "Arboretum Raponda Walker",
                "category": "Hiking area",
                "img": "https://lh5.googleusercontent.com/p/AF1QipPbA6P_k4cL7PMjg1Mj3Dh-85qmB9TqtZ5oKFV4=w148-h148-n-k-no"
            },
            {
                "title": "National Museum of Arts, Rites and Traditions of Gabon",
                "category": "National museum",
                "url": "https://www.facebook.com/mnartgabon",
                "img": "https://lh5.googleusercontent.com/p/AF1QipNurt_VICtSrExpu99AAVC74HFVUEMp7Fq3PAnG=w148-h148-n-k-no"
            }
        ],
        "Oyem": [],
        "Port-Gentil": [
            {
                "title": "CanalOlympia Mandji'Ozangué",
                "category": "Cinema",
                "url": "http://canalolympia.com/?location=all#a-propos",
                "img": "https://lh5.googleusercontent.com/p/AF1QipPVf1ss1X4en6dXcJONZ2oHD-Q3X5YUVWQC8P5N=w148-h148-n-k-no"
            },
            {
                "title": "Cathédrale Saint Louis",
                "category": "Catholic church",
                "img": "https://lh5.googleusercontent.com/p/AF1QipMeh6NY5_5O2FahlzkQvQsKOdkzB1S5S2uUMHav=w148-h148-n-k-no"
            },
            {
                "title": "National Museum of Arts, Rites and Traditions of Gabon",
                "category": "National museum",
                "url": "https://www.facebook.com/mnartgabon",
                "img": "https://lh5.googleusercontent.com/p/AF1QipNurt_VICtSrExpu99AAVC74HFVUEMp7Fq3PAnG=w148-h148-n-k-no"
            },
            {
                "title": "Libreville",
                "category": "Locality",
                "img": "https://lh5.googleusercontent.com/p/AF1QipOXJ1UKXcGBVjaLS0-88TP6SJJldVXJNHa8_ldj=w148-h148-n-k-no"
            },
            {
                "title": "Casino Croisette",
                "category": "Casino",
                "url": "https://casinocroisette.online/",
                "img": "https://lh5.googleusercontent.com/p/AF1QipNz3RgsNvrx1F7wsbI2agDlw0NhHzOyXERayjwT=w148-h148-n-k-no"
            },
            {
                "title": "Akanda National Park",
                "category": "National park",
                "img": "https://lh5.googleusercontent.com/p/AF1QipMrEzxV-A69ljlBh4-Hqwfo1XV4QxIcgaQx6fd3=w148-h148-n-k-no"
            }
        ],
        "Moanda": [],
        "Franceville": [],
        "Owendo": [
            {
                "title": "Cathédrale Saint Louis",
                "category": "Catholic church",
                "img": "https://lh5.googleusercontent.com/p/AF1QipMeh6NY5_5O2FahlzkQvQsKOdkzB1S5S2uUMHav=w148-h148-n-k-no"
            },
            {
                "title": "Stade Complexe Omnisport",
                "category": "Stadium",
                "img": "https://lh5.googleusercontent.com/p/AF1QipOe6Lzsmr2cEp5fVIpAgE3wESrKg0-t2f21mCad=w148-h148-n-k-no"
            },
            {
                "title": "Sibang Arboretum",
                "category": "Park and Garden",
                "img": "https://lh5.googleusercontent.com/p/AF1QipN3K7QE9aKJ-8nd9hFcPfDwymW6E-0WYcK-dXlW=w148-h148-n-k-no"
            },
            {
                "title": "Sports Complex Nzeng Ayong",
                "category": "Stadium",
                "img": "https://lh5.googleusercontent.com/p/AF1QipMJMTj9HdzA7ZnuOctuL388FOX_zD9KFdP9Pczi=w148-h148-n-k-no"
            },
            {
                "title": "Yoka Sports Bar",
                "category": "Bar",
                "img": "https://lh5.googleusercontent.com/p/AF1QipPWfNlm_2Wu_jZT6GKQiTCXQNZxAornt_IvGYfT=w148-h148-n-k-no"
            },
            {
                "title": "Le Classico Club",
                "category": "Sports complex",
                "img": "https://lh5.googleusercontent.com/p/AF1QipMRGuaJX9-Z-d-dkNMLtksj_h6svBKE1KiZzZkF=w148-h148-n-k-no"
            },
            {
                "title": "LES CHOCOLATS GABONAIS DE JULIE",
                "category": "Chocolate artisan",
                "url": "https://www.leschocolatsgabonaisdejulie.com/",
                "img": "https://lh5.googleusercontent.com/p/AF1QipMF0H4byzlUrN_mO8X_yCPet9ylyCHtAYqc5Bd0=w148-h148-n-k-no"
            },
            {
                "title": "Les petits pots de l'Ogooué",
                "category": "Deli",
                "url": "http://www.lespetitspotsdelogooue.com/",
                "img": "https://lh5.googleusercontent.com/p/AF1QipPisD8ObAVvP-_EN0Y_Dc_mGE6NPHcbU_sND5c=w148-h148-n-k-no"
            },
            {
                "title": "Arboretum Raponda Walker",
                "category": "Hiking area",
                "img": "https://lh5.googleusercontent.com/p/AF1QipPbA6P_k4cL7PMjg1Mj3Dh-85qmB9TqtZ5oKFV4=w148-h148-n-k-no"
            },
            {
                "title": "Mont-Bouët",
                "category": "Building",
                "img": "https://lh5.googleusercontent.com/p/AF1QipP9jsvpW_gBwSLfK0yeziIepHYDmIROjz8xXJpM=w148-h148-n-k-no"
            },
            {
                "title": "Libreville",
                "category": "Locality",
                "img": "https://lh5.googleusercontent.com/p/AF1QipOXJ1UKXcGBVjaLS0-88TP6SJJldVXJNHa8_ldj=w148-h148-n-k-no"
            },
            {
                "title": "Village des Artisans",
                "category": "Handicraft",
                "img": "https://lh5.googleusercontent.com/p/AF1QipOvTBMr-Imfi8Z6BtVyC-mJD1kI3LDxncenfP8D=w148-h148-n-k-no"
            },
            {
                "title": "Cathédrale Sainte Marie",
                "category": "Catholic church",
                "url": "https://www.facebook.com/paroisse.saintemarie.9/",
                "img": "https://lh5.googleusercontent.com/p/AF1QipP_IMYxrz3vPrI1UvZdnyc4SsyNVlewFkElKeBG=w148-h148-n-k-no"
            },
            {
                "title": "Clark",
                "category": "Shrine",
                "img": "https://lh5.googleusercontent.com/p/AF1QipNKWnSwqwvE0OKE0WDCCt27fE7BkFLRX2HhCKiz=w148-h148-n-k-no"
            },
            {
                "title": "Cecado Glass",
                "category": "Supermarket",
                "img": "https://lh5.googleusercontent.com/p/AF1QipPFSBX_mBnfXdVEr9ram27NiNH-tHByanoUaMgX=w148-h148-n-k-no"
            },
            {
                "title": "Stade de l’Amitié",
                "category": "Stadium",
                "img": "https://lh5.googleusercontent.com/p/AF1QipPNitL62ImsRFjIzcytaO96-nlEAqI_gmi4_2uu=w148-h148-n-k-no"
            }
        ],
        "Libreville": [
            {
                "title": "Le Classico Club",
                "category": "Sports complex",
                "img": "https://lh5.googleusercontent.com/p/AF1QipMRGuaJX9-Z-d-dkNMLtksj_h6svBKE1KiZzZkF=w148-h148-n-k-no"
            },
            {
                "title": "LES CHOCOLATS GABONAIS DE JULIE",
                "category": "Chocolate artisan",
                "url": "https://www.leschocolatsgabonaisdejulie.com/",
                "img": "https://lh5.googleusercontent.com/p/AF1QipMF0H4byzlUrN_mO8X_yCPet9ylyCHtAYqc5Bd0=w148-h148-n-k-no"
            },
            {
                "title": "Les petits pots de l'Ogooué",
                "category": "Deli",
                "url": "http://www.lespetitspotsdelogooue.com/",
                "img": "https://lh5.googleusercontent.com/p/AF1QipPisD8ObAVvP-_EN0Y_Dc_mGE6NPHcbU_sND5c=w148-h148-n-k-no"
            },
            {
                "title": "Mont-Bouët",
                "category": "Building",
                "img": "https://lh5.googleusercontent.com/p/AF1QipP9jsvpW_gBwSLfK0yeziIepHYDmIROjz8xXJpM=w148-h148-n-k-no"
            },
            {
                "title": "French Institute of Gabon",
                "category": "Language school",
                "url": "https://institutfrancais-gabon.com/",
                "img": "https://lh5.googleusercontent.com/p/AF1QipMMzeqYE8WuAV3dw24vfDzkd06FSn40Fi5qF3DV=w148-h148-n-k-no"
            },
            {
                "title": "National Museum of Arts, Rites and Traditions of Gabon",
                "category": "National museum",
                "url": "https://www.facebook.com/mnartgabon",
                "img": "https://lh5.googleusercontent.com/p/AF1QipNurt_VICtSrExpu99AAVC74HFVUEMp7Fq3PAnG=w148-h148-n-k-no"
            },
            {
                "title": "Cathédrale Sainte Marie",
                "category": "Catholic church",
                "url": "https://www.facebook.com/paroisse.saintemarie.9/",
                "img": "https://lh5.googleusercontent.com/p/AF1QipP_IMYxrz3vPrI1UvZdnyc4SsyNVlewFkElKeBG=w148-h148-n-k-no"
            },
            {
                "title": "Village des Artisans",
                "category": "Handicraft",
                "img": "https://lh5.googleusercontent.com/p/AF1QipOvTBMr-Imfi8Z6BtVyC-mJD1kI3LDxncenfP8D=w148-h148-n-k-no"
            },
            {
                "title": "Yoka Sports Bar",
                "category": "Bar",
                "img": "https://lh5.googleusercontent.com/p/AF1QipPWfNlm_2Wu_jZT6GKQiTCXQNZxAornt_IvGYfT=w148-h148-n-k-no"
            },
            {
                "title": "Cecado Glass",
                "category": "Supermarket",
                "img": "https://lh5.googleusercontent.com/p/AF1QipPFSBX_mBnfXdVEr9ram27NiNH-tHByanoUaMgX=w148-h148-n-k-no"
            },
            {
                "title": "Clark",
                "category": "Shrine",
                "img": "https://lh5.googleusercontent.com/p/AF1QipNKWnSwqwvE0OKE0WDCCt27fE7BkFLRX2HhCKiz=w148-h148-n-k-no"
            },
            {
                "title": "Casino Croisette",
                "category": "Casino",
                "url": "https://casinocroisette.online/",
                "img": "https://lh5.googleusercontent.com/p/AF1QipNz3RgsNvrx1F7wsbI2agDlw0NhHzOyXERayjwT=w148-h148-n-k-no"
            },
            {
                "title": "Stade de l’Amitié",
                "category": "Stadium",
                "img": "https://lh5.googleusercontent.com/p/AF1QipPNitL62ImsRFjIzcytaO96-nlEAqI_gmi4_2uu=w148-h148-n-k-no"
            },
            {
                "title": "Arboretum Raponda Walker",
                "category": "Hiking area",
                "img": "https://lh5.googleusercontent.com/p/AF1QipPbA6P_k4cL7PMjg1Mj3Dh-85qmB9TqtZ5oKFV4=w148-h148-n-k-no"
            },
            {
                "title": "Pongara National Park",
                "category": "National park",
                "img": "https://lh5.googleusercontent.com/p/AF1QipOKMVQTaLU2jay9M_Hg0OGA_8WQPo7t4pXQxPdZ=w148-h148-n-k-no"
            },
            {
                "title": "Akanda National Park",
                "category": "National park",
                "img": "https://lh5.googleusercontent.com/p/AF1QipMrEzxV-A69ljlBh4-Hqwfo1XV4QxIcgaQx6fd3=w148-h148-n-k-no"
            }
        ]
    },
    "sights": [
        {
            "title": "Lopé National Park",
            "category": "National park",
            "img": "https://lh5.googleusercontent.com/p/AF1QipP6yLIWZM_bBoY2GGaKOrsGgfplDv88HMwZHi9K=w148-h148-n-k-no"
        },
        {
            "title": "Libreville",
            "category": "Locality",
            "img": "https://lh5.googleusercontent.com/p/AF1QipOXJ1UKXcGBVjaLS0-88TP6SJJldVXJNHa8_ldj=w148-h148-n-k-no"
        },
        {
            "title": "Ivindo National Park",
            "category": "National park",
            "img": "https://lh5.googleusercontent.com/p/AF1QipNqyEhv5rjcEhAaKYZ4o8Td_97IuA21ahEt7bA=w148-h148-n-k-no"
        },
        {
            "title": "Cathédrale Saint Louis",
            "category": "Catholic church",
            "img": "https://lh5.googleusercontent.com/p/AF1QipMeh6NY5_5O2FahlzkQvQsKOdkzB1S5S2uUMHav=w148-h148-n-k-no"
        },
        {
            "title": "National Museum of Arts, Rites and Traditions of Gabon",
            "category": "National museum",
            "url": "https://www.facebook.com/mnartgabon",
            "img": "https://lh5.googleusercontent.com/p/AF1QipNurt_VICtSrExpu99AAVC74HFVUEMp7Fq3PAnG=w148-h148-n-k-no"
        },
        {
            "title": "Akanda National Park",
            "category": "National park",
            "img": "https://lh5.googleusercontent.com/p/AF1QipMrEzxV-A69ljlBh4-Hqwfo1XV4QxIcgaQx6fd3=w148-h148-n-k-no"
        },
        {
            "title": "Loango National Park",
            "category": "National park",
            "img": "https://lh5.googleusercontent.com/p/AF1QipPl9LQCUBqBmTrns6IxcFolRY2z8jkL3aqy_r4J=w148-h148-n-k-no"
        },
        {
            "title": "Point Denis",
            "category": "Locality",
            "img": "https://lh5.googleusercontent.com/p/AF1QipOKMVQTaLU2jay9M_Hg0OGA_8WQPo7t4pXQxPdZ=w148-h148-n-k-no"
        },
        {
            "title": "Lastoursville",
            "category": "Locality",
            "img": "https://lh5.googleusercontent.com/p/AF1QipPh2YcrJB6qDetXXxAwy8k4BLwEdTa17KjfC7aN=w148-h148-n-k-no"
        },
        {
            "title": "Minkébé National Park",
            "category": "National park",
            "img": "https://lh5.googleusercontent.com/p/AF1QipMdJHQr0uW-yjO8wezACqyMpq0qMFAcR6Q3G1wl=w148-h148-n-k-no"
        },
        {
            "title": "Lambarene",
            "category": "Locality",
            "img": "https://lh5.googleusercontent.com/p/AF1QipOKgXt_kYf7DMgtWyEAWkfzdWDnc9XBVnT493NL=w148-h148-n-k-no"
        },
        {
            "title": "Crystal Mountain National Park",
            "category": "National park",
            "img": "https://lh5.googleusercontent.com/p/AF1QipMQt6MKzp-ZAjkpFdYcIfWofdmhaKw4I43oqqVh=w148-h148-n-k-no"
        },
        {
            "title": "Moukalaba-Doudau National Park",
            "category": "National park",
            "img": "https://lh5.googleusercontent.com/p/AF1QipPub0v8op5_9rtN_fkVBTmS40vBrs9_JknG9ATR=w148-h148-n-k-no"
        },
        {
            "title": "Nkomi Lagoon",
            "category": "Lagoon",
            "img": "https://lh5.googleusercontent.com/p/AF1QipN8nspvw110423OuXGq__sttkLRXbwuCvf1hIjG=w148-h148-n-k-no"
        },
        {
            "title": "Casino Croisette",
            "category": "Casino",
            "url": "https://casinocroisette.online/",
            "img": "https://lh5.googleusercontent.com/p/AF1QipNz3RgsNvrx1F7wsbI2agDlw0NhHzOyXERayjwT=w148-h148-n-k-no"
        },
        {
            "title": "Port-Gentil",
            "category": "Locality",
            "img": "https://lh5.googleusercontent.com/p/AF1QipN4sjyEABQj8vXJ9j9eV3s7wUrOHEwYid07EHQ3=w148-h148-n-k-no"
        }
    ]
}