{
    "cities": {
        "Les Abymes": [
            {
                "title": "René Serge Nabajoth Stadium",
                "category": "Stadium",
                "img": "https://lh5.googleusercontent.com/p/AF1QipOekefaT8QxCkJMc3IwLA3pDLDAXe-BfvsBavdB=w148-h148-n-k-no"
            },
            {
                "title": "Jardin Botanique de Deshaies",
                "category": "Botanical garden",
                "url": "http://www.jardin-botanique.com/",
                "img": "https://lh5.googleusercontent.com/p/AF1QipM0Pqb0oIhOdhyKPJFGccjehF2ac4UVbBhN4QVs=w148-h148-n-k-no"
            },
            {
                "title": "Plage de Grande Anse",
                "category": "Public beach",
                "img": "https://lh5.googleusercontent.com/p/AF1QipO2XTaVsy3m2hJYKSxVXMq3A-38N5D92SA2HRZ7=w148-h148-n-k-no"
            },
            {
                "title": "Plage de Malendure",
                "category": "Beach",
                "img": "https://lh5.googleusercontent.com/p/AF1QipNRcYSVkzWDcxFlZy5XqTcIeZRSD1_GSNZIFp6n=w148-h148-n-k-no"
            },
            {
                "title": "Multiplexe Cinestar Guadeloupe",
                "category": "Cinema",
                "url": "http://www.cinestarguadeloupe.com/",
                "img": "https://lh5.googleusercontent.com/p/AF1QipM1qIsa_REJsz1KVRU4HleYAj4axd_ylGpWIUap=w148-h148-n-k-no"
            },
            {
                "title": "Aquarium of Guadeloupe",
                "category": "Aquarium",
                "url": "http://www.aquariumdelaguadeloupe.com/",
                "img": "https://lh5.googleusercontent.com/p/AF1QipMEGdnlOea_PsORCtihrRlHLbxHZnO2wVUozec1=w148-h148-n-k-no"
            },
            {
                "title": "Destreland",
                "category": "Shopping Centre",
                "url": "http://www.destreland.com/",
                "img": "https://lh5.googleusercontent.com/p/AF1QipOTsGUGQ1tAA2K2qvu3EzM8rnmTWVI8yjviB0mf=w148-h148-n-k-no"
            },
            {
                "title": "Blue Lagoon Excursion Guadeloupe",
                "category": "Boat tour agency",
                "url": "http://www.guadeloupe-excursion.com/",
                "img": "https://lh5.googleusercontent.com/p/AF1QipO5eFBmmfjk3YuKhyzQLl-9SVFD4K5WRgOI0-UR=w148-h148-n-k-no"
            },
            {
                "title": "Baie-Mahault",
                "category": "Locality",
                "img": "https://lh5.googleusercontent.com/p/AF1QipN6Mf3CP-wgWnQrTYkCeN7tqP2pt4dRMqWQVBUx=w148-h148-n-k-no"
            },
            {
                "title": "Sainte-Anne",
                "category": "Locality",
                "img": "https://lh5.googleusercontent.com/p/AF1QipMNJuoUXZfMmvzN4coGG3MGf4XKpMLJTMuiplfN=w148-h148-n-k-no"
            },
            {
                "title": "Petite Terre Islands",
                "category": "Archipelago",
                "img": "https://lh5.googleusercontent.com/p/AF1QipPo4edalhRafgRHjk23kdbQZYpIbInHiDQqxhdH=w148-h148-n-k-no"
            },
            {
                "title": "Memorial ACTe",
                "category": "History museum",
                "url": "https://memorial-acte.fr/",
                "img": "https://lh5.googleusercontent.com/p/AF1QipMlbzR4z784eEGHzZ1P8tDVFVjXD6q1L2RsQba7=w148-h148-n-k-no"
            },
            {
                "title": "Cascade aux Ecrevisses",
                "category": "National reserve",
                "img": "https://lh5.googleusercontent.com/p/AF1QipMK4NUPHejuIlNX-tb9aC8lgtzpCikm0KBaUIXf=w148-h148-n-k-no"
            },
            {
                "title": "Plage de la Perle",
                "category": "Public beach",
                "img": "https://lh5.googleusercontent.com/p/AF1QipMsBb28xHaG0WRsr4UiNQahqYIDgvTuJ7NsfAWx=w148-h148-n-k-no"
            },
            {
                "title": "Pointe-à-Pitre",
                "category": "Locality",
                "img": "https://lh5.googleusercontent.com/p/AF1QipMCuVV2LetpGUKKwNTNpP701kyK1P9HiOQMuc45=w148-h148-n-k-no"
            },
            {
                "title": "Gardens Valombreuse MTL",
                "category": "Botanical garden",
                "url": "http://www.valombreuse.com/",
                "img": "https://lh5.googleusercontent.com/p/AF1QipOB1CxTXoKGiAViH7zsch-8OWsqlcXtMwgjM0ry=w148-h148-n-k-no"
            }
        ]
    },
    "sights": [
        {
            "title": "Plage de Grande Anse",
            "category": "Public beach",
            "img": "https://lh5.googleusercontent.com/p/AF1QipO2XTaVsy3m2hJYKSxVXMq3A-38N5D92SA2HRZ7=w148-h148-n-k-no"
        },
        {
            "title": "Jardin Botanique de Deshaies",
            "category": "Botanical garden",
            "url": "http://www.jardin-botanique.com/",
            "img": "https://lh5.googleusercontent.com/p/AF1QipM0Pqb0oIhOdhyKPJFGccjehF2ac4UVbBhN4QVs=w148-h148-n-k-no"
        },
        {
            "title": "Zoo de Guadeloupe au Parc des Mamelles",
            "category": "Zoo",
            "url": "http://www.zoodeguadeloupe.com/",
            "img": "https://lh3.googleusercontent.com/proxy/SY8__camhFzcUWPHkcsoA_qFIrldv7z6uXq1gn8beMr77OgduLpYh6cz0VzAt2FutIaE5CEk53r2biGz78HBz3wBW3fBvG6y28Ov0K2OwglkAqVfOJBbD1nO3ZZRordNHv17LI6ZXb66ldWiemwoD6_Y0i7aIg=w148-h148-n-k-no"
        },
        {
            "title": "Plage de la Perle",
            "category": "Public beach",
            "img": "https://lh5.googleusercontent.com/p/AF1QipMsBb28xHaG0WRsr4UiNQahqYIDgvTuJ7NsfAWx=w148-h148-n-k-no"
        },
        {
            "title": "Gardens Valombreuse MTL",
            "category": "Botanical garden",
            "url": "http://www.valombreuse.com/",
            "img": "https://lh5.googleusercontent.com/p/AF1QipOB1CxTXoKGiAViH7zsch-8OWsqlcXtMwgjM0ry=w148-h148-n-k-no"
        },
        {
            "title": "Plage Du Souffleur",
            "category": "Beach",
            "url": "http://www.paysguadeloupe.com/",
            "img": "https://lh5.googleusercontent.com/p/AF1QipNUoo5B0IJceIbv8ZNfSVvSwMYvDuZRliERiKir=w148-h148-n-k-no"
        },
        {
            "title": "Memorial ACTe",
            "category": "History museum",
            "url": "https://memorial-acte.fr/",
            "img": "https://lh5.googleusercontent.com/p/AF1QipMlbzR4z784eEGHzZ1P8tDVFVjXD6q1L2RsQba7=w148-h148-n-k-no"
        },
        {
            "title": "Fort Napoléon des Saintes",
            "category": "Museum",
            "img": "https://lh5.googleusercontent.com/p/AF1QipO-OsPDSKpuYKTeNUEWVa-9-vGLeU4v9i1jaBOc=w148-h148-n-k-no"
        },
        {
            "title": "Pointe des Châteaux",
            "category": "Island",
            "img": "https://lh5.googleusercontent.com/p/AF1QipOWbdUqPJ-HxDOAqw9j7ai6vqgPUFBss34iNbcN=w148-h148-n-k-no"
        },
        {
            "title": "Petite Terre Islands",
            "category": "Archipelago",
            "img": "https://lh5.googleusercontent.com/p/AF1QipPo4edalhRafgRHjk23kdbQZYpIbInHiDQqxhdH=w148-h148-n-k-no"
        },
        {
            "title": "Plage de Bois Jolan",
            "category": "Beach",
            "img": "https://lh5.googleusercontent.com/p/AF1QipMANf8cNOFT280r_QOEfjQmSupi9jPo1iHOKlAS=w148-h148-n-k-no"
        },
        {
            "title": "La Maison du Cacao",
            "category": "Museum",
            "url": "http://www.maisonducacao.fr/",
            "img": "https://lh5.googleusercontent.com/p/AF1QipNeK_Sg2Nr1d_VnqLscjkbEFr19WCgUc0CGOC1x=w148-h148-n-k-no"
        },
        {
            "title": "Cascade aux Ecrevisses",
            "category": "National reserve",
            "img": "https://lh5.googleusercontent.com/p/AF1QipMK4NUPHejuIlNX-tb9aC8lgtzpCikm0KBaUIXf=w148-h148-n-k-no"
        },
        {
            "title": "La Grande Soufrière",
            "category": "Volcano",
            "img": "https://lh5.googleusercontent.com/p/AF1QipNN-uilSd0W_m5djYjVFD-LsSSagvSxfe8mQAoq=w148-h148-n-k-no"
        },
        {
            "title": "Marie-Galante",
            "category": "Island",
            "img": "https://lh5.googleusercontent.com/p/AF1QipMgiQbWeQBXiJsl0y4HfMzEiP3Z37s8S_gRa6ks=w148-h148-n-k-no"
        },
        {
            "title": "La Soufriere Volcano",
            "category": "Volcano",
            "img": "https://lh5.googleusercontent.com/p/AF1QipPKGeSHGdtchcyFBwczhFKp2kL9Ik-ID_KMF12r=w148-h148-n-k-no"
        }
    ]
}