{
    "cities": {
        "San Pedro Sula": [
            {
                "title": "CityMall San Pedro Sula",
                "category": "Shopping Centre",
                "url": "https://citymall.net/",
                "img": "https://lh5.googleusercontent.com/p/AF1QipOtnZ4xanJdqVRAqJoMEJtb3V3SClHu8U1YscGH=w148-h148-n-k-no"
            },
            {
                "title": "Teatro José Francisco Saybe",
                "category": "Performing arts theatre",
                "img": "https://lh5.googleusercontent.com/p/AF1QipOu5MXKN6c7HIbrGT3SaiZcfvMHKV21qBJPTEgH=w148-h148-n-k-no"
            },
            {
                "title": "Bazar del Sabado",
                "category": "Shop",
                "url": "https://instagram.com/bazardelsabado?igshid=MzRlODBiNWFlZA==",
                "img": "https://lh5.googleusercontent.com/p/AF1QipOkoRq5ktiUsCMAs9LLWtuyi6BVnG2FhluZ7oPa=w148-h148-n-k-no"
            },
            {
                "title": "The Little Sula Children's Museum",
                "category": "Children's museum",
                "img": "https://lh5.googleusercontent.com/p/AF1QipOiKskdvz3Nt3ELoNzzMifdg2JqyGx7sOAfv8tc=w148-h148-n-k-no"
            },
            {
                "title": "St. Peter the Apostle Metropolitan Cathedral Cathedral, San Pedro Sula",
                "category": "Catholic church",
                "img": "https://lh5.googleusercontent.com/p/AF1QipMJb5KX_h25R5mqABdXr-X1XA09gzb_4wid-Qsx=w148-h148-n-k-no"
            },
            {
                "title": "Cervecería La20",
                "category": "Brewery",
                "img": "https://lh5.googleusercontent.com/p/AF1QipPRsLDjYpWWAj_R8xTQ9K_OpE5IrMKLF1R1QgVg=w148-h148-n-k-no"
            },
            {
                "title": "Presentación Centeno Children's Park",
                "category": "State park",
                "img": "https://lh5.googleusercontent.com/p/AF1QipMsfnUiysfCpq5lsurbCgukKocbjYgdSxOXSjfM=w148-h148-n-k-no"
            },
            {
                "title": "San Pedro Sula Central Park",
                "category": "Park and Garden",
                "url": "https://www.sanpedrosula.hn/",
                "img": "https://lh5.googleusercontent.com/p/AF1QipOW8E1QlcoI15eE7jgsXVUCED1nuav9jgis2wGy=w148-h148-n-k-no"
            },
            {
                "title": "Escuela Internacional Sampedrana",
                "category": "School",
                "url": "http://www.seis.edu.hn/",
                "img": "https://lh5.googleusercontent.com/p/AF1QipPYikEDQT5TqiThTD9KXirZKH4Saj2AerSpxHUv=w148-h148-n-k-no"
            },
            {
                "title": "Angeli Gardens",
                "category": "Restaurant",
                "url": "https://www.angeligardens.com/es/AngeliGardensRestaurantSanPedroSula",
                "img": "https://lh5.googleusercontent.com/p/AF1QipOvaacKzBEpuuwQhgKbGQoj-gYm2Q6ufZJCyAoU=w148-h148-n-k-no"
            },
            {
                "title": "General Francisco Morazán Stadium",
                "category": "Stadium",
                "img": "https://lh5.googleusercontent.com/p/AF1QipPvRdsdTyk5ROPaEZ0CHdBpz5AxPUiZ63eKB3Mv=w148-h148-n-k-no"
            },
            {
                "title": "Hacienda Tara",
                "category": "Events Venue",
                "url": "http://www.haciendatara.com/site/index.php/es/",
                "img": "https://lh5.googleusercontent.com/p/AF1QipM5PMV8bz7NC0q0R34f8eOMxUoZqiW2q3rJvP1u=w148-h148-n-k-no"
            },
            {
                "title": "Plaza de las Banderas",
                "category": "Cultural centre",
                "img": "https://lh5.googleusercontent.com/p/AF1QipP6MmG-9-9aYFyImZL7J0HWE8fIwNMvfZhVlU4c=w148-h148-n-k-no"
            },
            {
                "title": "Lancetilla Botanical Garden",
                "category": "Botanical garden",
                "img": "https://lh5.googleusercontent.com/p/AF1QipMMNirIH3cn-X0Nu1Ox2jOdHRKLYoj_eaBajCT0=w148-h148-n-k-no"
            },
            {
                "title": "Cusuco National Park",
                "category": "National park",
                "img": "https://lh5.googleusercontent.com/p/AF1QipPLmwOm-arrBwnNXL2z05ZnkbIX_dBiDa9YbwEU=w148-h148-n-k-no"
            },
            {
                "title": "Playas Municipales",
                "category": "Beach",
                "img": "https://lh5.googleusercontent.com/p/AF1QipP43Mzv81TJ0sXp00HYjT8KpT-N-WVEvNUuqu1v=w148-h148-n-k-no"
            }
        ],
        "Comayagua": [
            {
                "title": "Plaza centro Comayagua",
                "category": "Restaurant",
                "img": "https://lh5.googleusercontent.com/p/AF1QipMD6POJILOMlGkfm-B4Eww269t3MOHLpyoXknA4=w148-h148-n-k-no"
            },
            {
                "title": "Villamar Park",
                "category": "Water park",
                "url": "http://www.facebook.com/VillamarParkComayagua/",
                "img": "https://lh5.googleusercontent.com/p/AF1QipNqf8UYhgIoddRnKApEZ-89bRDntDBLwrzREp2G=w148-h148-n-k-no"
            },
            {
                "title": "Cathedral of the Immaculate Conception",
                "category": "Catholic cathedral",
                "img": "https://lh5.googleusercontent.com/p/AF1QipOjTDx9Y6NOvmOowKTPOwQTeUsWuP8B2E-1Zl2E=w148-h148-n-k-no"
            },
            {
                "title": "Museo Comayagua y Arqueológico",
                "category": "Archaeological museum",
                "img": "https://lh5.googleusercontent.com/p/AF1QipNXtNXAhaVEnSJvZBHKTNukAnTGtvLyq8zW2yYa=w148-h148-n-k-no"
            },
            {
                "title": "Iglesia La Caridad",
                "category": "Church",
                "img": "https://lh5.googleusercontent.com/p/AF1QipPSX8aTeZCi5gBoMiHfAugoFASWI3P6hqHGgEdf=w148-h148-n-k-no"
            },
            {
                "title": "CAXA REAL",
                "category": "Historical place",
                "url": "https://www.facebook.com/hotelcaxareal/",
                "img": "https://lh5.googleusercontent.com/p/AF1QipP5mfCMxAHBbwSwxifEjKdJro0OUySB-8FNA0ze=w148-h148-n-k-no"
            },
            {
                "title": "Comayagua",
                "category": "National park",
                "img": "https://lh5.googleusercontent.com/p/AF1QipOyju79ZOjraeFClJRpX-8CYLCdI4xJ30ZUyfTe=w148-h148-n-k-no"
            },
            {
                "title": "Cuevas de Taulabé",
                "category": "Monument",
                "img": "https://lh5.googleusercontent.com/p/AF1QipPBrK_qsivM15hFu2mwnNZkfQEY90MarH9De7-X=w148-h148-n-k-no"
            }
        ],
        "El Progreso": [],
        "Ciudad Choluteca": [],
        "Tegucigalpa": [
            {
                "title": "Parque El Picacho",
                "category": "National park",
                "url": "https://www.parqueelpicacho.com/",
                "img": "https://lh5.googleusercontent.com/p/AF1QipMyLX_QKGmdVs8SiRQSJXoQi3s6Kz5uINv5xdRr=w148-h148-n-k-no"
            },
            {
                "title": "City Mall",
                "category": "Shopping Centre",
                "img": "https://lh5.googleusercontent.com/p/AF1QipOpkB6pX3s_DbQ50rb2V_mH0l93W7A5VK8OUG42=w148-h148-n-k-no"
            },
            {
                "title": "Museum for National Identity",
                "category": "Art museum",
                "url": "https://min.hn/",
                "img": "https://lh5.googleusercontent.com/p/AF1QipPPpcMT_4L_JIQw_6c1rK1GAv4kqPTsFsSry5FX=w148-h148-n-k-no"
            },
            {
                "title": "Basílica de Nuestra Señora de Suyapa",
                "category": "Catholic church",
                "url": "https://www.facebook.com/basilicadesuyapahn",
                "img": "https://lh5.googleusercontent.com/p/AF1QipNBaOG1_3aov-Bjx-Baj5VHvW-WoqJ65qlnxcbX=w148-h148-n-k-no"
            },
            {
                "title": "St. Michael the Archangel Cathedral",
                "category": "Catholic cathedral",
                "img": "https://lh5.googleusercontent.com/p/AF1QipMVzLOvSLCbxXYHV39Wvgjx9O9LJbq2a5Rpjg8t=w148-h148-n-k-no"
            },
            {
                "title": "Chiminike",
                "category": "Children's museum",
                "url": "https://es-la.facebook.com/museochiminike/",
                "img": "https://lh5.googleusercontent.com/p/AF1QipM26hV5OP1Qu2rrK1GV7bhaeqlYC8_GsbZyLXda=w148-h148-n-k-no"
            },
            {
                "title": "La Leona Park",
                "category": "Park and Garden",
                "img": "https://lh5.googleusercontent.com/p/AF1QipPZ8q_IM2TqNfyKdYWrqeBKhAvcSYY6y_ictKJk=w148-h148-n-k-no"
            },
            {
                "title": "Christ of the Picacho",
                "category": "Tourist attraction",
                "url": "https://www.facebook.com/FundacionCristoDeElPicacho/",
                "img": "https://lh5.googleusercontent.com/p/AF1QipPhFd_2HjL0Aqe2Pq1yUJ5GHfg9vmsl9s0yAZvZ=w148-h148-n-k-no"
            },
            {
                "title": "Parque Central Tegucigalpa",
                "category": "Park and Garden",
                "img": "https://lh5.googleusercontent.com/p/AF1QipOlF7jl8zSEsAQ39zurGwOtNtq7tZ3Pa-BJU-1b=w148-h148-n-k-no"
            },
            {
                "title": "Iglesia de la Merced",
                "category": "Church",
                "img": "https://lh5.googleusercontent.com/p/AF1QipNJyqb2_hKfUcxTbZz2YG3wcdQnFUlY9blkc6bF=w148-h148-n-k-no"
            },
            {
                "title": "Iglesia Santa María de los Dolores",
                "category": "Catholic church",
                "img": "https://lh5.googleusercontent.com/p/AF1QipN6edoVoTkpeeS1mElmC_MCiPNcyvpwM6GtUNyk=w148-h148-n-k-no"
            },
            {
                "title": "Centro de la Cultura Garinagu de Honduras",
                "category": "Cultural centre",
                "url": "http://garinagu.gob.hn/",
                "img": "https://lh5.googleusercontent.com/p/AF1QipPcqkOXBrU5Cb8YoIxKoCn_fFXXJqYxtSuH3Xnt=w148-h148-n-k-no"
            },
            {
                "title": "Fundacion Amigos de La Tigra Friends Of The Jaguar Foundation",
                "category": "Non-Governmental Organisation",
                "img": "https://lh5.googleusercontent.com/p/AF1QipP0FEAOFEBJgRNfjDOpfzFvb1ZYzi2jfetP6lUp=w148-h148-n-k-no"
            },
            {
                "title": "Plaza Morazan",
                "category": "Park and Garden",
                "img": "https://lh5.googleusercontent.com/p/AF1QipOY4DVXH2JcLPMMQV9yZkSfE2_FUkcskJDNuSq4=w148-h148-n-k-no"
            },
            {
                "title": "Estadio Nacional Chelato Uclés",
                "category": "Stadium",
                "img": "https://lh5.googleusercontent.com/p/AF1QipO7L3FKHMIvWAf30TELk3JjXvw54rGw0W0BaPEs=w148-h148-n-k-no"
            },
            {
                "title": "Parque Nacional La Tigra",
                "category": "Nature reserve",
                "img": "https://lh5.googleusercontent.com/p/AF1QipMd2IsZ_Q4ollDKkolB9imAYP65GS-2jLgs5uU=w148-h148-n-k-no"
            }
        ],
        "Choloma": [
            {
                "title": "San Pedro Sula Central Park",
                "category": "Park and Garden",
                "url": "https://www.sanpedrosula.hn/",
                "img": "https://lh5.googleusercontent.com/p/AF1QipOW8E1QlcoI15eE7jgsXVUCED1nuav9jgis2wGy=w148-h148-n-k-no"
            },
            {
                "title": "Museo San Fernando de Omoa",
                "category": "Museum",
                "img": "https://lh5.googleusercontent.com/p/AF1QipPSJzOIiZ6s7DlpHuCqLhfrGb3JNpFNBnJC8aQH=w148-h148-n-k-no"
            },
            {
                "title": "Cusuco National Park",
                "category": "National park",
                "img": "https://lh5.googleusercontent.com/p/AF1QipPLmwOm-arrBwnNXL2z05ZnkbIX_dBiDa9YbwEU=w148-h148-n-k-no"
            },
            {
                "title": "Parque Nacional La Tigra",
                "category": "Nature reserve",
                "img": "https://lh5.googleusercontent.com/p/AF1QipMd2IsZ_Q4ollDKkolB9imAYP65GS-2jLgs5uU=w148-h148-n-k-no"
            },
            {
                "title": "Utila",
                "category": "Island",
                "url": "http://aboututila.com/",
                "img": "https://lh5.googleusercontent.com/p/AF1QipOgUkpgfsiXMLhTkOHiFO1HNm6uBLc-1ANAV0tP=w148-h148-n-k-no"
            },
            {
                "title": "West Bay Beach",
                "category": "Beach",
                "img": "https://lh5.googleusercontent.com/p/AF1QipNl_VxDSmzimoqEQfEq6BYF5pOy3BKSfKVP5GWU=w148-h148-n-k-no"
            },
            {
                "title": "Cayos Cochinos",
                "category": "Island",
                "url": "http://www.cayoscochinos.org/",
                "img": "https://lh5.googleusercontent.com/p/AF1QipPznWH4UQ-Bs5YEPvXMVr4WW6ArKwco8dP4Ox5-=w148-h148-n-k-no"
            },
            {
                "title": "Copan Ruinas",
                "category": "Locality",
                "img": "https://lh5.googleusercontent.com/p/AF1QipP5AH0eW8jQUohA2wYafWzM__b4X1B14EfuRex6=w148-h148-n-k-no"
            },
            {
                "title": "Lake Yojoa",
                "category": "Lake",
                "img": "https://lh5.googleusercontent.com/p/AF1QipMKuBA-y7V15iXn3jNHZhchYbtyyuQiV5GPurbW=w148-h148-n-k-no"
            }
        ],
        "La Ceiba": [
            {
                "title": "Malecon Guillermo Anderson",
                "category": "Park and Garden",
                "img": "https://lh5.googleusercontent.com/p/AF1QipNf_mkLQu98ZPbnrnpsoFTrNkQxNyw5JtbIYd1Y=w148-h148-n-k-no"
            },
            {
                "title": "Dream Ferries",
                "category": "Ferry service",
                "url": "http://www.hondurasferry.com/",
                "img": "https://lh5.googleusercontent.com/p/AF1QipPH4m1KK2FSSJ-FAY5w24eP8fbaITesDKl-IIvS=w148-h148-n-k-no"
            },
            {
                "title": "Paseo de los Ceibeños",
                "category": "Tourist attraction",
                "img": "https://lh5.googleusercontent.com/p/AF1QipPbFuZnlOJQGkxLK5pMdcaPOgTsbX73XLARj-DU=w148-h148-n-k-no"
            },
            {
                "title": "Cangrejal River",
                "category": "River",
                "img": "https://lh5.googleusercontent.com/p/AF1QipNBiY8OJuhb4ozfgFbwc4CzB9IWQaeod8crJjlB=w148-h148-n-k-no"
            },
            {
                "title": "Swinford Park",
                "category": "Park and Garden",
                "img": "https://lh5.googleusercontent.com/p/AF1QipPYw63dt2F6okaY0e7kI8QNEz_xuZsUEFu4qvw=w148-h148-n-k-no"
            },
            {
                "title": "Dream Ferries",
                "category": "Ferry service",
                "url": "http://www.utilaferry.com/",
                "img": "https://lh5.googleusercontent.com/p/AF1QipOGnLo5zFCL1AQD25E-qXB60ISZjVfdq1DQyLJ0=w148-h148-n-k-no"
            },
            {
                "title": "Refugio de Vida Silvestre Cuero y Salado",
                "category": "Tourist Information Centre",
                "url": "https://www.facebook.com/FUCSAHN/",
                "img": "https://lh5.googleusercontent.com/p/AF1QipMSwqLFAcm6Da_uIIxIJ3OHfAybmqtDbj0muHdk=w148-h148-n-k-no"
            },
            {
                "title": "Cayos Cochinos",
                "category": "Island",
                "url": "http://www.cayoscochinos.org/",
                "img": "https://lh5.googleusercontent.com/p/AF1QipPznWH4UQ-Bs5YEPvXMVr4WW6ArKwco8dP4Ox5-=w148-h148-n-k-no"
            },
            {
                "title": "La Moskitia Ecoaventuras",
                "category": "Tour operator",
                "url": "https://lamoskitia.hn/",
                "img": "https://lh5.googleusercontent.com/p/AF1QipPIdoGF_OCTxp0TeA5DPihCGU_HcMe-YnsyaU3X=w148-h148-n-k-no"
            }
        ]
    },
    "sights": [
        {
            "title": "Little French Key",
            "category": "Tourist attraction",
            "url": "http://www.littlefrenchkeyisland.com/",
            "img": "https://lh5.googleusercontent.com/p/AF1QipMVq6_5M95eO3_4YlerIeMPODpksmmt1_Fazo-5=w148-h148-n-k-no"
        },
        {
            "title": "Mayan Eden",
            "category": "Nature reserve",
            "img": "https://lh5.googleusercontent.com/p/AF1QipMyo2rCBWdUjFr5NfcfyMTrwElkd96biYcrbJxz=w148-h148-n-k-no"
        },
        {
            "title": "Gumbalimba Park",
            "category": "Tourist attraction",
            "url": "http://www.gumbalimbapark.com/",
            "img": "https://lh5.googleusercontent.com/p/AF1QipNQckeePtS3zlpsCgGqR8FuQgsR-vlE_fr0oKtX=w148-h148-n-k-no"
        },
        {
            "title": "Maya Key",
            "category": "Tourist attraction",
            "url": "http://www.mayakey.com/",
            "img": "https://lh5.googleusercontent.com/p/AF1QipOks_L3UWgBIg4FeCLALPSFDS167I4sIHQPiA6U=w148-h148-n-k-no"
        },
        {
            "title": "Cataratas Pulhapanzak",
            "category": "Tourist attraction",
            "img": "https://lh5.googleusercontent.com/p/AF1QipNV8xQ3J6RVJjitlw9DZEaEbRNrhyx5yU5YlE7k=w148-h148-n-k-no"
        },
        {
            "title": "AJ's Monkeys and Sloths",
            "category": "Tourist attraction",
            "url": "https://ajsmonkeysandsloths.com/",
            "img": "https://lh5.googleusercontent.com/p/AF1QipMnQxMG438ZoRtNpx5XR_PzYDZTSvh_5g5puV8r=w148-h148-n-k-no"
        },
        {
            "title": "Parque Nacional Pico Bonito",
            "category": "Hiking area",
            "url": "https://www.facebook.com/fupnapibOficial/",
            "img": "https://lh5.googleusercontent.com/p/AF1QipMSUKAeNBV00YB0m4wML5QroL0w1NDj4eVCgdI=w148-h148-n-k-no"
        },
        {
            "title": "Museum for National Identity",
            "category": "Art museum",
            "url": "https://min.hn/",
            "img": "https://lh5.googleusercontent.com/p/AF1QipPPpcMT_4L_JIQw_6c1rK1GAv4kqPTsFsSry5FX=w148-h148-n-k-no"
        },
        {
            "title": "Roatan Island Brewing Co",
            "category": "Brewery",
            "url": "http://www.roatanislandbrewing.com/",
            "img": "https://lh5.googleusercontent.com/p/AF1QipOHSC77CmJ_HZO8YcCh2cdd2vCF46ZGZ8EL52Es=w148-h148-n-k-no"
        },
        {
            "title": "Arch's Iguana and Marine Park",
            "category": "Tourist attraction",
            "img": "https://lh5.googleusercontent.com/p/AF1QipMzL3jW49nsnHp7ObhFXW1rKGexvx99l9MB70vM=w148-h148-n-k-no"
        },
        {
            "title": "Fortaleza de San Fernando",
            "category": "Museum",
            "url": "http://www.ihah.hn/",
            "img": "https://lh5.googleusercontent.com/p/AF1QipMVC9sDrqxJVQZ07WDDtkAeKt4a2-X5tX6noOSy=w148-h148-n-k-no"
        },
        {
            "title": "Cayos Cochinos",
            "category": "Island",
            "url": "http://www.cayoscochinos.org/",
            "img": "https://lh5.googleusercontent.com/p/AF1QipPznWH4UQ-Bs5YEPvXMVr4WW6ArKwco8dP4Ox5-=w148-h148-n-k-no"
        },
        {
            "title": "Mahogany Beach",
            "category": "Beach",
            "img": "https://lh5.googleusercontent.com/p/AF1QipNr0mQfCjDZgGGzlQ08XTk0XzCAMhdiEtpLwdyF=w148-h148-n-k-no"
        },
        {
            "title": "Cusuco National Park",
            "category": "National park",
            "img": "https://lh5.googleusercontent.com/p/AF1QipPLmwOm-arrBwnNXL2z05ZnkbIX_dBiDa9YbwEU=w148-h148-n-k-no"
        },
        {
            "title": "West Bay Beach",
            "category": "Beach",
            "img": "https://lh5.googleusercontent.com/p/AF1QipNl_VxDSmzimoqEQfEq6BYF5pOy3BKSfKVP5GWU=w148-h148-n-k-no"
        },
        {
            "title": "Lancetilla Botanical Garden",
            "category": "Botanical garden",
            "img": "https://lh5.googleusercontent.com/p/AF1QipMMNirIH3cn-X0Nu1Ox2jOdHRKLYoj_eaBajCT0=w148-h148-n-k-no"
        }
    ]
}