{
    "cities": {
        "Sesvete": [
            {
                "title": "Zoo Zagreb",
                "category": "Zoo",
                "url": "https://zoo.hr/",
                "img": "https://lh5.googleusercontent.com/p/AF1QipORztQvXUpg15CqZ3Ul2TNPinHh_XR3jNCxXSb5=w148-h148-n-k-no"
            },
            {
                "title": "Stone Gate",
                "category": "Religious destination",
                "url": "https://zupa-svmarkaev.hr/home/kamenita-vrata/",
                "img": "https://lh5.googleusercontent.com/p/AF1QipMLgCwgzh-rcc01u4Vg53uctY7CK50EvUFDtvpS=w148-h148-n-k-no"
            },
            {
                "title": "Ban Josip Jelačić Statue",
                "category": "Sculpture",
                "url": "http://zagreb-touristinfo.hr/?id=130&l=h",
                "img": "https://lh5.googleusercontent.com/p/AF1QipNsb3JT-kG_KwkuUw2k-Qxy_DzJUce-1cFxZqGG=w148-h148-n-k-no"
            },
            {
                "title": "Mirogoj cemetery",
                "category": "Cemetery",
                "url": "http://www.gradskagroblja.hr/default.aspx?id=253",
                "img": "https://lh5.googleusercontent.com/p/AF1QipMh23R1x-ymA2k53iURfE2v0EPC5ThbGUIdZOpb=w148-h148-n-k-no"
            },
            {
                "title": "Park Maksimir",
                "category": "Park and Garden",
                "url": "https://www.park-maksimir.hr/",
                "img": "https://lh5.googleusercontent.com/p/AF1QipMVLeBzPLsHW_1o2RCFCIvlxwR-UsGLwHY-yw0X=w148-h148-n-k-no"
            },
            {
                "title": "Church of St. Mark",
                "category": "Basilica",
                "url": "https://zupa-svmarkaev.hr/",
                "img": "https://lh5.googleusercontent.com/p/AF1QipPuWAT9HQdSlvwVfB87JYOobXsOKVdRfs_wPYra=w148-h148-n-k-no"
            },
            {
                "title": "Museum of Broken Relationships",
                "category": "Museum",
                "url": "https://brokenships.com/hr",
                "img": "https://lh5.googleusercontent.com/p/AF1QipNi9vP9i-6fA1YonBwoHFlxx8dzMnPFl7xs7Vnj=w148-h148-n-k-no"
            },
            {
                "title": "Upper Town",
                "category": "Neighborhood",
                "img": "https://lh4.googleusercontent.com/proxy/v06Pj2A0vldI3YtdfOkVtsV6X1xQAJfw0fLAMr5-RnzI8Uj8RPEVuwELPLARHygDtIgscyL4jrX_hXG0RX0jVJh6CRa3K0H7Aqg7Ll82LVWek_77mFCl3NWq8JLEptYuO-_eunkjK5D76AWCiWy1m9c5B6jTeJ4=w148-h148-n-k-no"
            },
            {
                "title": "Cathedral of Zagreb",
                "category": "Cathedral",
                "url": "http://www.glas-koncila.hr/index.php?option=com_content&view=article&id=95&Itemid=89",
                "img": "https://lh5.googleusercontent.com/p/AF1QipMmpxTxsMVKnLiW2DEZyuchLiF0bSF_ZoMwZ2w4=w148-h148-n-k-no"
            },
            {
                "title": "Croatian National Theatre in Zagreb",
                "category": "Performing arts theatre",
                "url": "http://www.hnk.hr/",
                "img": "https://lh5.googleusercontent.com/p/AF1QipP2dGndsvEjMFgNbWbBLUZNPRpYaeoG2-ATAW8s=w148-h148-n-k-no"
            },
            {
                "title": "Ban Josip Jelačić Square",
                "category": "Compound grounds",
                "img": "https://lh5.googleusercontent.com/p/AF1QipN61ltBK8XcMPvM3H1t7-7iqIlnT1hkjihyNKWE=w148-h148-n-k-no"
            }
        ],
        "Pula": [
            {
                "title": "Pula Arena",
                "category": "Amphitheatre",
                "url": "http://www.ami-pula.hr/hr/dislocirane-zbirke/amfiteatar/amfiteatar/",
                "img": "https://lh5.googleusercontent.com/p/AF1QipPlZOsR0Bqj-lN-H_fUsuIFc7w4LZaGBHyn9iFM=w148-h148-n-k-no"
            },
            {
                "title": "Arch of the Sergii",
                "category": "Historical landmark",
                "url": "https://www.pulainfo.hr/hr/where/slavoluk-sergijevaca-zlatna-vrata",
                "img": "https://lh6.googleusercontent.com/proxy/OC2zAxkMh7PoyDvKgAWs4flMiPADR8Xw37GMVAcy8q1BHYprTIyaLaJ7XA3ai8GXfn0I61VZoh7gkmkPdCBznYrpZVBBDWSWz7lQ0OKgme12VMewzsKlZserXVWfUq1nUF3fPl8HzYpm0TCMwjyLePpJDwPjTAI=w148-h148-n-k-no"
            },
            {
                "title": "Temple of Augustus",
                "category": "Historical landmark",
                "url": "http://www.ami-pula.hr/dislocirane-zbirke/augustov-hram/",
                "img": "https://lh5.googleusercontent.com/p/AF1QipPOZf9Z3-DwIO2w8jwEy0Ne-9sDrMlXqmE9qnIa=w148-h148-n-k-no"
            },
            {
                "title": "Pula Citadel",
                "category": "Historical landmark",
                "url": "http://www.ppmi.hr/",
                "img": "https://lh5.googleusercontent.com/p/AF1QipM340-hh4cCn4ZF6asSwxpwjIO912DuAhNJ7ryM=w148-h148-n-k-no"
            },
            {
                "title": "Aquarium Pula",
                "category": "Aquarium",
                "url": "http://www.aquarium.hr/",
                "img": "https://lh5.googleusercontent.com/p/AF1QipPWxklTQzo36hOSB8bCvmYh851wf_Nmh3S_Sajd=w148-h148-n-k-no"
            },
            {
                "title": "Verudela Canyon",
                "category": "Tourist attraction",
                "img": "https://lh5.googleusercontent.com/p/AF1QipNkzA8sgy9c9eDkLPhRyZREKHvVwiPjBaf6EcXD=w148-h148-n-k-no"
            },
            {
                "title": "City Farmer's market Pula/Pola",
                "category": "Farmers' market",
                "img": "https://lh5.googleusercontent.com/p/AF1QipOgSWzLXYin_9d7qPLt6joVlccgI8Zhk7YKrmkH=w148-h148-n-k-no"
            },
            {
                "title": "Valkane Beach",
                "category": "Public beach",
                "img": "https://lh5.googleusercontent.com/p/AF1QipOG5dvk_P7x9dHsrgXwB8Axgmt9v0-xHPhyS-Cx=w148-h148-n-k-no"
            },
            {
                "title": "Kupalište Hidrobaza",
                "category": "Public beach",
                "img": "https://lh5.googleusercontent.com/p/AF1QipO6V_tw77VAsNS-2iHhXn74Pe-dT5F8YZCP8mDB=w148-h148-n-k-no"
            },
            {
                "title": "Brijuni National Park",
                "category": "National park",
                "url": "http://np-brijuni.hr/",
                "img": "https://lh5.googleusercontent.com/p/AF1QipNReGaj2QGxgsCPx5XQMvE6C2d72qdDhBwYNCN7=w148-h148-n-k-no"
            },
            {
                "title": "Twin Gate",
                "category": "Historical landmark",
                "url": "https://www.pulainfo.hr/",
                "img": "https://lh5.googleusercontent.com/p/AF1QipMWts7pKHP2epw32ZLy0derERcaUEUo5litV0i1=w148-h148-n-k-no"
            },
            {
                "title": "Hawaii Beach",
                "category": "Public beach",
                "img": "https://lh5.googleusercontent.com/p/AF1QipOjQtl7s3DeKIUumuYchHbNkWTQ2u14iZfyRG0H=w148-h148-n-k-no"
            },
            {
                "title": "Gortan Cove",
                "category": "Public beach",
                "img": "https://lh5.googleusercontent.com/p/AF1QipO-4lhi7wGA09gkwWI23Qs52BraMIaSB7bX_KD2=w148-h148-n-k-no"
            },
            {
                "title": "Arena Verudela Beach Apartments",
                "category": "Flat Complex",
                "url": "https://www.arenahotels.com/de/resort/verudela-beach?utm_source=gmb&utm_medium=link_site_gmb&utm_campaign=verudela-beach",
                "img": "https://lh6.googleusercontent.com/proxy/RQT1Ydp8xGYwG9dzTqFJdyt9jptEpk-J7KECpUa8oQZryc4cLf4TiA_XpFdzsjERhE1wHvN8ce2mVIZpxDSCgt37R5HHA03fsF1MEWKY-7k1fMKLzpXmAJYqbnIUtiAqIKwWSYKa_tcF4zTowjquzitszdBg2O4=w148-h148-n-k-no"
            },
            {
                "title": "Church and monastery of St. Francis",
                "category": "Catholic church",
                "img": "https://lh5.googleusercontent.com/p/AF1QipO11CpwCOV0kHxNqxkuWsbr0M0F5SH_4FHs4REs=w148-h148-n-k-no"
            },
            {
                "title": "Forum Square",
                "category": "Historical landmark",
                "img": "https://lh5.googleusercontent.com/p/AF1QipNnzk7XuTKXxhYmrZFSFsAo2Klob3NtpRbD-PvD=w148-h148-n-k-no"
            }
        ],
        "Osijek": [
            {
                "title": "Portanova Osijek",
                "category": "Shopping Centre",
                "url": "http://www.portanova.hr/",
                "img": "https://lh5.googleusercontent.com/p/AF1QipO15r-SKjskkPqmIabtJe7mAWU6ou6F2aDz7KRv=w148-h148-n-k-no"
            },
            {
                "title": "Zoo Osijek",
                "category": "Zoo",
                "url": "http://www.zoo-osijek.hr/hr/",
                "img": "https://lh5.googleusercontent.com/p/AF1QipNiAVGmH1mbAfylqVRPJ2a8BPHtLz7MMFe6_OCo=w148-h148-n-k-no"
            },
            {
                "title": "Cathedral of St. Peter and St. Paul",
                "category": "Cathedral",
                "url": "http://www.svpetaripavao.hr/",
                "img": "https://lh5.googleusercontent.com/p/AF1QipOw6u2kOO1VLzrUhTSQc3dS_xzUmDSVNMEZZLF4=w148-h148-n-k-no"
            },
            {
                "title": "Pivnica Runda",
                "category": "Bar",
                "img": "https://lh5.googleusercontent.com/p/AF1QipOC_rn3Qp9_1B4MK-VKRPbwsvLoPFEz4lFK-Eie=w148-h148-n-k-no"
            },
            {
                "title": "Red fićo",
                "category": "Memorial park",
                "img": "https://lh5.googleusercontent.com/p/AF1QipN0OOj7xwZGr8elgzrYEPysz6LPhu652fI1YMaX=w148-h148-n-k-no"
            },
            {
                "title": "Archaeological Museum Osijek",
                "category": "Museum",
                "url": "http://amo.hr/",
                "img": "https://lh5.googleusercontent.com/p/AF1QipOv-c_nBgNPDLc6tBJAXn779aLFCjB1SBhi61MK=w148-h148-n-k-no"
            },
            {
                "title": "Croatian National Theatre in Osijek",
                "category": "Performing arts theatre",
                "url": "https://hnk-osijek.hr/",
                "img": "https://lh5.googleusercontent.com/p/AF1QipOG9K0v72Rt_cVV0Tzz4GYNeQSTLrjbxY5FOzyW=w148-h148-n-k-no"
            },
            {
                "title": "Stadion Gradski vrt",
                "category": "Stadium",
                "url": "http://www.nk-osijek.hr/",
                "img": "https://lh5.googleusercontent.com/p/AF1QipNjaJmMWVLLDrGLXCiEy6NbTQgumswAxG54Nxu6=w148-h148-n-k-no"
            },
            {
                "title": "Sakuntala park",
                "category": "Park and Garden",
                "img": "https://lh5.googleusercontent.com/p/AF1QipM1hFWkuFdV5rEO70K4WdeuM4cx7Mkj93MszfpO=w148-h148-n-k-no"
            },
            {
                "title": "Muzej likovnih umjetnosti Osijek",
                "category": "Art museum",
                "url": "https://www.mlu.hr/",
                "img": "https://lh5.googleusercontent.com/p/AF1QipOn8bqJcjWIza5w5zHHBaxcapxaMW-okq_I2N6D=w148-h148-n-k-no"
            },
            {
                "title": "Youth pedestrian bridge",
                "category": "Bridge",
                "img": "https://lh5.googleusercontent.com/p/AF1QipOnu-whAm5kY4OM-5FI5F9bGX1UEX7XN4D-jNpf=w148-h148-n-k-no"
            },
            {
                "title": "Votive monument of the Holy Trinity",
                "category": "Place of worship",
                "url": "http://www.aoot.hr/studije/kuznipil.pdf",
                "img": "https://lh5.googleusercontent.com/p/AF1QipMgLWym0UK7gTigpYiihlm764QEHOsCgd-Orrg3=w148-h148-n-k-no"
            },
            {
                "title": "Museum of Slavonia",
                "category": "National museum",
                "url": "https://mso.hr/",
                "img": "https://lh5.googleusercontent.com/p/AF1QipPgd2BhrYDRwcLaRBMVNlkzmJL4XzqWFP1FOnd1=w148-h148-n-k-no"
            },
            {
                "title": "monument Mačkamama",
                "category": "Memorial park",
                "img": "https://lh5.googleusercontent.com/p/AF1QipM5gObfBsy5GKgPEa8bqfiSfgGHgDglsuV2mnYT=w148-h148-n-k-no"
            },
            {
                "title": "Church of the Glorious Name of Mary",
                "category": "Catholic church",
                "url": "http://www.imemarijino.hr/",
                "img": "https://lh5.googleusercontent.com/p/AF1QipNqsuSWR1HJYhP3311_wUmF3rwrvqPsUad0lnft=w148-h148-n-k-no"
            },
            {
                "title": "Monument Pablo Picasso",
                "category": "Tourist attraction",
                "img": "https://lh5.googleusercontent.com/p/AF1QipPWri4pj2vuWoYi4USN3JviMMoXCA1KBu7pER3y=w148-h148-n-k-no"
            }
        ],
        "Zagreb": [
            {
                "title": "Park Maksimir",
                "category": "Park and Garden",
                "url": "https://www.park-maksimir.hr/",
                "img": "https://lh5.googleusercontent.com/p/AF1QipMVLeBzPLsHW_1o2RCFCIvlxwR-UsGLwHY-yw0X=w148-h148-n-k-no"
            },
            {
                "title": "Cathedral of Zagreb",
                "category": "Cathedral",
                "url": "http://www.glas-koncila.hr/index.php?option=com_content&view=article&id=95&Itemid=89",
                "img": "https://lh5.googleusercontent.com/p/AF1QipMmpxTxsMVKnLiW2DEZyuchLiF0bSF_ZoMwZ2w4=w148-h148-n-k-no"
            },
            {
                "title": "Museum of Broken Relationships",
                "category": "Museum",
                "url": "https://brokenships.com/hr",
                "img": "https://lh5.googleusercontent.com/p/AF1QipNi9vP9i-6fA1YonBwoHFlxx8dzMnPFl7xs7Vnj=w148-h148-n-k-no"
            },
            {
                "title": "Church of St. Mark",
                "category": "Basilica",
                "url": "https://zupa-svmarkaev.hr/",
                "img": "https://lh5.googleusercontent.com/p/AF1QipPuWAT9HQdSlvwVfB87JYOobXsOKVdRfs_wPYra=w148-h148-n-k-no"
            },
            {
                "title": "Botanical Garden of the Faculty of Science, University of Zagreb",
                "category": "Botanical garden",
                "url": "http://botanickivrt.biol.pmf.hr/",
                "img": "https://lh5.googleusercontent.com/p/AF1QipMyTWPMUFmmk2C02lN4w_wbi74Q07tdeD3GMGLu=w148-h148-n-k-no"
            },
            {
                "title": "Market Dolac",
                "category": "Market",
                "url": "https://www.trznice-zg.hr/default.aspx?id=298",
                "img": "https://lh5.googleusercontent.com/p/AF1QipO7rkWeicYdC7VmnrTcD4jKQhJGbxgHzP6jnENK=w148-h148-n-k-no"
            },
            {
                "title": "Museum of Contemporary Art",
                "category": "Modern art museum",
                "url": "http://www.msu.hr/",
                "img": "https://lh5.googleusercontent.com/p/AF1QipNLp7rDaVA-h0Ko2KbQ7AYuGXDZvtRJ4jfw9qge=w148-h148-n-k-no"
            },
            {
                "title": "Zagreb City Museum",
                "category": "Museum",
                "url": "http://mgz.hr/hr/",
                "img": "https://lh5.googleusercontent.com/p/AF1QipNDYzJF-plFVsyrPMtB5ppQ5t_VnPfQcP37Nswg=w148-h148-n-k-no"
            },
            {
                "title": "Stone Gate",
                "category": "Religious destination",
                "url": "https://zupa-svmarkaev.hr/home/kamenita-vrata/",
                "img": "https://lh5.googleusercontent.com/p/AF1QipMLgCwgzh-rcc01u4Vg53uctY7CK50EvUFDtvpS=w148-h148-n-k-no"
            },
            {
                "title": "Lotrščak Tower",
                "category": "Fortress",
                "url": "http://gkd.hr/kula-lotrscak/",
                "img": "https://lh5.googleusercontent.com/p/AF1QipN4Jtc24YgMH7b0L9CnuR722BT5iz8HwEBJdkgl=w148-h148-n-k-no"
            },
            {
                "title": "Art Pavilion in Zagreb",
                "category": "Art gallery",
                "url": "https://www.umjetnicki-paviljon.hr/",
                "img": "https://lh5.googleusercontent.com/proxy/FjWyJIsKsAtbLJAA6RUBrTfH_FKgNnoKGhm58nAfEhbSsNxg-gKTTN6loWIopOUsY6SnsZ7JjTdS0dVvWNnJm51HAdoCioKLlchR1TnlxUTnGnlpWt_xHelpufvt2wj99HWrRrCi7v_l_PbDOOCQT2PLM6tAXA=w148-h148-n-k-no"
            },
            {
                "title": "Museum of Hangovers",
                "category": "Museum",
                "url": "http://www.museumofhangovers.com/",
                "img": "https://lh5.googleusercontent.com/p/AF1QipNGxD7p-BNlozB03XiBGdLxvNqxcFUsGMegduMT=w148-h148-n-k-no"
            },
            {
                "title": "Mirogoj cemetery",
                "category": "Cemetery",
                "url": "http://www.gradskagroblja.hr/default.aspx?id=253",
                "img": "https://lh5.googleusercontent.com/p/AF1QipMh23R1x-ymA2k53iURfE2v0EPC5ThbGUIdZOpb=w148-h148-n-k-no"
            },
            {
                "title": "Museum of Illusions",
                "category": "Museum",
                "url": "https://muzejiluzija.com/",
                "img": "https://lh5.googleusercontent.com/p/AF1QipNeczjWq_MgN2fZf-roDZICWL1AJYPS_bQPUaej=w148-h148-n-k-no"
            },
            {
                "title": "Mimara Museum",
                "category": "Art museum",
                "url": "http://www.mimara.hr/",
                "img": "https://lh5.googleusercontent.com/p/AF1QipP2bynuxHxSA1epRza6aReEmZQd-gwUeiW_qFUW=w148-h148-n-k-no"
            },
            {
                "title": "Croatian National Theatre in Zagreb",
                "category": "Performing arts theatre",
                "url": "http://www.hnk.hr/",
                "img": "https://lh5.googleusercontent.com/p/AF1QipP2dGndsvEjMFgNbWbBLUZNPRpYaeoG2-ATAW8s=w148-h148-n-k-no"
            }
        ],
        "Split": [
            {
                "title": "Diocletian's Palace",
                "category": "Historical landmark",
                "img": "https://lh5.googleusercontent.com/p/AF1QipOSmqLbOSe8xRAmC0HawegA7uITAx7P3JceRM79=w148-h148-n-k-no"
            },
            {
                "title": "Forest Park Marjan",
                "category": "Park and Garden",
                "url": "http://www.marjan-parksuma.hr/",
                "img": "https://lh4.googleusercontent.com/proxy/sOZ_SRwTxhuH_D9CUAgxwsg-oyDQJn2l4huygDFz2xKTE4lKaM-zwIDY_xID-14XFsRPvFgtS3lDT_aUNRdD_m_jr99FWoTuW-PkiLcbAyJ_erJTwjWPQ1ZSCiNpZayVy--Xg22u4UIhsR4BfZHS1XZv8VFCsw=w148-h148-n-k-no"
            },
            {
                "title": "Saint Domnius Cathedral",
                "category": "Cathedral",
                "url": "https://smn.hr/split-katedrala",
                "img": "https://lh5.googleusercontent.com/p/AF1QipPfc8I8Pb8wyHl9_-eYI-P_s_TseUnw6g_U7FOM=w148-h148-n-k-no"
            },
            {
                "title": "Mestrovic Gallery",
                "category": "Art museum",
                "url": "http://www.mestrovic.hr/",
                "img": "https://lh5.googleusercontent.com/p/AF1QipPTpZ-9j-ppO8II2gLrGj6lXzHP3geHte2MTew7=w148-h148-n-k-no"
            },
            {
                "title": "Split Riva",
                "category": "Promenade",
                "img": "https://lh5.googleusercontent.com/p/AF1QipPLs2jXBw7NnoSKhg7d9zQA9j7VuLqcHs9TKrWH=w148-h148-n-k-no"
            },
            {
                "title": "Old Town Hall",
                "category": "Historical landmark",
                "img": "https://lh5.googleusercontent.com/p/AF1QipPI4J0Z06z7U9aPujiUWrw452JTMINJqOEc3xM3=w148-h148-n-k-no"
            },
            {
                "title": "Fortress Klis",
                "category": "Fortress",
                "url": "https://www.tvrdavaklis.com/",
                "img": "https://lh5.googleusercontent.com/p/AF1QipMhHZYeXVH6Vc2OSJSu3aRG6zXqvmzZv5FCmZIw=w148-h148-n-k-no"
            },
            {
                "title": "Kasjuni Beach",
                "category": "Beach",
                "img": "https://lh5.googleusercontent.com/p/AF1QipN3n00jA71Y8p6tSrAAAk6yy6X5kn98uDGZfkGp=w148-h148-n-k-no"
            },
            {
                "title": "Golden Gate",
                "category": "Historical landmark",
                "img": "https://lh6.googleusercontent.com/proxy/KckwNSaFMNj8lqF6MXh4Rn_ycweuNtYT-V9QSs23rdSkzU5DAypo16fkHYUPxdcgWQhmEkJEANdFShyA8_Gr4TbzFYY3JqAWNHAMKhVl57TzkTYwOZ_CxH-mXA2A15vwkyibf3tC7TS6WXPlN28ukTD2-yA9IJM=w148-h148-n-k-no"
            },
            {
                "title": "Plitvice Lakes National Park",
                "category": "National park",
                "url": "http://www.np-plitvicka-jezera.hr/",
                "img": "https://lh5.googleusercontent.com/p/AF1QipP4H0LhiHwYJoUaYeKxatz4LJgAx6-VqNvt6s-w=w148-h148-n-k-no"
            },
            {
                "title": "Jaman Art Center",
                "category": "Museum",
                "url": "http://www.jaman-art.com/",
                "img": "https://lh5.googleusercontent.com/p/AF1QipNLWUPlIhEnsxK9A3h93hYL-QStDClmy8FnjRWU=w148-h148-n-k-no"
            },
            {
                "title": "Poljud Stadium",
                "category": "Stadium",
                "url": "http://hajduk.hr/klub/stadion",
                "img": "https://lh5.googleusercontent.com/p/AF1QipNNxgSpfGVYhaWuiEevB7PHnDV2AnZIEue3nJ5D=w148-h148-n-k-no"
            },
            {
                "title": "Vestibul",
                "category": "Historical landmark",
                "url": "https://visitsplit.com/en/525/vestibule",
                "img": "https://lh5.googleusercontent.com/p/AF1QipPo-sSBMrMQrmS_9f4iwt_BnleZFuAETPhe2-Ec=w148-h148-n-k-no"
            },
            {
                "title": "Zinfandel Food & Wine bar",
                "category": "Restaurant",
                "url": "http://www.zinfandelfoodandwinebar.com/",
                "img": "https://lh5.googleusercontent.com/p/AF1QipNy6tUUVI50EupPPF8y6to1MiRJvFLjG5NlYEH6=w148-h148-n-k-no"
            },
            {
                "title": "Game of Thrones Museum",
                "category": "Museum",
                "url": "https://forms.gle/ZDrwvekjSxCxai6V6",
                "img": "https://lh5.googleusercontent.com/p/AF1QipO3aJj8MOvtvTNByP1htW6r42u1L_uZf8pJ6PbH=w148-h148-n-k-no"
            },
            {
                "title": "Silver Gate",
                "category": "Historical landmark",
                "url": "https://visitsplit.com/en/522/the-silver-gate",
                "img": "https://lh5.googleusercontent.com/p/AF1QipPnS9QoR3xAfYztVYBQfNldudOzgIW1oMiauESM=w148-h148-n-k-no"
            }
        ],
        "Zadar": [
            {
                "title": "Sea Organ",
                "category": "Tourist attraction",
                "img": "https://lh5.googleusercontent.com/p/AF1QipP4N8lZ6lVlXw8yNkO48H-GyOWeWMK66n48h14O=w148-h148-n-k-no"
            },
            {
                "title": "Church of St. Donatus",
                "category": "Catholic church",
                "img": "https://lh5.googleusercontent.com/p/AF1QipMs3jTrrJDbLdNo95EJrZlkoRoUcw_kllG-RXi2=w148-h148-n-k-no"
            },
            {
                "title": "Roman Forum",
                "category": "Historical landmark",
                "img": "https://lh5.googleusercontent.com/p/AF1QipOtCBbtS81ditEMTIc03TR3fIGn_jJeLmnQV5QW=w148-h148-n-k-no"
            },
            {
                "title": "The Greeting to the Sun",
                "category": "Tourist attraction",
                "img": "https://lh5.googleusercontent.com/p/AF1QipMknh1jMNd8uk1-3fuXL3FqULXUI6TcsFhKJqx6=w148-h148-n-k-no"
            },
            {
                "title": "Narodni trg",
                "category": "Historical landmark",
                "img": "https://lh5.googleusercontent.com/p/AF1QipN_u2D7ImSA9HSSzmIkE_Jg2bqofAtWA_bKtIn_=w148-h148-n-k-no"
            },
            {
                "title": "Cathedral of St. Anastasia",
                "category": "Catholic cathedral",
                "img": "https://lh5.googleusercontent.com/p/AF1QipN7zwq3Tg_ufM4EBuEvKRvitYIl20XRE2S3vTI-=w148-h148-n-k-no"
            },
            {
                "title": "The Five Wells Square",
                "category": "Historical landmark",
                "img": "https://lh5.googleusercontent.com/p/AF1QipPzYPPQJPaHvWVe5zkatPE7g2AoxTS3hhTsu1mC=w148-h148-n-k-no"
            },
            {
                "title": "Kolovare Beach",
                "category": "Public beach",
                "img": "https://lh5.googleusercontent.com/p/AF1QipMJJFVZESr2ZgT6t2Y2RJm2xeemya4qlLw-o-Nt=w148-h148-n-k-no"
            },
            {
                "title": "Degarra Winery",
                "category": "Winery",
                "img": "https://lh5.googleusercontent.com/p/AF1QipOE_CND33S4k-4Sb1smQTdgb--CMJsacXIpzQ4P=w148-h148-n-k-no"
            },
            {
                "title": "Archaeological Museum Zadar",
                "category": "Archaeological museum",
                "img": "https://lh5.googleusercontent.com/p/AF1QipOjo2YVZj_oWhKOA0Fic1ZT3q140i9KYGfrvBB0=w148-h148-n-k-no"
            },
            {
                "title": "Museum of Ancient Glass",
                "category": "Museum",
                "img": "https://lh5.googleusercontent.com/p/AF1QipOQAQLJMZ1QAFaAIbXXw20eE2BL7CPj2vfRx5LZ=w148-h148-n-k-no"
            },
            {
                "title": "Plitvice Lakes National Park",
                "category": "National park",
                "img": "https://lh5.googleusercontent.com/p/AF1QipP4H0LhiHwYJoUaYeKxatz4LJgAx6-VqNvt6s-w=w148-h148-n-k-no"
            },
            {
                "title": "Market Zadar",
                "category": "Market",
                "img": "https://lh5.googleusercontent.com/p/AF1QipPfTXUafWSvyrdjbzL_wt4Q5NJSeT5nX-a8MBZ4=w148-h148-n-k-no"
            },
            {
                "title": "Duke's palace",
                "category": "Museum",
                "img": "https://lh5.googleusercontent.com/p/AF1QipPUo_tVF_MzCTJXOKVevxhv8z28EiGpuhdF4pWS=w148-h148-n-k-no"
            },
            {
                "title": "Benedictine Monastery of St. Maria",
                "category": "Monastery",
                "img": "https://lh5.googleusercontent.com/p/AF1QipPuCKJBl1AWBQGCWNz86AgJr7BcFrWZ7USbbIqF=w148-h148-n-k-no"
            },
            {
                "title": "Queen Jelena Madijevka Park",
                "category": "Park and Garden",
                "img": "https://lh5.googleusercontent.com/p/AF1QipNLeFTT1i_Oslg7oiBcUMS1jkDdvQUqiP2idIc_=w148-h148-n-k-no"
            }
        ],
        "Rijeka": [
            {
                "title": "Trsat Castle",
                "category": "Heritage Building",
                "url": "http://www.visitrijeka.hr/",
                "img": "https://lh5.googleusercontent.com/p/AF1QipNT9nShpDfSjCox6kmxw6cfyqFsSy4npMeYBr_Z=w148-h148-n-k-no"
            },
            {
                "title": "Church of Mary of God of Trsat",
                "category": "Catholic church",
                "url": "http://www.trsat-svetiste.com.hr/",
                "img": "https://lh5.googleusercontent.com/p/AF1QipOJU5q0qXLPlnNp02zr6kRzox4OfPA-uWBt6tI7=w148-h148-n-k-no"
            },
            {
                "title": "Cathedral of St. Vitus",
                "category": "Catholic cathedral",
                "url": "https://visitrijeka.hr/",
                "img": "https://lh5.googleusercontent.com/p/AF1QipMtOGsLHs9XTFtjHgmL3oEViPItdjCX_juE8t0h=w148-h148-n-k-no"
            },
            {
                "title": "PEEK&POKE Computer Museum",
                "category": "Technology museum",
                "url": "http://www.peekpoke.hr/",
                "img": "https://lh5.googleusercontent.com/p/AF1QipNVqMbBm9NC5v703UpEwPa7wEG79svPzqRrFFfo=w148-h148-n-k-no"
            },
            {
                "title": "City Clock Tower",
                "category": "Historical landmark",
                "url": "http://www.visitrijeka.hr/Sto_vidjeti/Spomenici/Gradski_toranj",
                "img": "https://lh5.googleusercontent.com/p/AF1QipPYGsQKftIWi5Qxi_vS8Ry-XMuZaBIdR0VIJzYh=w148-h148-n-k-no"
            },
            {
                "title": "Maritime and History Museum of the Croatian Coast",
                "category": "History museum",
                "url": "https://ppmhp.hr/",
                "img": "https://lh5.googleusercontent.com/p/AF1QipM2OW21bi6ekI5u0MqdnF8wNFRub-98PuPysBYP=w148-h148-n-k-no"
            },
            {
                "title": "Sablićevo Beach",
                "category": "Beach",
                "url": "http://www.beachrex.com/en/beach/beach-sablicevo",
                "img": "https://lh5.googleusercontent.com/p/AF1QipMeWcWuZdlYqIZkm4yYvnMh3Yp-M6EcvbzSX4FC=w148-h148-n-k-no"
            },
            {
                "title": "Central Market",
                "category": "Fresh food market",
                "url": "https://www.rijeka-plus.hr/",
                "img": "https://lh5.googleusercontent.com/p/AF1QipOhEt3EJ2lXaAL28UrXb5pYqj66JqXK-PR55vps=w148-h148-n-k-no"
            },
            {
                "title": "Ivan Zajc Croatian National Theatre",
                "category": "Performing arts theatre",
                "url": "http://www.hnk-zajc.hr/",
                "img": "https://lh5.googleusercontent.com/p/AF1QipOSpyDSIds613x1q94GKhqtR12UB0Z6R9JQwzs_=w148-h148-n-k-no"
            },
            {
                "title": "Petar Kružić Stairway",
                "category": "Historical landmark",
                "img": "https://lh5.googleusercontent.com/p/AF1QipMuQD95I1xOJD5Pcdw3EXnJpME9dA0Ndk0Ayd24=w148-h148-n-k-no"
            },
            {
                "title": "Church of Our Lady of Lourdes",
                "category": "Catholic church",
                "url": "http://glurdska-kapucini.blogspot.hr/",
                "img": "https://lh5.googleusercontent.com/p/AF1QipNW8g_jA8sOOO_kxVXKb3ZGKhiDcfiuaHV2Nnd-=w148-h148-n-k-no"
            },
            {
                "title": "Islamic Center of Rijeka",
                "category": "Mosque",
                "url": "http://www.medzlis-rijeka.hr/",
                "img": "https://lh5.googleusercontent.com/p/AF1QipMocjj3Gebu34_BC4V-3pemF7Yctrm2RXcPKnDk=w148-h148-n-k-no"
            },
            {
                "title": "Korzo",
                "category": "Notable street",
                "img": "https://lh5.googleusercontent.com/p/AF1QipNYn55JSg6QUW0oMHs-L715m9Aq45JWyjVzEq10=w148-h148-n-k-no"
            },
            {
                "title": "Pub \"Bačva\"",
                "category": "Bar",
                "img": "https://lh5.googleusercontent.com/p/AF1QipMMPKppXLWt49ahh5WsPbKGMZjRG25PA1R-LsVp=w148-h148-n-k-no"
            },
            {
                "title": "Rijeka City Museum - Sugar Refinery Palace",
                "category": "Museum",
                "url": "http://www.muzej-rijeka.hr/",
                "img": "https://lh5.googleusercontent.com/p/AF1QipMCYbHjCasNBycV8WjVWQ9HfLArMP5fY9hS565v=w148-h148-n-k-no"
            },
            {
                "title": "Pajol bar Pecine",
                "category": "Bar",
                "img": "https://lh5.googleusercontent.com/p/AF1QipOHfssPOJExs95aq0M_GBsf_xpS1CyggbwAo8c6=w148-h148-n-k-no"
            }
        ]
    },
    "sights": [
        {
            "title": "Plitvice Lakes National Park",
            "category": "National park",
            "url": "http://www.np-plitvicka-jezera.hr/",
            "img": "https://lh5.googleusercontent.com/p/AF1QipP4H0LhiHwYJoUaYeKxatz4LJgAx6-VqNvt6s-w=w148-h148-n-k-no"
        },
        {
            "title": "Krka National Park",
            "category": "National park",
            "url": "https://www.npkrka.hr/hr/",
            "img": "https://lh5.googleusercontent.com/p/AF1QipMpriWvo39BC2ttHLbRMOl6Y8VLn6rcDfi2pILP=w148-h148-n-k-no"
        },
        {
            "title": "Diocletian's Palace",
            "category": "Historical landmark",
            "img": "https://lh5.googleusercontent.com/p/AF1QipOSmqLbOSe8xRAmC0HawegA7uITAx7P3JceRM79=w148-h148-n-k-no"
        },
        {
            "title": "Golden Horn Beach",
            "category": "Public beach",
            "url": "https://www.zlatniratbol.com/en/",
            "img": "https://lh5.googleusercontent.com/proxy/bd0jiwgF0al76_COQaCPxn4tkzeHN5FeoesM_d1LcVhQPrA4TiZh9YxLimQnRrJXMxWALwisIBjnjVPP0sw_S9sdt_ccWPZHk-wc-QHxH0fqtcriOADhb71ZsXl3ylLaTsk_zTWod6Dz4PhRAyStaXL1QKJQL6Q=w148-h148-n-k-no"
        },
        {
            "title": "Museum of Broken Relationships",
            "category": "Museum",
            "url": "https://brokenships.com/hr",
            "img": "https://lh5.googleusercontent.com/p/AF1QipNi9vP9i-6fA1YonBwoHFlxx8dzMnPFl7xs7Vnj=w148-h148-n-k-no"
        },
        {
            "title": "Sea Organ",
            "category": "Tourist attraction",
            "url": "https://zadar.travel/attractions/attractions/morske-orgulje",
            "img": "https://lh5.googleusercontent.com/p/AF1QipP4N8lZ6lVlXw8yNkO48H-GyOWeWMK66n48h14O=w148-h148-n-k-no"
        },
        {
            "title": "Saint Domnius Cathedral",
            "category": "Cathedral",
            "url": "https://smn.hr/split-katedrala",
            "img": "https://lh5.googleusercontent.com/p/AF1QipPfc8I8Pb8wyHl9_-eYI-P_s_TseUnw6g_U7FOM=w148-h148-n-k-no"
        },
        {
            "title": "National Park Kornati",
            "category": "National park",
            "url": "http://www.np-kornati.hr/index.php?lang=hr",
            "img": "https://lh5.googleusercontent.com/p/AF1QipOfx_-fQ69fcGl9ghrWvfudVbD8c_t3b99t98w8=w148-h148-n-k-no"
        },
        {
            "title": "Euphrasian Basilica",
            "category": "Basilica",
            "url": "http://www.zupaporec.com/eufrazijeva-bazilika.html",
            "img": "https://lh6.googleusercontent.com/proxy/kJ0k8_ZV9yYs0J0PYPqKE77DjdjQ9qhyCl6SNQbd_i_QsP1gufbwD4zvZm_DJDCDtC2o1tA_HXAprB3UCQn_BzwrFQOilJPUlHkLk3SqSnfTdTB0Hzhk8GR3KQnE6nY2IIX25O5T1zv47a3n9r89o_aiZOWX_Dg=w148-h148-n-k-no"
        },
        {
            "title": "Pula Arena",
            "category": "Amphitheatre",
            "url": "http://www.ami-pula.hr/hr/dislocirane-zbirke/amfiteatar/amfiteatar/",
            "img": "https://lh5.googleusercontent.com/p/AF1QipPlZOsR0Bqj-lN-H_fUsuIFc7w4LZaGBHyn9iFM=w148-h148-n-k-no"
        },
        {
            "title": "Trsat Castle",
            "category": "Heritage Building",
            "url": "http://www.visitrijeka.hr/",
            "img": "https://lh5.googleusercontent.com/p/AF1QipNT9nShpDfSjCox6kmxw6cfyqFsSy4npMeYBr_Z=w148-h148-n-k-no"
        },
        {
            "title": "Šibenik",
            "category": "Locality",
            "img": "https://lh5.googleusercontent.com/p/AF1QipNOErXljwnvpZMWVh1Lkz53bo2Uh3qCpTG_xn3C=w148-h148-n-k-no"
        },
        {
            "title": "Hvar",
            "category": "Locality",
            "img": "https://lh5.googleusercontent.com/p/AF1QipMnODwxAjnWNUg5GwmSYQX-ajZSYNxdGbNaBZ1T=w148-h148-n-k-no"
        },
        {
            "title": "Church of St. Euphemia",
            "category": "Catholic church",
            "url": "http://www.zuparovinj.hr/",
            "img": "https://lh5.googleusercontent.com/p/AF1QipNIPu71ohndalRYDf5ONZSzmZjYQJdZjstrJow8=w148-h148-n-k-no"
        },
        {
            "title": "Rovinj",
            "category": "Locality",
            "img": "https://lh5.googleusercontent.com/p/AF1QipOWDhNLBqFOI-mY4jdZw1wvD_No7kwmPdpNfiGH=w148-h148-n-k-no"
        },
        {
            "title": "Pula",
            "category": "Locality",
            "img": "https://lh5.googleusercontent.com/p/AF1QipMG_B5IsyT7P1_1Y5tK7j4wTfENpHoVJjUbZ1R4=w148-h148-n-k-no"
        }
    ]
}