{
    "cities": {
        "Miragoâne": [],
        "Croix-des-Bouquets": [
            {
                "title": "Pic la Selle",
                "category": "Mountain peak",
                "img": "https://lh5.googleusercontent.com/p/AF1QipN4eNnvbjE9hNbuHYmneSt68Yb23FCaZFldTG8F=w148-h148-n-k-no"
            },
            {
                "title": "Port-au-Prince",
                "category": "Locality",
                "img": "https://lh5.googleusercontent.com/p/AF1QipMzmMfC33wp_xZD6kzOskIAPn8JOLpdJgo-GGKC=w148-h148-n-k-no"
            },
            {
                "title": "Juvenat",
                "category": "Neighborhood",
                "img": "https://lh5.googleusercontent.com/p/AF1QipNhEgJPd2WGwLoGsfYA2zK-vLKmWK72d-sUqKiI=w148-h148-n-k-no"
            },
            {
                "title": "Square Of The Unknown Marron",
                "category": "Historical landmark",
                "img": "https://lh5.googleusercontent.com/p/AF1QipN7_UZqD8rAeEUhpfHi_wwp8gBRZQiMLt78wEmP=w148-h148-n-k-no"
            },
            {
                "title": "The National Pantheon Museum",
                "category": "Heritage museum",
                "img": "https://lh5.googleusercontent.com/p/AF1QipPxNLL_isY2oYHBA2MHxtZInywAYEdOtmAxk3wd=w148-h148-n-k-no"
            },
            {
                "title": "Martissant",
                "category": "Neighborhood",
                "img": "https://lh5.googleusercontent.com/p/AF1QipOMnqHezWFZYKdnac0xmuBLAkbZUJGlnpju6X5c=w148-h148-n-k-no"
            },
            {
                "title": "El-Saieh Gallery",
                "category": "Art gallery",
                "url": "http://elsaieh.com/",
                "img": "https://lh5.googleusercontent.com/p/AF1QipPJWJBLp0Nm53DxqPGeZaUyud7e-klTzaKFyI0U=w148-h148-n-k-no"
            },
            {
                "title": "Sainte Anne Church",
                "category": "Catholic church",
                "img": "https://lh5.googleusercontent.com/p/AF1QipPgTlv6lCH-uhitDqvUjLvs3RfW7P1a6Wno6AgR=w148-h148-n-k-no"
            },
            {
                "title": "Iron Market",
                "category": "Compound grounds",
                "img": "https://lh5.googleusercontent.com/p/AF1QipM2WWfx1G3K635Yp5qHgHnSrcB9mD-hIeyqs8NJ=w148-h148-n-k-no"
            }
        ],
        "Thomazeau": [
            {
                "title": "National Palace",
                "category": "Government office",
                "img": "https://lh5.googleusercontent.com/p/AF1QipPAqPoNP1klGIzDL93pA7bBN3-R5ZHG9o3rZLyW=w148-h148-n-k-no"
            },
            {
                "title": "Port-au-Prince",
                "category": "Locality",
                "img": "https://lh5.googleusercontent.com/p/AF1QipMzmMfC33wp_xZD6kzOskIAPn8JOLpdJgo-GGKC=w148-h148-n-k-no"
            },
            {
                "title": "Amiga Island Excursion",
                "category": "Resort hotel",
                "img": "https://lh5.googleusercontent.com/p/AF1QipO58vwMQEqaZIPV3hx9om02M7BVit8ufjFa2IbG=w148-h148-n-k-no"
            },
            {
                "title": "Delmas",
                "category": "Neighborhood",
                "img": "https://lh5.googleusercontent.com/p/AF1QipMSrKtKpybxY48oFAv5gzRXouPNHOw5d5iWxa09=w148-h148-n-k-no"
            },
            {
                "title": "Sans Souci Palace",
                "category": "Tourist attraction",
                "img": "https://lh5.googleusercontent.com/p/AF1QipPmYRWOyLhEXFZF81laYpnizLU1hDuUuKAMnCHf=w148-h148-n-k-no"
            },
            {
                "title": "Martissant",
                "category": "Neighborhood",
                "img": "https://lh5.googleusercontent.com/p/AF1QipOMnqHezWFZYKdnac0xmuBLAkbZUJGlnpju6X5c=w148-h148-n-k-no"
            },
            {
                "title": "Place Boyer",
                "category": "Park and Garden",
                "img": "https://lh5.googleusercontent.com/p/AF1QipMdN8RXquQEUtv1naL1H62_TqJDYOYP0tJJpjfT=w148-h148-n-k-no"
            },
            {
                "title": "Carrefour Sports Center",
                "category": "Sports complex",
                "img": "https://lh5.googleusercontent.com/p/AF1QipNrWGPogeLrqxL7A1KlpF04SziM0Pyp-nkVwJx1=w148-h148-n-k-no"
            },
            {
                "title": "Place Saint-Pierre",
                "category": "Park and Garden",
                "url": "https://visithaiti.com/things-to-do/place-saint-pierre/",
                "img": "https://lh5.googleusercontent.com/p/AF1QipPnfg5X3bS-j5yFrEvbuGQ54uoEguPwiUIjL0RC=w148-h148-n-k-no"
            },
            {
                "title": "Fort Jacques et Fort Alexandre",
                "category": "Fortress",
                "url": "https://visithaiti.com/things-to-do/fort-jacques/",
                "img": "https://lh5.googleusercontent.com/p/AF1QipOS5Bvau8rUEN0iypdpHoYkR-91AcRmtko-Wpf6=w148-h148-n-k-no"
            },
            {
                "title": "Bassin-Bleu",
                "category": "Locality",
                "img": "https://lh5.googleusercontent.com/p/AF1QipPaOfr3x3KFRE7RIYNWLbOd0OCwnQK4mCkomNfN=w148-h148-n-k-no"
            },
            {
                "title": "Iron Market",
                "category": "Compound grounds",
                "img": "https://lh5.googleusercontent.com/p/AF1QipM2WWfx1G3K635Yp5qHgHnSrcB9mD-hIeyqs8NJ=w148-h148-n-k-no"
            },
            {
                "title": "El-Saieh Gallery",
                "category": "Art gallery",
                "url": "http://elsaieh.com/",
                "img": "https://lh5.googleusercontent.com/p/AF1QipPJWJBLp0Nm53DxqPGeZaUyud7e-klTzaKFyI0U=w148-h148-n-k-no"
            },
            {
                "title": "Sainte Anne Church",
                "category": "Catholic church",
                "img": "https://lh5.googleusercontent.com/p/AF1QipPgTlv6lCH-uhitDqvUjLvs3RfW7P1a6Wno6AgR=w148-h148-n-k-no"
            },
            {
                "title": "Bassin Bleu",
                "category": "Tourist attraction",
                "img": "https://lh5.googleusercontent.com/p/AF1QipMfKHf8LshQS2sEZN-iH8PaiNJcP8Agj1u_DJMZ=w148-h148-n-k-no"
            },
            {
                "title": "Notre-Dame of Cap-Haitian Cathedral",
                "category": "Catholic cathedral",
                "img": "https://lh5.googleusercontent.com/p/AF1QipP-FVVnp9KNNm3YxiWYMpe3ql-E60WFG-KBwD3G=w148-h148-n-k-no"
            }
        ],
        "Port-de-Paix": [
            {
                "title": "One Love Disco",
                "category": "Night Club",
                "img": "https://lh5.googleusercontent.com/p/AF1QipPtHZpxs13Az5Oq5aQkkRlO_j91x6EfEH7EPdjf=w148-h148-n-k-no"
            },
            {
                "title": "Détente Parc Nature",
                "category": "Amusement Centre",
                "img": "https://lh5.googleusercontent.com/p/AF1QipMnkBDZGQgDKmHfbdm3RtaAIwHof4iNFzdGkm0X=w148-h148-n-k-no"
            },
            {
                "title": "Haut Palmiste",
                "category": "Tourist attraction",
                "img": "https://lh5.googleusercontent.com/p/AF1QipOlU2JkTXKHBw7_gM-k7y5Keez_1LROyd0hFz9D=w148-h148-n-k-no"
            },
            {
                "title": "Jubilee Voodoo Monument",
                "category": "Monument",
                "img": "https://lh5.googleusercontent.com/p/AF1QipNGGjBQMCgGP3uJg5BRyNdI0TxZF7hL8pjB7Nf3=w148-h148-n-k-no"
            },
            {
                "title": "Iron Market",
                "category": "Compound grounds",
                "img": "https://lh5.googleusercontent.com/p/AF1QipM2WWfx1G3K635Yp5qHgHnSrcB9mD-hIeyqs8NJ=w148-h148-n-k-no"
            },
            {
                "title": "Martissant",
                "category": "Neighborhood",
                "img": "https://lh5.googleusercontent.com/p/AF1QipOMnqHezWFZYKdnac0xmuBLAkbZUJGlnpju6X5c=w148-h148-n-k-no"
            },
            {
                "title": "Fort Jacques et Fort Alexandre",
                "category": "Fortress",
                "url": "https://visithaiti.com/things-to-do/fort-jacques/",
                "img": "https://lh5.googleusercontent.com/p/AF1QipOS5Bvau8rUEN0iypdpHoYkR-91AcRmtko-Wpf6=w148-h148-n-k-no"
            },
            {
                "title": "El-Saieh Gallery",
                "category": "Art gallery",
                "url": "http://elsaieh.com/",
                "img": "https://lh5.googleusercontent.com/p/AF1QipPJWJBLp0Nm53DxqPGeZaUyud7e-klTzaKFyI0U=w148-h148-n-k-no"
            },
            {
                "title": "Sainte Anne Church",
                "category": "Catholic church",
                "img": "https://lh5.googleusercontent.com/p/AF1QipPgTlv6lCH-uhitDqvUjLvs3RfW7P1a6Wno6AgR=w148-h148-n-k-no"
            },
            {
                "title": "Labadie",
                "category": "Locality",
                "img": "https://lh5.googleusercontent.com/p/AF1QipODX_AotDDJKDnkxxT9Tno9We3y_RIRhzXYhM44=w148-h148-n-k-no"
            },
            {
                "title": "Laferriere Citadel",
                "category": "Historical place",
                "url": "http://www.citadellelaferriere.com/",
                "img": "https://lh5.googleusercontent.com/p/AF1QipMBEcvlyCWFse_7IAAfiS1kReXluS01R8xujwou=w148-h148-n-k-no"
            },
            {
                "title": "The National Pantheon Museum",
                "category": "Heritage museum",
                "img": "https://lh5.googleusercontent.com/p/AF1QipPxNLL_isY2oYHBA2MHxtZInywAYEdOtmAxk3wd=w148-h148-n-k-no"
            }
        ],
        "Jacmel": [],
        "Saint-Marc": [],
        "Saint-Michel de l'Atalaye": [
            {
                "title": "Bassin-Bleu",
                "category": "Locality",
                "img": "https://lh5.googleusercontent.com/p/AF1QipPaOfr3x3KFRE7RIYNWLbOd0OCwnQK4mCkomNfN=w148-h148-n-k-no"
            },
            {
                "title": "Port-au-Prince",
                "category": "Locality",
                "img": "https://lh5.googleusercontent.com/p/AF1QipMzmMfC33wp_xZD6kzOskIAPn8JOLpdJgo-GGKC=w148-h148-n-k-no"
            },
            {
                "title": "Martissant",
                "category": "Neighborhood",
                "img": "https://lh5.googleusercontent.com/p/AF1QipOMnqHezWFZYKdnac0xmuBLAkbZUJGlnpju6X5c=w148-h148-n-k-no"
            },
            {
                "title": "El-Saieh Gallery",
                "category": "Art gallery",
                "url": "http://elsaieh.com/",
                "img": "https://lh5.googleusercontent.com/p/AF1QipPJWJBLp0Nm53DxqPGeZaUyud7e-klTzaKFyI0U=w148-h148-n-k-no"
            },
            {
                "title": "Sainte Anne Church",
                "category": "Catholic church",
                "img": "https://lh5.googleusercontent.com/p/AF1QipPgTlv6lCH-uhitDqvUjLvs3RfW7P1a6Wno6AgR=w148-h148-n-k-no"
            },
            {
                "title": "Heroes Monument of Vertières",
                "category": "Memorial park",
                "img": "https://lh5.googleusercontent.com/p/AF1QipP-bRO58OabQDED5KFMVvqnzUJ17ki5qU2NX0OB=w148-h148-n-k-no"
            },
            {
                "title": "Sans Souci Palace",
                "category": "Tourist attraction",
                "img": "https://lh5.googleusercontent.com/p/AF1QipPmYRWOyLhEXFZF81laYpnizLU1hDuUuKAMnCHf=w148-h148-n-k-no"
            },
            {
                "title": "Bassin Bleu",
                "category": "Tourist attraction",
                "img": "https://lh5.googleusercontent.com/p/AF1QipMfKHf8LshQS2sEZN-iH8PaiNJcP8Agj1u_DJMZ=w148-h148-n-k-no"
            },
            {
                "title": "Place Bouteille",
                "category": "Amusement Centre",
                "img": "https://lh5.googleusercontent.com/p/AF1QipOzpcQEu71QA7alKF6oaIjRul6MRXYrclOtCSOW=w148-h148-n-k-no"
            },
            {
                "title": "Kokoye Beach",
                "category": "Tourist attraction",
                "url": "http://www.facebook.com/Kokoyebeachtigwav",
                "img": "https://lh5.googleusercontent.com/p/AF1QipNpoE5E3aICnF_M4-nu-5YF0DK65CbyftUiJ5OK=w148-h148-n-k-no"
            },
            {
                "title": "Iron Market",
                "category": "Compound grounds",
                "img": "https://lh5.googleusercontent.com/p/AF1QipM2WWfx1G3K635Yp5qHgHnSrcB9mD-hIeyqs8NJ=w148-h148-n-k-no"
            },
            {
                "title": "The National Pantheon Museum",
                "category": "Heritage museum",
                "img": "https://lh5.googleusercontent.com/p/AF1QipPxNLL_isY2oYHBA2MHxtZInywAYEdOtmAxk3wd=w148-h148-n-k-no"
            },
            {
                "title": "Notre-Dame of Cap-Haitian Cathedral",
                "category": "Catholic cathedral",
                "img": "https://lh5.googleusercontent.com/p/AF1QipP-FVVnp9KNNm3YxiWYMpe3ql-E60WFG-KBwD3G=w148-h148-n-k-no"
            },
            {
                "title": "Fort Jacques et Fort Alexandre",
                "category": "Fortress",
                "url": "https://visithaiti.com/things-to-do/fort-jacques/",
                "img": "https://lh5.googleusercontent.com/p/AF1QipOS5Bvau8rUEN0iypdpHoYkR-91AcRmtko-Wpf6=w148-h148-n-k-no"
            },
            {
                "title": "Labadie",
                "category": "Locality",
                "img": "https://lh5.googleusercontent.com/p/AF1QipODX_AotDDJKDnkxxT9Tno9We3y_RIRhzXYhM44=w148-h148-n-k-no"
            },
            {
                "title": "Laferriere Citadel",
                "category": "Historical place",
                "url": "http://www.citadellelaferriere.com/",
                "img": "https://lh5.googleusercontent.com/p/AF1QipMBEcvlyCWFse_7IAAfiS1kReXluS01R8xujwou=w148-h148-n-k-no"
            }
        ],
        "Port-au-Prince": [
            {
                "title": "The National Pantheon Museum",
                "category": "Heritage museum",
                "img": "https://lh5.googleusercontent.com/p/AF1QipPxNLL_isY2oYHBA2MHxtZInywAYEdOtmAxk3wd=w148-h148-n-k-no"
            },
            {
                "title": "Martissant",
                "category": "Neighborhood",
                "img": "https://lh5.googleusercontent.com/p/AF1QipOMnqHezWFZYKdnac0xmuBLAkbZUJGlnpju6X5c=w148-h148-n-k-no"
            },
            {
                "title": "Juvenat",
                "category": "Neighborhood",
                "img": "https://lh5.googleusercontent.com/p/AF1QipNhEgJPd2WGwLoGsfYA2zK-vLKmWK72d-sUqKiI=w148-h148-n-k-no"
            },
            {
                "title": "Iron Market",
                "category": "Compound grounds",
                "img": "https://lh5.googleusercontent.com/p/AF1QipM2WWfx1G3K635Yp5qHgHnSrcB9mD-hIeyqs8NJ=w148-h148-n-k-no"
            },
            {
                "title": "El-Saieh Gallery",
                "category": "Art gallery",
                "url": "http://elsaieh.com/",
                "img": "https://lh5.googleusercontent.com/p/AF1QipPJWJBLp0Nm53DxqPGeZaUyud7e-klTzaKFyI0U=w148-h148-n-k-no"
            },
            {
                "title": "Maison Dufort",
                "category": "Museum",
                "url": "https://visithaiti.com/art-culture/maison-dufort-haitian-architecture/",
                "img": "https://lh5.googleusercontent.com/p/AF1QipNlQI7cJ0_lQ5gu6-jGnju_SWSMkfd7nXTS7mgL=w148-h148-n-k-no"
            },
            {
                "title": "Petion-Ville",
                "category": "Locality",
                "img": "https://lh5.googleusercontent.com/p/AF1QipP5ENmpyTulwYhnNaLFIZgzA5hO7K1EGIChBqhY=w148-h148-n-k-no"
            },
            {
                "title": "Sainte Anne Church",
                "category": "Catholic church",
                "img": "https://lh5.googleusercontent.com/p/AF1QipPgTlv6lCH-uhitDqvUjLvs3RfW7P1a6Wno6AgR=w148-h148-n-k-no"
            },
            {
                "title": "Laferriere Citadel",
                "category": "Historical place",
                "url": "http://www.citadellelaferriere.com/",
                "img": "https://lh5.googleusercontent.com/p/AF1QipMBEcvlyCWFse_7IAAfiS1kReXluS01R8xujwou=w148-h148-n-k-no"
            },
            {
                "title": "In Martissant Park",
                "category": "Amusement Centre",
                "img": "https://lh5.googleusercontent.com/p/AF1QipN6BCtyAfchKHk0-cZUNpqIsBLLl2ElwFAW48pl=w148-h148-n-k-no"
            },
            {
                "title": "National Palace",
                "category": "Government office",
                "img": "https://lh5.googleusercontent.com/p/AF1QipPAqPoNP1klGIzDL93pA7bBN3-R5ZHG9o3rZLyW=w148-h148-n-k-no"
            },
            {
                "title": "Bassin Bleu",
                "category": "Tourist attraction",
                "img": "https://lh5.googleusercontent.com/p/AF1QipMfKHf8LshQS2sEZN-iH8PaiNJcP8Agj1u_DJMZ=w148-h148-n-k-no"
            },
            {
                "title": "Square Of The Unknown Marron",
                "category": "Historical landmark",
                "img": "https://lh5.googleusercontent.com/p/AF1QipN7_UZqD8rAeEUhpfHi_wwp8gBRZQiMLt78wEmP=w148-h148-n-k-no"
            },
            {
                "title": "Atis Rezistans",
                "category": "Artist",
                "img": "https://lh5.googleusercontent.com/p/AF1QipM6Z6I5C1eUasNpC4dymcZEpD84dN6I2_vz_Z-B=w148-h148-n-k-no"
            },
            {
                "title": "Labadie",
                "category": "Locality",
                "img": "https://lh5.googleusercontent.com/p/AF1QipODX_AotDDJKDnkxxT9Tno9We3y_RIRhzXYhM44=w148-h148-n-k-no"
            },
            {
                "title": "Notre-Dame of Cap-Haitian Cathedral",
                "category": "Catholic cathedral",
                "img": "https://lh5.googleusercontent.com/p/AF1QipP-FVVnp9KNNm3YxiWYMpe3ql-E60WFG-KBwD3G=w148-h148-n-k-no"
            }
        ],
        "Cap-Haïtien": [
            {
                "title": "Première Eglise Baptiste du Cap-Haitien",
                "category": "Baptist church",
                "img": "https://lh5.googleusercontent.com/p/AF1QipMJdY_hPeZutvP-hdhtVYlDdqOHOUqrDHFPiVvq=w148-h148-n-k-no"
            },
            {
                "title": "Notre-Dame of Cap-Haitian Cathedral",
                "category": "Catholic cathedral",
                "img": "https://lh5.googleusercontent.com/p/AF1QipP-FVVnp9KNNm3YxiWYMpe3ql-E60WFG-KBwD3G=w148-h148-n-k-no"
            },
            {
                "title": "Église Sacré Cœur du Cap-Haïtien",
                "category": "Catholic church",
                "img": "https://lh5.googleusercontent.com/p/AF1QipNoY_jKLgKN6bSqPXFIY4UxZ3dkdW8oanFe-D6s=w148-h148-n-k-no"
            },
            {
                "title": "Heroes Monument of Vertières",
                "category": "Memorial park",
                "img": "https://lh5.googleusercontent.com/p/AF1QipP-bRO58OabQDED5KFMVvqnzUJ17ki5qU2NX0OB=w148-h148-n-k-no"
            },
            {
                "title": "Safe Trips Haiti",
                "category": "Tour operator",
                "url": "http://www.safetripshaiti.com/",
                "img": "https://lh5.googleusercontent.com/p/AF1QipNikVr91tB5Se_h5YoKz7ktJuplA18TCHzbc5BI=w148-h148-n-k-no"
            },
            {
                "title": "Augusnel Tour Haiti",
                "category": "Tour operator",
                "url": "http://www.augusneltourhaiti.com/",
                "img": "https://lh5.googleusercontent.com/p/AF1QipN_B6SpAniYkZ5bpKl95zBEizu8pNSa1NtzRjEP=w148-h148-n-k-no"
            },
            {
                "title": "Laferriere Citadel",
                "category": "Historical place",
                "url": "http://www.citadellelaferriere.com/",
                "img": "https://lh5.googleusercontent.com/p/AF1QipMBEcvlyCWFse_7IAAfiS1kReXluS01R8xujwou=w148-h148-n-k-no"
            },
            {
                "title": "Parc Saint Victor",
                "category": "Football pitch",
                "img": "https://lh5.googleusercontent.com/p/AF1QipMphwVfhxXsQqjEpJCs8VUSSQCIM7OEBA4Mo-Ie=w148-h148-n-k-no"
            },
            {
                "title": "Labadie",
                "category": "Locality",
                "img": "https://lh5.googleusercontent.com/p/AF1QipODX_AotDDJKDnkxxT9Tno9We3y_RIRhzXYhM44=w148-h148-n-k-no"
            },
            {
                "title": "Place Carénage",
                "category": "Park and Garden",
                "img": "https://lh5.googleusercontent.com/p/AF1QipNZ9B-Vjos2pW4trCeGouZjei64qU5TeOeapU--=w148-h148-n-k-no"
            },
            {
                "title": "Jean-Jacques Dessalines Statue",
                "category": "Tourist attraction",
                "img": "https://lh5.googleusercontent.com/p/AF1QipMhfAm5EaNXXnVkqilrQcpkNjHvASYxuSjeN-bq=w148-h148-n-k-no"
            },
            {
                "title": "Sans Souci Palace",
                "category": "Tourist attraction",
                "img": "https://lh5.googleusercontent.com/p/AF1QipPmYRWOyLhEXFZF81laYpnizLU1hDuUuKAMnCHf=w148-h148-n-k-no"
            },
            {
                "title": "Royal Caribbean Labadee Beach",
                "category": "Beach",
                "url": "http://royalcaribbean.com/",
                "img": "https://lh5.googleusercontent.com/p/AF1QipN1rTXItLpYO31Y9td-YFTYF35xQ5qiE3HqOEEx=w148-h148-n-k-no"
            },
            {
                "title": "Fort Picolet",
                "category": "Historical landmark",
                "url": "http://fortpicolet.com/",
                "img": "https://lh5.googleusercontent.com/p/AF1QipOeMCK3pec1vbWPMMDhb1D_vCXVjV0fB53jq208=w148-h148-n-k-no"
            },
            {
                "title": "Carlos Thesine photography",
                "category": "Photography service",
                "url": "https://carlosthesine.pixieset.com/",
                "img": "https://lh5.googleusercontent.com/p/AF1QipO2EIIJRUVO8YyxwmPhsHoBtFCdG_iBcv7NHyhT=w148-h148-n-k-no"
            },
            {
                "title": "Bagay La Club",
                "category": "Nightclub",
                "img": "https://lh5.googleusercontent.com/p/AF1QipP5F7t1jAvOxkIXNg1s06TwWFKc9fcQ8CwPTTuU=w148-h148-n-k-no"
            }
        ],
        "Jérémie": [
            {
                "title": "Cathedral of Saint Louis Roi of France",
                "category": "Cathedral",
                "img": "https://lh5.googleusercontent.com/p/AF1QipNKSns6_NdYKUe9ffppsTZsRNv9pfzuN7i3e5Rf=w148-h148-n-k-no"
            },
            {
                "title": "Saut-Mathurine",
                "category": "Tourist attraction",
                "img": "https://lh5.googleusercontent.com/p/AF1QipNS1UYiWPFm457THkKbOh3PJvLumt3aUSu2QA21=w148-h148-n-k-no"
            },
            {
                "title": "Cave Grotte Marie-Jeanne",
                "category": "Tourist attraction",
                "img": "https://lh5.googleusercontent.com/p/AF1QipOqmNucybXiCl9kOK8-D2nzSDla8D79O6YOZ3zz=w148-h148-n-k-no"
            },
            {
                "title": "Fort Jacques et Fort Alexandre",
                "category": "Fortress",
                "img": "https://lh5.googleusercontent.com/p/AF1QipOS5Bvau8rUEN0iypdpHoYkR-91AcRmtko-Wpf6=w148-h148-n-k-no"
            }
        ],
        "Les Cayes": [
            {
                "title": "Troisieme Eglise Baptiste",
                "category": "Baptist church",
                "img": "https://lh5.googleusercontent.com/p/AF1QipMD9hxG-SY7au1zxXs2jbyHGnP-WpnUCGIQVA92=w148-h148-n-k-no"
            },
            {
                "title": "Place d'Armes",
                "category": "Park and Garden",
                "img": "https://lh5.googleusercontent.com/p/AF1QipPbRKMtrsyITvffzyAnu2TkCElbvMYGueoGOB00=w148-h148-n-k-no"
            },
            {
                "title": "Complexe Sportif Des Cayes",
                "category": "Sports complex",
                "img": "https://lh5.googleusercontent.com/p/AF1QipOaqF_E38ZbHXYCotDEtzqfk9zvtCqA3eZz90D2=w148-h148-n-k-no"
            },
            {
                "title": "The View Rooftop",
                "category": "Nightclub",
                "img": "https://lh5.googleusercontent.com/p/AF1QipMzLhFK87qXPwzDx7XxDyafulJF4DfhDKVAxbeJ=w148-h148-n-k-no"
            },
            {
                "title": "Grand Tabernacle De Simon",
                "category": "Baptist church",
                "img": "https://lh5.googleusercontent.com/p/AF1QipOXqDheXVv8Uvdy-bgVhPvXsUl-5dhmsvXCtu4W=w148-h148-n-k-no"
            },
            {
                "title": "Église MEBSH des Cayes",
                "category": "Baptist church",
                "img": "https://lh5.googleusercontent.com/p/AF1QipNOcpV3Vh1cC3jP6svvLr8W9p3K_CYl8P8Ee1n-=w148-h148-n-k-no"
            },
            {
                "title": "Land des Gabions",
                "category": "Football pitch",
                "img": "https://lh5.googleusercontent.com/p/AF1QipNrHa8JHHdyH4SbhGckRexpmjR0j4e7UFDXSR3q=w148-h148-n-k-no"
            },
            {
                "title": "Cayes Botanical Garden",
                "category": "Botanical garden",
                "img": "https://lh5.googleusercontent.com/p/AF1QipNP0STuaEbJf_ri6bmjVP7Y7FwhO3G95HLKLbfL=w148-h148-n-k-no"
            },
            {
                "title": "Port Morgan",
                "category": "Hotel",
                "img": "https://lh5.googleusercontent.com/p/AF1QipMywCxGZsvWfXBsGFpgnzkmm8RvqtV45Gxk_wn2=w148-h148-n-k-no"
            },
            {
                "title": "Cathedral of Saint Louis Roi of France",
                "category": "Cathedral",
                "img": "https://lh5.googleusercontent.com/p/AF1QipNKSns6_NdYKUe9ffppsTZsRNv9pfzuN7i3e5Rf=w148-h148-n-k-no"
            }
        ],
        "Gonaïves": [
            {
                "title": "Cathédrale Du Souvenir",
                "category": "Church",
                "img": "https://lh5.googleusercontent.com/p/AF1QipNiIFQE_hbnbc6-otRPjYU8cMaRmZUU4H3cjnAa=w148-h148-n-k-no"
            },
            {
                "title": "Eglise de Dieu Union Chrétienne",
                "category": "Christian church",
                "img": "https://lh5.googleusercontent.com/p/AF1QipONWxMHZ64VgNQY8FjIbVeR2ibr27YRmOBjWTAK=w148-h148-n-k-no"
            },
            {
                "title": "Place Pétion",
                "category": "Amusement Centre",
                "img": "https://lh5.googleusercontent.com/p/AF1QipOKAVrsy-VqGd_EduGLd5ncsXpQBaz_r-M4oiSb=w148-h148-n-k-no"
            },
            {
                "title": "Place d'Armes de la Ville des Gonaïves",
                "category": "Amusement Centre",
                "img": "https://lh5.googleusercontent.com/p/AF1QipNz4bCZQ7F-9KgWfDWczdNUr_iEPMH9zflcWk7B=w148-h148-n-k-no"
            },
            {
                "title": "Place Bouteille",
                "category": "Amusement Centre",
                "img": "https://lh5.googleusercontent.com/p/AF1QipOzpcQEu71QA7alKF6oaIjRul6MRXYrclOtCSOW=w148-h148-n-k-no"
            }
        ],
        "Carrefour": [
            {
                "title": "State University of Haiti",
                "category": "Public university",
                "img": "https://lh5.googleusercontent.com/p/AF1QipMlVoC9PrK07uZ09rHdwLuDeY7MahKJISGWJ-xj=w148-h148-n-k-no"
            },
            {
                "title": "In Martissant Park",
                "category": "Amusement Centre",
                "img": "https://lh5.googleusercontent.com/p/AF1QipN6BCtyAfchKHk0-cZUNpqIsBLLl2ElwFAW48pl=w148-h148-n-k-no"
            },
            {
                "title": "House of Beer Haiti",
                "category": "Restaurant",
                "img": "https://lh5.googleusercontent.com/p/AF1QipMd6p-Iv336eXyGI58q5UfCKm5_DvKB-R-DCfk=w148-h148-n-k-no"
            },
            {
                "title": "La Visite National Park",
                "category": "National park",
                "url": "https://www.anap.gouv.ht/index.php/nous-contacter",
                "img": "https://lh5.googleusercontent.com/p/AF1QipPscB_HSIQonmjy59uxxvfJRYQqGI-roPth8bjv=w148-h148-n-k-no"
            },
            {
                "title": "Port-au-Prince",
                "category": "Locality",
                "img": "https://lh5.googleusercontent.com/p/AF1QipMzmMfC33wp_xZD6kzOskIAPn8JOLpdJgo-GGKC=w148-h148-n-k-no"
            },
            {
                "title": "Marriott Port-au-Prince Hotel",
                "category": "Hotel",
                "url": "https://www.marriott.com/en-us/hotels/papmc-marriott-port-au-prince-hotel/overview/?scid=f2ae0541-1279-4f24-b197-a979c79310b0",
                "img": "https://lh5.googleusercontent.com/p/AF1QipOFydNGndJd_bW7ShLU9JTo61deLCAhC-XBr9Dj=w148-h148-n-k-no"
            },
            {
                "title": "Les Jardins du Mupanah",
                "category": "Restaurant",
                "img": "https://lh5.googleusercontent.com/p/AF1QipOIh9fExz25rJcQbsvnx0BEnKLTBd2I5BcqB0fV=w148-h148-n-k-no"
            },
            {
                "title": "Maison Dufort",
                "category": "Museum",
                "url": "https://visithaiti.com/art-culture/maison-dufort-haitian-architecture/",
                "img": "https://lh5.googleusercontent.com/p/AF1QipNlQI7cJ0_lQ5gu6-jGnju_SWSMkfd7nXTS7mgL=w148-h148-n-k-no"
            },
            {
                "title": "Canez Construction",
                "category": "Shopping Centre",
                "url": "http://www.canezconstruction.com/",
                "img": "https://lh5.googleusercontent.com/p/AF1QipMebRknjPVl8DEGdUrkjLP1bhymNHoreOKXTWcq=w148-h148-n-k-no"
            },
            {
                "title": "Canape Vert",
                "category": "Neighborhood",
                "img": "https://lh5.googleusercontent.com/p/AF1QipM9a-tWQt-LRrj9sRQC_qxMcwBdE6fo1zkIpvHv=w148-h148-n-k-no"
            },
            {
                "title": "Bassin-Bleu",
                "category": "Locality",
                "img": "https://lh5.googleusercontent.com/p/AF1QipPaOfr3x3KFRE7RIYNWLbOd0OCwnQK4mCkomNfN=w148-h148-n-k-no"
            },
            {
                "title": "Université Adventiste d'Haïti",
                "category": "University",
                "url": "https://www.unah.edu.ht/",
                "img": "https://lh5.googleusercontent.com/p/AF1QipMOHDXLLT_Hzzb5MCIpGkGSNaMRXYGrp2qP5icP=w148-h148-n-k-no"
            },
            {
                "title": "Bassin Bleu",
                "category": "Tourist attraction",
                "img": "https://lh5.googleusercontent.com/p/AF1QipMfKHf8LshQS2sEZN-iH8PaiNJcP8Agj1u_DJMZ=w148-h148-n-k-no"
            },
            {
                "title": "Fort Jacques et Fort Alexandre",
                "category": "Fortress",
                "url": "https://visithaiti.com/things-to-do/fort-jacques/",
                "img": "https://lh5.googleusercontent.com/p/AF1QipOS5Bvau8rUEN0iypdpHoYkR-91AcRmtko-Wpf6=w148-h148-n-k-no"
            },
            {
                "title": "Université Quisqueya",
                "category": "Private university",
                "url": "http://uniq.edu.ht/",
                "img": "https://lh5.googleusercontent.com/p/AF1QipOQpKgnzhGEDKm8fTNUHYvSD7zwRhn4l3kYuoED=w148-h148-n-k-no"
            },
            {
                "title": "Kokoye Beach",
                "category": "Tourist attraction",
                "url": "http://www.facebook.com/Kokoyebeachtigwav",
                "img": "https://lh5.googleusercontent.com/p/AF1QipNpoE5E3aICnF_M4-nu-5YF0DK65CbyftUiJ5OK=w148-h148-n-k-no"
            }
        ],
        "Pétionville": [
            {
                "title": "Laferriere Citadel",
                "category": "Historical place",
                "url": "http://www.citadellelaferriere.com/",
                "img": "https://lh5.googleusercontent.com/p/AF1QipMBEcvlyCWFse_7IAAfiS1kReXluS01R8xujwou=w148-h148-n-k-no"
            },
            {
                "title": "Fort Jacques et Fort Alexandre",
                "category": "Fortress",
                "url": "https://visithaiti.com/things-to-do/fort-jacques/",
                "img": "https://lh5.googleusercontent.com/p/AF1QipOS5Bvau8rUEN0iypdpHoYkR-91AcRmtko-Wpf6=w148-h148-n-k-no"
            },
            {
                "title": "Galerie d'Art Nader",
                "category": "Art gallery",
                "img": "https://lh5.googleusercontent.com/p/AF1QipNzZWUPVpAK6FU5qvnPDoOcNQXiMcky4Pn93F7s=w148-h148-n-k-no"
            },
            {
                "title": "Martissant",
                "category": "Neighborhood",
                "img": "https://lh5.googleusercontent.com/p/AF1QipOMnqHezWFZYKdnac0xmuBLAkbZUJGlnpju6X5c=w148-h148-n-k-no"
            },
            {
                "title": "El-Saieh Gallery",
                "category": "Art gallery",
                "url": "http://elsaieh.com/",
                "img": "https://lh5.googleusercontent.com/p/AF1QipPJWJBLp0Nm53DxqPGeZaUyud7e-klTzaKFyI0U=w148-h148-n-k-no"
            },
            {
                "title": "Expressions Art Gallery",
                "category": "Art gallery",
                "url": "https://www.expressionsgaleriedart.com/",
                "img": "https://lh5.googleusercontent.com/p/AF1QipN9JD2z2HBpZCzifrgoFS7DYgaKUZrGeFJ8HcmV=w148-h148-n-k-no"
            },
            {
                "title": "Place Saint-Pierre",
                "category": "Park and Garden",
                "url": "https://visithaiti.com/things-to-do/place-saint-pierre/",
                "img": "https://lh5.googleusercontent.com/p/AF1QipPnfg5X3bS-j5yFrEvbuGQ54uoEguPwiUIjL0RC=w148-h148-n-k-no"
            },
            {
                "title": "Sainte Anne Church",
                "category": "Catholic church",
                "img": "https://lh5.googleusercontent.com/p/AF1QipPgTlv6lCH-uhitDqvUjLvs3RfW7P1a6Wno6AgR=w148-h148-n-k-no"
            },
            {
                "title": "Rev Cinéma",
                "category": "Cinema",
                "img": "https://lh5.googleusercontent.com/p/AF1QipPVZvRhjRCDogyvSiOaqybofYPJFC4syoIGyWd3=w148-h148-n-k-no"
            },
            {
                "title": "Iron Market",
                "category": "Compound grounds",
                "img": "https://lh5.googleusercontent.com/p/AF1QipM2WWfx1G3K635Yp5qHgHnSrcB9mD-hIeyqs8NJ=w148-h148-n-k-no"
            },
            {
                "title": "The National Pantheon Museum",
                "category": "Heritage museum",
                "img": "https://lh5.googleusercontent.com/p/AF1QipPxNLL_isY2oYHBA2MHxtZInywAYEdOtmAxk3wd=w148-h148-n-k-no"
            }
        ],
        "Tigwav": [
            {
                "title": "Sans Souci Palace",
                "category": "Tourist attraction",
                "img": "https://lh5.googleusercontent.com/p/AF1QipPmYRWOyLhEXFZF81laYpnizLU1hDuUuKAMnCHf=w148-h148-n-k-no"
            },
            {
                "title": "Dragon’s Tail Coaster",
                "category": "Summer toboggan run",
                "img": "https://lh5.googleusercontent.com/p/AF1QipPZ6Bg95HowvY8hAyVz13653XrR0Bs3ip_HYD62=w148-h148-n-k-no"
            },
            {
                "title": "Marina Blue Haiti",
                "category": "Recreation Centre",
                "url": "http://www.marinabluehaiti.com/",
                "img": "https://lh5.googleusercontent.com/p/AF1QipNmtr9P34wgGqQ79BV7bMRZYJblz8yr96KcuEQC=w148-h148-n-k-no"
            },
            {
                "title": "Port-au-Prince",
                "category": "Locality",
                "img": "https://lh5.googleusercontent.com/p/AF1QipMzmMfC33wp_xZD6kzOskIAPn8JOLpdJgo-GGKC=w148-h148-n-k-no"
            },
            {
                "title": "In Martissant Park",
                "category": "Amusement Centre",
                "img": "https://lh5.googleusercontent.com/p/AF1QipN6BCtyAfchKHk0-cZUNpqIsBLLl2ElwFAW48pl=w148-h148-n-k-no"
            },
            {
                "title": "Fort Jacques et Fort Alexandre",
                "category": "Fortress",
                "url": "https://visithaiti.com/things-to-do/fort-jacques/",
                "img": "https://lh5.googleusercontent.com/p/AF1QipOS5Bvau8rUEN0iypdpHoYkR-91AcRmtko-Wpf6=w148-h148-n-k-no"
            },
            {
                "title": "Bassin-Bleu",
                "category": "Locality",
                "img": "https://lh5.googleusercontent.com/p/AF1QipPaOfr3x3KFRE7RIYNWLbOd0OCwnQK4mCkomNfN=w148-h148-n-k-no"
            },
            {
                "title": "Bassin Bleu",
                "category": "Tourist attraction",
                "img": "https://lh5.googleusercontent.com/p/AF1QipMfKHf8LshQS2sEZN-iH8PaiNJcP8Agj1u_DJMZ=w148-h148-n-k-no"
            },
            {
                "title": "Martissant",
                "category": "Neighborhood",
                "img": "https://lh5.googleusercontent.com/p/AF1QipOMnqHezWFZYKdnac0xmuBLAkbZUJGlnpju6X5c=w148-h148-n-k-no"
            },
            {
                "title": "Laferriere Citadel",
                "category": "Historical place",
                "url": "http://www.citadellelaferriere.com/",
                "img": "https://lh5.googleusercontent.com/p/AF1QipMBEcvlyCWFse_7IAAfiS1kReXluS01R8xujwou=w148-h148-n-k-no"
            },
            {
                "title": "Notre-Dame of Cap-Haitian Cathedral",
                "category": "Catholic cathedral",
                "img": "https://lh5.googleusercontent.com/p/AF1QipP-FVVnp9KNNm3YxiWYMpe3ql-E60WFG-KBwD3G=w148-h148-n-k-no"
            },
            {
                "title": "Kokoye Beach",
                "category": "Tourist attraction",
                "url": "http://www.facebook.com/Kokoyebeachtigwav",
                "img": "https://lh5.googleusercontent.com/p/AF1QipNpoE5E3aICnF_M4-nu-5YF0DK65CbyftUiJ5OK=w148-h148-n-k-no"
            },
            {
                "title": "Sainte Anne Church",
                "category": "Catholic church",
                "img": "https://lh5.googleusercontent.com/p/AF1QipPgTlv6lCH-uhitDqvUjLvs3RfW7P1a6Wno6AgR=w148-h148-n-k-no"
            },
            {
                "title": "Iron Market",
                "category": "Compound grounds",
                "img": "https://lh5.googleusercontent.com/p/AF1QipM2WWfx1G3K635Yp5qHgHnSrcB9mD-hIeyqs8NJ=w148-h148-n-k-no"
            },
            {
                "title": "Labadie",
                "category": "Locality",
                "img": "https://lh5.googleusercontent.com/p/AF1QipODX_AotDDJKDnkxxT9Tno9We3y_RIRhzXYhM44=w148-h148-n-k-no"
            },
            {
                "title": "El-Saieh Gallery",
                "category": "Art gallery",
                "url": "http://elsaieh.com/",
                "img": "https://lh5.googleusercontent.com/p/AF1QipPJWJBLp0Nm53DxqPGeZaUyud7e-klTzaKFyI0U=w148-h148-n-k-no"
            }
        ],
        "Delmas 73": [],
        "Léogâne": [
            {
                "title": "Heroes Monument of Vertières",
                "category": "Memorial park",
                "img": "https://lh5.googleusercontent.com/p/AF1QipP-bRO58OabQDED5KFMVvqnzUJ17ki5qU2NX0OB=w148-h148-n-k-no"
            },
            {
                "title": "Iron Market",
                "category": "Compound grounds",
                "img": "https://lh5.googleusercontent.com/p/AF1QipM2WWfx1G3K635Yp5qHgHnSrcB9mD-hIeyqs8NJ=w148-h148-n-k-no"
            },
            {
                "title": "Port-au-Prince",
                "category": "Locality",
                "img": "https://lh5.googleusercontent.com/p/AF1QipMzmMfC33wp_xZD6kzOskIAPn8JOLpdJgo-GGKC=w148-h148-n-k-no"
            },
            {
                "title": "Bassin Bleu",
                "category": "Tourist attraction",
                "img": "https://lh5.googleusercontent.com/p/AF1QipMfKHf8LshQS2sEZN-iH8PaiNJcP8Agj1u_DJMZ=w148-h148-n-k-no"
            },
            {
                "title": "Sans Souci Palace",
                "category": "Tourist attraction",
                "img": "https://lh5.googleusercontent.com/p/AF1QipPmYRWOyLhEXFZF81laYpnizLU1hDuUuKAMnCHf=w148-h148-n-k-no"
            },
            {
                "title": "Fort Jacques et Fort Alexandre",
                "category": "Fortress",
                "url": "https://visithaiti.com/things-to-do/fort-jacques/",
                "img": "https://lh5.googleusercontent.com/p/AF1QipOS5Bvau8rUEN0iypdpHoYkR-91AcRmtko-Wpf6=w148-h148-n-k-no"
            },
            {
                "title": "Bassin-Bleu",
                "category": "Locality",
                "img": "https://lh5.googleusercontent.com/p/AF1QipPaOfr3x3KFRE7RIYNWLbOd0OCwnQK4mCkomNfN=w148-h148-n-k-no"
            },
            {
                "title": "The National Pantheon Museum",
                "category": "Heritage museum",
                "img": "https://lh5.googleusercontent.com/p/AF1QipPxNLL_isY2oYHBA2MHxtZInywAYEdOtmAxk3wd=w148-h148-n-k-no"
            },
            {
                "title": "Kokoye Beach",
                "category": "Tourist attraction",
                "url": "http://www.facebook.com/Kokoyebeachtigwav",
                "img": "https://lh5.googleusercontent.com/p/AF1QipNpoE5E3aICnF_M4-nu-5YF0DK65CbyftUiJ5OK=w148-h148-n-k-no"
            },
            {
                "title": "Notre-Dame of Cap-Haitian Cathedral",
                "category": "Catholic cathedral",
                "img": "https://lh5.googleusercontent.com/p/AF1QipP-FVVnp9KNNm3YxiWYMpe3ql-E60WFG-KBwD3G=w148-h148-n-k-no"
            },
            {
                "title": "Labadie",
                "category": "Locality",
                "img": "https://lh5.googleusercontent.com/p/AF1QipODX_AotDDJKDnkxxT9Tno9We3y_RIRhzXYhM44=w148-h148-n-k-no"
            },
            {
                "title": "Laferriere Citadel",
                "category": "Historical place",
                "url": "http://www.citadellelaferriere.com/",
                "img": "https://lh5.googleusercontent.com/p/AF1QipMBEcvlyCWFse_7IAAfiS1kReXluS01R8xujwou=w148-h148-n-k-no"
            }
        ]
    },
    "sights": [
        {
            "title": "Port-au-Prince",
            "category": "Locality",
            "img": "https://lh5.googleusercontent.com/p/AF1QipMzmMfC33wp_xZD6kzOskIAPn8JOLpdJgo-GGKC=w148-h148-n-k-no"
        },
        {
            "title": "Laferriere Citadel",
            "category": "Historical place",
            "url": "http://www.citadellelaferriere.com/",
            "img": "https://lh5.googleusercontent.com/p/AF1QipMBEcvlyCWFse_7IAAfiS1kReXluS01R8xujwou=w148-h148-n-k-no"
        },
        {
            "title": "The National Pantheon Museum",
            "category": "Heritage museum",
            "img": "https://lh5.googleusercontent.com/p/AF1QipPxNLL_isY2oYHBA2MHxtZInywAYEdOtmAxk3wd=w148-h148-n-k-no"
        },
        {
            "title": "Bassin Bleu",
            "category": "Tourist attraction",
            "img": "https://lh5.googleusercontent.com/p/AF1QipMfKHf8LshQS2sEZN-iH8PaiNJcP8Agj1u_DJMZ=w148-h148-n-k-no"
        },
        {
            "title": "Notre-Dame of Cap-Haitian Cathedral",
            "category": "Catholic cathedral",
            "img": "https://lh5.googleusercontent.com/p/AF1QipP-FVVnp9KNNm3YxiWYMpe3ql-E60WFG-KBwD3G=w148-h148-n-k-no"
        },
        {
            "title": "Labadie",
            "category": "Locality",
            "img": "https://lh5.googleusercontent.com/p/AF1QipODX_AotDDJKDnkxxT9Tno9We3y_RIRhzXYhM44=w148-h148-n-k-no"
        },
        {
            "title": "Kokoye Beach",
            "category": "Tourist attraction",
            "url": "http://www.facebook.com/Kokoyebeachtigwav",
            "img": "https://lh5.googleusercontent.com/p/AF1QipNpoE5E3aICnF_M4-nu-5YF0DK65CbyftUiJ5OK=w148-h148-n-k-no"
        },
        {
            "title": "Royal Caribbean Labadee Beach",
            "category": "Beach",
            "url": "http://royalcaribbean.com/",
            "img": "https://lh5.googleusercontent.com/p/AF1QipN1rTXItLpYO31Y9td-YFTYF35xQ5qiE3HqOEEx=w148-h148-n-k-no"
        },
        {
            "title": "Sans Souci Palace",
            "category": "Tourist attraction",
            "img": "https://lh5.googleusercontent.com/p/AF1QipPmYRWOyLhEXFZF81laYpnizLU1hDuUuKAMnCHf=w148-h148-n-k-no"
        },
        {
            "title": "Île a Rat",
            "category": "Beach",
            "img": "https://lh5.googleusercontent.com/p/AF1QipMAiRr8C6GcQvpsq3D6lOxsLhyd8Ms5xrEipRVS=w148-h148-n-k-no"
        },
        {
            "title": "Dragon’s Tail Coaster",
            "category": "Summer toboggan run",
            "img": "https://lh5.googleusercontent.com/p/AF1QipPZ6Bg95HowvY8hAyVz13653XrR0Bs3ip_HYD62=w148-h148-n-k-no"
        },
        {
            "title": "Adrenaline Beach",
            "category": "Park and Garden",
            "img": "https://lh5.googleusercontent.com/p/AF1QipMkVS4iZY6VVicHHmvyuq2I0MRwfpLk3S1q4z2J=w148-h148-n-k-no"
        },
        {
            "title": "Cadras Beach",
            "category": "Beach",
            "img": "https://lh5.googleusercontent.com/p/AF1QipNXUXnL3gJbs2C98i-1OaFYryx1XP9Cl_pToqKR=w148-h148-n-k-no"
        },
        {
            "title": "Bassin-Bleu",
            "category": "Locality",
            "img": "https://lh5.googleusercontent.com/p/AF1QipPaOfr3x3KFRE7RIYNWLbOd0OCwnQK4mCkomNfN=w148-h148-n-k-no"
        },
        {
            "title": "La Visite National Park",
            "category": "National park",
            "url": "https://www.anap.gouv.ht/index.php/nous-contacter",
            "img": "https://lh5.googleusercontent.com/p/AF1QipPscB_HSIQonmjy59uxxvfJRYQqGI-roPth8bjv=w148-h148-n-k-no"
        },
        {
            "title": "Pic la Selle",
            "category": "Mountain peak",
            "img": "https://lh5.googleusercontent.com/p/AF1QipN4eNnvbjE9hNbuHYmneSt68Yb23FCaZFldTG8F=w148-h148-n-k-no"
        }
    ]
}