{
    "cities": {
        "Tallaght": [
            {
                "title": "Rua Red, South Dublin Arts Centre",
                "category": "Art Centre",
                "url": "http://www.ruared.ie/",
                "img": "https://lh5.googleusercontent.com/p/AF1QipNRy3daY9XEeZ4dWPURTYLtR-7oIGtWqgdKANES=w148-h148-n-k-no"
            },
            {
                "title": "The Square Tallaght",
                "category": "Shopping Centre",
                "url": "http://thesquare.ie/",
                "img": "https://lh5.googleusercontent.com/p/AF1QipMVAuYezeVmZA-qAZkw-bRnCwN6kBUnQ5mR5iIP=w148-h148-n-k-no"
            },
            {
                "title": "Tymon Park",
                "category": "Park and Garden",
                "url": "https://www.sdcc.ie/en/services/sport-and-recreation/parks/tymon-park.html",
                "img": "https://lh5.googleusercontent.com/p/AF1QipM-x-lYKKDmHNQt5uylFCso3-SigRtlY-plyH8G=w148-h148-n-k-no"
            },
            {
                "title": "Underworld Gaming",
                "category": "Game Shop",
                "url": "http://underworldgaming.ie/",
                "img": "https://lh5.googleusercontent.com/p/AF1QipMOo4zrKppk3wCHFY6rivarzCdw7MjPp0LJAY6A=w148-h148-n-k-no"
            },
            {
                "title": "Rathfarnham Castle",
                "category": "Castle",
                "url": "http://www.rathfarnhamcastle.ie/",
                "img": "https://lh5.googleusercontent.com/p/AF1QipOVf2MtUrAnYcZ00x_1A3DuV8lkaMhlS9AiUdLR=w148-h148-n-k-no"
            },
            {
                "title": "Civic Theatre",
                "category": "Arts Organisation",
                "url": "https://www.civictheatre.ie/",
                "img": "https://lh5.googleusercontent.com/p/AF1QipOWMLxoUinv8m6IDRLagy2P5nFMGgG120lyjmUj=w148-h148-n-k-no"
            },
            {
                "title": "Tallaght Stadium",
                "category": "Stadium",
                "url": "http://tallaghtstadium.ie/",
                "img": "https://lh5.googleusercontent.com/p/AF1QipP6fSim-ZCDf4Fk_ok9AKFi1wPTWmndERW0j6XB=w148-h148-n-k-no"
            },
            {
                "title": "National Basketball Arena",
                "category": "Sports complex",
                "url": "http://www.basketballireland.ie/",
                "img": "https://lh5.googleusercontent.com/p/AF1QipNGSrBezlWygLoSeeJgN5yPqv9LDhEhwYRZ4SQU=w148-h148-n-k-no"
            },
            {
                "title": "Dublin Mountains Way",
                "category": "Trail head",
                "img": "https://lh5.googleusercontent.com/p/AF1QipNkBVwou8lsWtJpuYoGPe2UgDnIEwb8pZJW1wIB=w148-h148-n-k-no"
            },
            {
                "title": "Astropark Tallaght",
                "category": "Sports complex",
                "url": "https://www.astropark.ie/book-a-pitch/tallaght/?utm_source=google&utm_medium=organic&utm_campaign=gmb_tallaghtfootball&utm_id=gmb",
                "img": "https://lh5.googleusercontent.com/p/AF1QipPF2aBM5Vg-mRsFHR49oyQmxk0Z4CIDhykuxZM=w148-h148-n-k-no"
            },
            {
                "title": "County Library, Tallaght",
                "category": "Public library",
                "url": "http://www.southdublinlibraries.ie/find-library/county-library-tallaght",
                "img": "https://lh5.googleusercontent.com/p/AF1QipOvmikzjm-gZPVv3balYaEBbf1lSvMEOVfrX3ea=w148-h148-n-k-no"
            },
            {
                "title": "St Maelruain's Church of Ireland",
                "category": "Anglican church",
                "url": "http://www.stmaelruains.ie/",
                "img": "https://lh5.googleusercontent.com/p/AF1QipM_Q3V2bpoMum1qGjY-QUKzoD7CgnxMfDREv164=w148-h148-n-k-no"
            },
            {
                "title": "Tallaght Sports Complex",
                "category": "Sports complex",
                "url": "http://www.tallaghtsportscomplex.ie/",
                "img": "https://lh5.googleusercontent.com/p/AF1QipPR-2_JTCt8j7eXz5do5bh9ungct5iZO7_ZHkoo=w148-h148-n-k-no"
            },
            {
                "title": "The Dublin Climbing Centre",
                "category": "Rock climbing gym",
                "url": "http://www.dublinclimbingcentre.ie/",
                "img": "https://lh5.googleusercontent.com/p/AF1QipOLV-EteIcNjqPzmsQBuwZpid01HrROKf9ttEmC=w148-h148-n-k-no"
            },
            {
                "title": "Zipit Forest Adventures",
                "category": "Tourist attraction",
                "url": "http://www.zipit.ie/",
                "img": "https://lh5.googleusercontent.com/p/AF1QipNhkAnuQQwb0GpLRLAAcPD7oNCCCAsZr_xFTVG5=w148-h148-n-k-no"
            },
            {
                "title": "The Old Mill",
                "category": "Bar",
                "url": "http://theoldmilltallaght.ie/",
                "img": "https://lh5.googleusercontent.com/p/AF1QipP7Low0ch_1QJNP5LSk1VSiiei8WVS0cNRrqHt5=w148-h148-n-k-no"
            }
        ],
        "Waterford": [
            {
                "title": "Waterford Treasures: Medieval Museum (Treasures of Medieval Waterford)",
                "category": "Museum",
                "url": "http://www.waterfordtreasures.com/",
                "img": "https://lh5.googleusercontent.com/p/AF1QipML3pv71y67FCEgYlkQo-oSIT4LLh5Xw0-C3ZW0=w148-h148-n-k-no"
            },
            {
                "title": "Reginald's Tower",
                "category": "Museum",
                "url": "https://heritageireland.ie/visit/places-to-visit/reginalds-tower/",
                "img": "https://lh5.googleusercontent.com/p/AF1QipPxLghSpW-aLoSHBlM24L7BSvtWGXLm7RmUjjTv=w148-h148-n-k-no"
            },
            {
                "title": "King Of The Vikings",
                "category": "Cultural centre",
                "img": "https://lh5.googleusercontent.com/p/AF1QipMFAoF7tjgm7ziFYj0cO5B2kU2NvpMQOj_pYPk3=w148-h148-n-k-no"
            },
            {
                "title": "House of Waterford",
                "category": "Tourist attraction",
                "url": "http://www.waterfordvisitorcentre.com/",
                "img": "https://lh5.googleusercontent.com/p/AF1QipMFHg9tw-wRT8PmjZroR1_ONiq4sOxLS9SRIOBP=w148-h148-n-k-no"
            },
            {
                "title": "Waterford Treasures: Bishop's Palace (Treasures of Georgian Waterford)",
                "category": "Museum",
                "url": "http://www.waterfordtreasures.com/",
                "img": "https://lh5.googleusercontent.com/p/AF1QipNbqMKngQDy7FWbC3RoTvWZKtXWS4f-ysAazC35=w148-h148-n-k-no"
            },
            {
                "title": "Garter Lane Arts Centre",
                "category": "Performing arts theatre",
                "url": "http://www.garterlane.ie/",
                "img": "https://lh5.googleusercontent.com/p/AF1QipPD0PGcFQYMuRoPN_wEUJN8a-8QUc5LmTe8Enlk=w148-h148-n-k-no"
            },
            {
                "title": "Irish Museum of Time",
                "category": "Museum",
                "url": "http://www.waterfordtreasures.com/",
                "img": "https://lh5.googleusercontent.com/p/AF1QipOmYe6FRRLcu69AdoVdlcrzp7MycvtonGTd_umt=w148-h148-n-k-no"
            },
            {
                "title": "Cathedral of the Most Holy Trinity Within",
                "category": "Catholic cathedral",
                "url": "http://www.waterford-cathedral.com/",
                "img": "https://lh5.googleusercontent.com/p/AF1QipOcum1OLz3_KjvejUzTMYIxTVDd98Gml1Uwts8u=w148-h148-n-k-no"
            },
            {
                "title": "The Viking Triangle",
                "category": "Tourist attraction",
                "img": "https://lh5.googleusercontent.com/p/AF1QipMgZa53NIkQVTg7uinGou1hamYNuIPf7YdHawb2=w148-h148-n-k-no"
            },
            {
                "title": "The Viking Triangle",
                "category": "Neighborhood",
                "img": "https://lh5.googleusercontent.com/p/AF1QipNP8P7LrBXGkebfODFYoru2inrhIa8ejsWxOiC-=w148-h148-n-k-no"
            },
            {
                "title": "Christ Church Cathedral",
                "category": "Cathedral",
                "url": "https://christchurchcathedral.ie/",
                "img": "https://lh4.googleusercontent.com/proxy/5Cv0lKYAHcLgVFoGEhyz8k9ZRMQuUIcoL69wrRaMd2LAA2zylY6LxyGOb1ejqSUZWuLlGCXJKBXTaaMczu7S09L6Lss1tLJUrvgbmnn0x1viIVXLi84aw-N5T2SsuuPuO96m7gyogJVUljVBy9Fd5f0UAWzoBQ=w148-h148-n-k-no"
            },
            {
                "title": "Hook Lighthouse",
                "category": "Historical place",
                "url": "https://hookheritage.ie/",
                "img": "https://lh5.googleusercontent.com/p/AF1QipPwuVIpo1oeWGvcs2rhYSm8MTQ3Ks7J8-a6jVjK=w148-h148-n-k-no"
            },
            {
                "title": "Mount Congreve Gardens",
                "category": "Botanical garden",
                "url": "http://www.mountcongreve.com/",
                "img": "https://lh5.googleusercontent.com/p/AF1QipMl69Gm1cTWKtjJoUZWEEsgpIfTTK_bT09xivDh=w148-h148-n-k-no"
            },
            {
                "title": "Waterford Suir Valley Railway",
                "category": "Tourist attraction",
                "url": "http://www.wsvrailway.ie/",
                "img": "https://lh5.googleusercontent.com/p/AF1QipNrVnl2Bh4qvLzwx6yMtZmY9lh0cUTRv-Vb_MDS=w148-h148-n-k-no"
            },
            {
                "title": "The Apple Market",
                "category": "Events Venue",
                "url": "http://theapplemarket.ie/",
                "img": "https://lh5.googleusercontent.com/p/AF1QipPHGo1HbaHDXrn8W8C1bWrxjGGw72uX0BfOiIo7=w148-h148-n-k-no"
            },
            {
                "title": "St. Patrick's Gateway Centre",
                "category": "Community centre",
                "img": "https://lh5.googleusercontent.com/p/AF1QipNLRbtdN7RlYMa9BEjjnLdRdKLuNNTJEBJLRln9=w148-h148-n-k-no"
            }
        ],
        "South Dublin": [
            {
                "title": "Tymon Park",
                "category": "Park and Garden",
                "url": "https://www.sdcc.ie/en/services/sport-and-recreation/parks/tymon-park.html",
                "img": "https://lh5.googleusercontent.com/p/AF1QipM-x-lYKKDmHNQt5uylFCso3-SigRtlY-plyH8G=w148-h148-n-k-no"
            },
            {
                "title": "Zipit Forest Adventures",
                "category": "Tourist attraction",
                "url": "http://www.zipit.ie/",
                "img": "https://lh5.googleusercontent.com/p/AF1QipNhkAnuQQwb0GpLRLAAcPD7oNCCCAsZr_xFTVG5=w148-h148-n-k-no"
            },
            {
                "title": "Rathfarnham Castle",
                "category": "Castle",
                "url": "http://www.rathfarnhamcastle.ie/",
                "img": "https://lh5.googleusercontent.com/p/AF1QipOVf2MtUrAnYcZ00x_1A3DuV8lkaMhlS9AiUdLR=w148-h148-n-k-no"
            },
            {
                "title": "Pearse Museum",
                "category": "National museum",
                "url": "http://pearsemuseum.ie/",
                "img": "https://lh5.googleusercontent.com/p/AF1QipMCLK7zfVkiCN4x4MuZFnSBi9ifPEmsR0y8YYEE=w148-h148-n-k-no"
            },
            {
                "title": "Rafting.ie - Kayaking & Rafting Activities",
                "category": "Rafting",
                "url": "https://rafting.ie/?utm_source=googlemybusiness&utm_medium=referral",
                "img": "https://lh5.googleusercontent.com/p/AF1QipNmM6UwasbOQSP6dXY1R6B_VO5zDkg91rLpYEgr=w148-h148-n-k-no"
            },
            {
                "title": "Marlay Park",
                "category": "Park and Garden",
                "img": "https://lh5.googleusercontent.com/p/AF1QipMKYSu3CeWURPmtdJISAra6DXHr7AECxQUM93-g=w148-h148-n-k-no"
            },
            {
                "title": "Clondalkin Round Tower",
                "category": "Historical landmark",
                "img": "https://lh5.googleusercontent.com/p/AF1QipM82pwxB-eiDAzvtcSR8YaA477K-jcOTtlxmX6e=w148-h148-n-k-no"
            },
            {
                "title": "Dublin Mountains Way",
                "category": "Trail head",
                "img": "https://lh5.googleusercontent.com/p/AF1QipNkBVwou8lsWtJpuYoGPe2UgDnIEwb8pZJW1wIB=w148-h148-n-k-no"
            },
            {
                "title": "Mountpelier Hill",
                "category": "Mountain peak",
                "img": "https://lh5.googleusercontent.com/p/AF1QipN5buoW_RptXuJcTkhLVbr3r58CKXedYmeCH6B3=w148-h148-n-k-no"
            },
            {
                "title": "St Patrick's Cathedral",
                "category": "Cathedral",
                "url": "https://www.stpatrickscathedral.ie/",
                "img": "https://lh5.googleusercontent.com/p/AF1QipNqS2IJ0LKbiWOilWkSctV48eEuLA1dfx_yQuFY=w148-h148-n-k-no"
            },
            {
                "title": "National Museum of Ireland - Natural History",
                "category": "National museum",
                "url": "https://www.museum.ie/en-IE/Museums/Natural-History",
                "img": "https://lh5.googleusercontent.com/p/AF1QipPOmCDnzfpsPiVDP-u9uPwEqwaHtrkE2kH6VjZR=w148-h148-n-k-no"
            },
            {
                "title": "Irish Jewish Museum",
                "category": "Museum",
                "url": "http://jewishmuseum.ie/",
                "img": "https://lh5.googleusercontent.com/p/AF1QipPtOBlbIjMhCwyRvTYiyOKWoPwopSIQWj0h0WcA=w148-h148-n-k-no"
            },
            {
                "title": "The Jeanie Johnston: An Irish Famine Story",
                "category": "Museum",
                "url": "https://jeaniejohnston.ie/?utm_source=googlemybusiness&utm_medium=referral",
                "img": "https://lh5.googleusercontent.com/p/AF1QipOQnhi4biQUN_IjfrSzWM0KeI0tFawLx6ehljMg=w148-h148-n-k-no"
            },
            {
                "title": "Poolbeg Lighthouse",
                "category": "Tourist attraction",
                "url": "https://www.dublinport.ie/",
                "img": "https://lh5.googleusercontent.com/p/AF1QipPlrhD9ibvuoDjJjDIybBoBuWUzJ1mYbKYAGvCQ=w148-h148-n-k-no"
            },
            {
                "title": "Vue Cinema Dublin",
                "category": "Cinema",
                "url": "https://www.myvue.com/cinema/dublin/whats-on",
                "img": "https://lh5.googleusercontent.com/p/AF1QipOJSVMdOGzvWkiisDV9_zsl2Si9TX1ZmfwNMbKM=w148-h148-n-k-no"
            },
            {
                "title": "River Liffey",
                "category": "River",
                "img": "https://lh5.googleusercontent.com/p/AF1QipNvaIxqE1a0ot0w40rUP_royKd4l0No5F3pYwBm=w148-h148-n-k-no"
            }
        ],
        "Dublin": [
            {
                "title": "Guinness Storehouse",
                "category": "Brewery",
                "url": "https://www.guinness-storehouse.com/en/home?utm_source=Google&utm_medium=Organic&utm_campaign=gsh_google_my_business&utm_id=Google+My+Business+",
                "img": "https://lh5.googleusercontent.com/p/AF1QipOfctTyVTRCrtN4vXOvDl_DFWWy_UKH9N02JSBU=w148-h148-n-k-no"
            },
            {
                "title": "EPIC The Irish Emigration Museum",
                "category": "Museum",
                "url": "https://epicchq.com/?utm_source=mybusiness&utm_medium=organic",
                "img": "https://lh5.googleusercontent.com/p/AF1QipNcn4k3hux7ZtRFJ983fnvo0Uk9t_DIhV8uwTKb=w148-h148-n-k-no"
            },
            {
                "title": "National Museum of Ireland - Archaeology",
                "category": "Museum",
                "url": "https://www.museum.ie/Home",
                "img": "https://lh5.googleusercontent.com/p/AF1QipN7OeomZObm_yKVa7T30FNqjY0sZcL4qdS7Ryvx=w148-h148-n-k-no"
            },
            {
                "title": "Phoenix Park",
                "category": "Park and Garden",
                "url": "http://www.phoenixpark.ie/",
                "img": "https://lh4.googleusercontent.com/proxy/0FFRHkqPm-IylWWIwD5dSUHbmU-tbSRR6VAKEAYVIjILbcpo1qIJRqr700YdxqZ0xjGEVRPBzku0lTlyghSJmB-TOrf3R7ctCKxQaOtFICTWkqhczDRg-2cMrRvjEm6i1MlushYB7caWY7rvXVC9y5xyfizLeqg=w148-h148-n-k-no"
            },
            {
                "title": "Trinity College Dublin",
                "category": "University",
                "url": "https://www.tcd.ie/",
                "img": "https://lh5.googleusercontent.com/p/AF1QipO2vWQ_qOQdJyIfeXsDyDKQwIJivkrPtV9tok8=w148-h148-n-k-no"
            },
            {
                "title": "Dublin Zoo",
                "category": "Zoo",
                "url": "https://www.dublinzoo.ie/",
                "img": "https://lh5.googleusercontent.com/p/AF1QipMFwYu69o6hB41iorH9QIXrRf5AyXyL0ZIi4ZzD=w148-h148-n-k-no"
            },
            {
                "title": "National Gallery of Ireland",
                "category": "Art gallery",
                "url": "https://www.nationalgallery.ie/",
                "img": "https://lh5.googleusercontent.com/p/AF1QipNeKOM9zBHt85jtc5_I4Ud4botT7sGeks4nkoBz=w148-h148-n-k-no"
            },
            {
                "title": "The Little Museum of Dublin",
                "category": "Museum",
                "url": "http://www.littlemuseum.ie/",
                "img": "https://lh5.googleusercontent.com/p/AF1QipN5hz066EiiF-rzU1ozOwQML4Fatk4lZc15pD9I=w148-h148-n-k-no"
            },
            {
                "title": "St Patrick's Cathedral",
                "category": "Cathedral",
                "url": "https://www.stpatrickscathedral.ie/",
                "img": "https://lh5.googleusercontent.com/p/AF1QipNqS2IJ0LKbiWOilWkSctV48eEuLA1dfx_yQuFY=w148-h148-n-k-no"
            },
            {
                "title": "Irish Whiskey Museum",
                "category": "Museum",
                "url": "https://www.irishwhiskeymuseum.ie/",
                "img": "https://lh5.googleusercontent.com/p/AF1QipNWiHS9mq14zzsQTQrV1jsQmDCNwHT-7J0WBi4=w148-h148-n-k-no"
            },
            {
                "title": "Kilmainham Gaol",
                "category": "Museum",
                "url": "https://www.kilmainhamgaolmuseum.ie/",
                "img": "https://lh5.googleusercontent.com/p/AF1QipO60l8NPCyCeShA7zME4IYahVaGe9LgzE5HFFkq=w148-h148-n-k-no"
            },
            {
                "title": "The Book of Kells Experience",
                "category": "Tourist attraction",
                "url": "https://bookofkellsexperience.ie/",
                "img": "https://lh5.googleusercontent.com/p/AF1QipPi1X3M2g1uCCQnIYn8v2oHLivp1hBGCbEKzSlt=w148-h148-n-k-no"
            },
            {
                "title": "Dublin Castle",
                "category": "Castle",
                "url": "https://www.dublincastle.ie/",
                "img": "https://lh5.googleusercontent.com/p/AF1QipMt3aMSE1AFcVGjX9pg1EQuY8_HfAOtHzv46Otd=w148-h148-n-k-no"
            },
            {
                "title": "Christ Church Cathedral",
                "category": "Cathedral",
                "url": "https://christchurchcathedral.ie/",
                "img": "https://lh4.googleusercontent.com/proxy/5Cv0lKYAHcLgVFoGEhyz8k9ZRMQuUIcoL69wrRaMd2LAA2zylY6LxyGOb1ejqSUZWuLlGCXJKBXTaaMczu7S09L6Lss1tLJUrvgbmnn0x1viIVXLi84aw-N5T2SsuuPuO96m7gyogJVUljVBy9Fd5f0UAWzoBQ=w148-h148-n-k-no"
            },
            {
                "title": "Chester Beatty",
                "category": "Museum",
                "url": "http://www.chesterbeatty.ie/",
                "img": "https://lh5.googleusercontent.com/p/AF1QipOp8xWFlNuuGnhYP394KdtAQPPwOZv3bdUciGVw=w148-h148-n-k-no"
            },
            {
                "title": "National Museum of Ireland - Natural History",
                "category": "National museum",
                "url": "https://www.museum.ie/en-IE/Museums/Natural-History",
                "img": "https://lh5.googleusercontent.com/p/AF1QipPOmCDnzfpsPiVDP-u9uPwEqwaHtrkE2kH6VjZR=w148-h148-n-k-no"
            }
        ],
        "Galway": [
            {
                "title": "Eyre Square",
                "category": "Park and Garden",
                "url": "http://www.galwaycity.ie/public-parks",
                "img": "https://lh5.googleusercontent.com/p/AF1QipOdzYHSXO4iBOTQMBbTww1jaog_boZPn5Hn5pV7=w148-h148-n-k-no"
            },
            {
                "title": "Galway Cathedral",
                "category": "Cathedral",
                "url": "https://www.galwaycathedral.ie/",
                "img": "https://lh5.googleusercontent.com/p/AF1QipN5CCKnSB6op1x7lzCf7XsPdX7oQBr2_j4C5f35=w148-h148-n-k-no"
            },
            {
                "title": "Galway City Museum",
                "category": "Museum",
                "url": "http://www.galwaycitymuseum.ie/",
                "img": "https://lh5.googleusercontent.com/proxy/K4IA2ncF7JM_A8pKFg2wFT9WTbFgEMnAFdy3x-gemp7q0gKNk0Rbo09vdh5kDEU84Rwnx6T3jIMD_CW_1K3xX9skplLQKBU6S-_HcL4FSBTnpAq1lhh0vtCAsdcsZDqTseNU2wm3MCdx_gPca0jlTxVwcZeH7MA=w148-h148-n-k-no"
            },
            {
                "title": "The Latin Quarter",
                "category": "Tourist attraction",
                "url": "http://www.thelatinquarter.ie/",
                "img": "https://lh5.googleusercontent.com/p/AF1QipPDiHJWfJSHdGu1CqcOK9Qcx9oTGxrfYbS82_A=w148-h148-n-k-no"
            },
            {
                "title": "Salthill Prom",
                "category": "Promenade",
                "url": "https://www.galwaycity.ie/beaches",
                "img": "https://lh5.googleusercontent.com/p/AF1QipMe6gn4VedPUdy5Wy32LlIHCTUzo191q0EVoka-=w148-h148-n-k-no"
            },
            {
                "title": "Wild Atlantic Way Day Tours",
                "category": "Sightseeing Tour Agency",
                "url": "https://wildatlanticwaydaytours.com/?utm_source=google&utm_medium=organic&utm_campaign=google_my_business",
                "img": "https://lh5.googleusercontent.com/p/AF1QipOXtiknvHL7oNNBBbL_LeyYcxVuSaXC0hsplaxh=w148-h148-n-k-no"
            },
            {
                "title": "Aran Island Ferries",
                "category": "Ferry service",
                "url": "http://www.aranislandferries.com/",
                "img": "https://lh5.googleusercontent.com/p/AF1QipPl6D09_XAcE10THvrjQscjv4e23akR8vGVYx2b=w148-h148-n-k-no"
            },
            {
                "title": "Spanish Arch",
                "category": "Historical landmark",
                "url": "https://www.galwaytourism.ie/pThe-Spanish-Arch.html",
                "img": "https://lh5.googleusercontent.com/p/AF1QipOueaEccrbHarAm0PnpL1TJpXvjS7A0w9cPlYGs=w148-h148-n-k-no"
            },
            {
                "title": "Kirwan's",
                "category": "Seafood restaurant",
                "url": "https://www.kirwanslane.ie/",
                "img": "https://lh5.googleusercontent.com/p/AF1QipNjTSMG-96yG4kkeQc6f9BZ4sgPWU3nNme2vjp2=w148-h148-n-k-no"
            },
            {
                "title": "Galway Market",
                "category": "Market",
                "url": "http://www.galwaymarket.com/",
                "img": "https://lh5.googleusercontent.com/p/AF1QipOLZepGtgf-CTyOE9JWr4BmmmvHXcmbbovLIMNq=w148-h148-n-k-no"
            },
            {
                "title": "Kylemore Abbey & Victorian Walled Garden",
                "category": "Tourist attraction",
                "url": "https://www.kylemoreabbey.com/?utm_source=mybusiness&utm_medium=organic",
                "img": "https://lh5.googleusercontent.com/proxy/QSfAbjpH8wdsMJAcihIM-_9Ki_d_Q8FzyAJ4wykj2NzYOa_zw-4kwdQYCgh_yEwqfnb90Ev29dylQCf70IGT2K8t9D08qtvW2nLOgoRRNynJ6T9EcSYmMwtydW_QeeskXsvrUbOoS7KZ5qE-dqR4cNyZXsxcQuI=w148-h148-n-k-no"
            },
            {
                "title": "Saint Nicholas' Collegiate Church",
                "category": "Anglican church",
                "url": "http://www.stnicholas.ie/",
                "img": "https://lh3.googleusercontent.com/proxy/efxvvDWVv15EnHIHXPLm3fvF74nlvbWnl32oL-HTPqpYoy-fnw3pxROmJI0O-RCksYgc3b_ZftE957mfixj7N7w9dYyFIXhRJyVBgZ0XV5qPmBZdCX9pRrA3h4j8CggnnsOcLtPtNBtDjYK2dzD09AHxGUS3WA=w148-h148-n-k-no"
            },
            {
                "title": "Quay Street",
                "category": "Notable street",
                "img": "https://lh5.googleusercontent.com/p/AF1QipO1D3XmG1o5iI8UAV8NCFWRX0ii4VcDy6dpOjrz=w148-h148-n-k-no"
            },
            {
                "title": "Leisureland",
                "category": "Leisure centre",
                "url": "http://www.leisureland.ie/",
                "img": "https://lh5.googleusercontent.com/p/AF1QipOesoWsqyQ823WCVoZdfl-oDbnHZgcuejjPOkgz=w148-h148-n-k-no"
            },
            {
                "title": "Galway Golf Club",
                "category": "Golf club",
                "url": "http://www.galwaygolf.com/",
                "img": "https://lh5.googleusercontent.com/p/AF1QipN1bwBZYmsweKIsPE7S7MznyZdNuq0JyS4K9Nc_=w148-h148-n-k-no"
            },
            {
                "title": "Hall of the Red Earl",
                "category": "Historical landmark",
                "url": "http://www.galwaycivictrust.ie/",
                "img": "https://lh5.googleusercontent.com/p/AF1QipPPb4w37jPuIM_L7fRJT0mOEJXRqbB_wYzfmfmq=w148-h148-n-k-no"
            }
        ],
        "Limerick": [
            {
                "title": "King John's Castle",
                "category": "Castle",
                "url": "https://www.kingjohnscastle.com/",
                "img": "https://lh5.googleusercontent.com/p/AF1QipMyGNXN6X3JUFbaAK3r_Ua2K2dQSwboQotRB1E9=w148-h148-n-k-no"
            },
            {
                "title": "The Milk Market",
                "category": "Market",
                "url": "http://www.milkmarketlimerick.ie/",
                "img": "https://lh5.googleusercontent.com/p/AF1QipNEqfeTZgdoH5zqHQq7YtgZyiZLxGCSC2ro0jQI=w148-h148-n-k-no"
            },
            {
                "title": "The Hunt Museum",
                "category": "Art museum",
                "url": "http://www.huntmuseum.com/",
                "img": "https://lh5.googleusercontent.com/p/AF1QipMN_AwqNlw87hkaK6vTWbeFS5M5gw4MOryyziQt=w148-h148-n-k-no"
            },
            {
                "title": "People's Park, Limerick",
                "category": "Park and Garden",
                "url": "https://www.limerick.ie/",
                "img": "https://lh5.googleusercontent.com/p/AF1QipMwWxxxGrv3997VqG-Kzp_UH1iPrFNRUan80_tY=w148-h148-n-k-no"
            },
            {
                "title": "Saint Mary's Cathedral",
                "category": "Cathedral",
                "url": "http://www.cathedral.limerick.anglican.org/",
                "img": "https://lh5.googleusercontent.com/p/AF1QipPdqkDEYjULUJM1AaGpfn3gbaFlAW6seDPXZcMw=w148-h148-n-k-no"
            },
            {
                "title": "Thomond Park",
                "category": "Stadium",
                "url": "http://thomondpark.ie/",
                "img": "https://lh5.googleusercontent.com/p/AF1QipMgVL1wJklfYZc-4t1UC8FafXI8rOCugoN3POac=w148-h148-n-k-no"
            },
            {
                "title": "St John's Cathedral",
                "category": "Catholic cathedral",
                "url": "http://www.limerickcathedral.com/",
                "img": "https://lh5.googleusercontent.com/p/AF1QipO78JgHCgAk8_E_5pcNjLWclsg-m3myVwdZuRqy=w148-h148-n-k-no"
            },
            {
                "title": "Bunratty Castle & Folk Park",
                "category": "Castle",
                "url": "https://www.bunrattycastle.ie/",
                "img": "https://lh5.googleusercontent.com/p/AF1QipMoY23bolwD9itsA37VBFB1Fc_6nnUbrvo7z9FN=w148-h148-n-k-no"
            },
            {
                "title": "University of Limerick",
                "category": "University",
                "url": "http://www.ul.ie/",
                "img": "https://lh5.googleusercontent.com/p/AF1QipNlvZkCnM4DRmsI4sMf-0ao97jB6ALCKgB2x8vg=w148-h148-n-k-no"
            },
            {
                "title": "Treaty City Brewery",
                "category": "Brewery",
                "url": "http://treatycitybrewery.ie/",
                "img": "https://lh5.googleusercontent.com/p/AF1QipOTODvK5XYLsWYVczzFj4mQWs6PMzwIAhDvC7qj=w148-h148-n-k-no"
            },
            {
                "title": "Limerick City Gallery of Art",
                "category": "Art gallery",
                "url": "https://gallery.limerick.ie/Visit/Location/",
                "img": "https://lh5.googleusercontent.com/p/AF1QipP1Pu1HywyJtC2N_dTw6LkGk5I-LfeazUGuC7Er=w148-h148-n-k-no"
            },
            {
                "title": "Dolan's Pub and Restaurant",
                "category": "Live music venue",
                "url": "https://www.dolans.ie/",
                "img": "https://lh5.googleusercontent.com/p/AF1QipNgx08ZRt5tPaM4gLWofX7hfzwLOswc5bGWqlY6=w148-h148-n-k-no"
            },
            {
                "title": "Treaty Stone",
                "category": "Historical landmark",
                "url": "https://www.facebook.com/TreatyStone",
                "img": "https://lh5.googleusercontent.com/p/AF1QipNWrTvyFYejYcSmEAmhq1dk5uea7pjxndG5LibE=w148-h148-n-k-no"
            },
            {
                "title": "Limerick Museum",
                "category": "Local history museum",
                "url": "https://www.limerick.ie/limerick-museum",
                "img": "https://lh5.googleusercontent.com/p/AF1QipPcP9IY9ZEZpdd15PWber-1ceQo-j3wMGQO4V1j=w148-h148-n-k-no"
            },
            {
                "title": "The Locke Bar",
                "category": "Gastropub",
                "url": "https://www.lockebar.com/",
                "img": "https://lh5.googleusercontent.com/p/AF1QipPzTWNYjRevbCyLxbywataVDzW8Vft-wgZTii8P=w148-h148-n-k-no"
            },
            {
                "title": "International Rugby Experience, Limerick",
                "category": "Tourist attraction",
                "url": "http://www.internationalrugbyexperience.com/",
                "img": "https://lh5.googleusercontent.com/p/AF1QipN9M6YpIJBrJxDGbJxLAQEbTbr_bQUkPzl-vM8-=w148-h148-n-k-no"
            }
        ],
        "Cork": [
            {
                "title": "Blarney Castle & Gardens",
                "category": "Castle",
                "url": "https://blarneycastle.ie/",
                "img": "https://lh5.googleusercontent.com/p/AF1QipO6S3TG5_09WZYW8k_DBV94teihn4UYmUrEKAaG=w148-h148-n-k-no"
            },
            {
                "title": "The English Market",
                "category": "Market",
                "url": "http://www.englishmarket.ie/",
                "img": "https://lh5.googleusercontent.com/p/AF1QipNArlmFnQVlEdaU4wVgN3K9UK-oDe0-Hg74RKKF=w148-h148-n-k-no"
            },
            {
                "title": "Blarney Stone",
                "category": "Tourist attraction",
                "url": "http://www.blarneycastle.ie/",
                "img": "https://lh5.googleusercontent.com/p/AF1QipP9XB1jXrRUpksJH0ZMmXyQHhWjQ6_ATbuvABUA=w148-h148-n-k-no"
            },
            {
                "title": "Fitzgerald Park",
                "category": "Park and Garden",
                "url": "https://www.corkcity.ie/en/council-services/services/sports-recreation-parks/parks/cork-city-council-parks.html",
                "img": "https://lh5.googleusercontent.com/p/AF1QipP6gZ0oFL8vFJ8Co8n9cpTCYS_OXsysibYrPBvP=w148-h148-n-k-no"
            },
            {
                "title": "Blackrock Castle Observatory",
                "category": "Tourist attraction",
                "url": "http://www.bco.ie/",
                "img": "https://lh3.googleusercontent.com/proxy/NIbeF0-vBklmYYt7_M6n49wY2qy0fa0n_3w578zzQyE4o7gkXbrC2kMmfeIQYB0o6un4mgFlDTTF3X2ByLvnDITteb8YOZ1qdDw23V7pd6XwKX7yQvZjNWm3R1WcAnLuNlJ3LzChheetWYr2IUZ78y3zBt0IQA=w148-h148-n-k-no"
            },
            {
                "title": "Cork City Gaol",
                "category": "History museum",
                "url": "http://corkcitygaol.com/",
                "img": "https://lh5.googleusercontent.com/p/AF1QipNY5ogtMr-m39M0q7lMT5Dn0vDbYoO2EwEHT4o=w148-h148-n-k-no"
            },
            {
                "title": "Saint Fin Barre's Cathedral",
                "category": "Cathedral",
                "url": "https://corkcathedral.com/",
                "img": "https://lh3.googleusercontent.com/proxy/4chS1pgldo1jLX6XtfPJdJLmsq-YZoY6PjQA6e6cw8pjyyUMpYZoEiUu2NIvkcK2zHYFc1LIqo8a1jCcjV5r-EXKysOo-4KVk4fxOJ2nQTMCQbrGQ0Nh46FXfzk8YOOal4LdvzxhUjBSKw443dMpxdfxl_B5DHo=w148-h148-n-k-no"
            },
            {
                "title": "Nano Nagle Place",
                "category": "Heritage museum",
                "url": "http://www.nanonagleplace.ie/",
                "img": "https://lh5.googleusercontent.com/p/AF1QipMon29IDrtgC1EBrtNkWhSiu_qX8idN9iVY9Hgj=w148-h148-n-k-no"
            },
            {
                "title": "Shandon Bells & Tower St Anne's Church",
                "category": "Anglican church",
                "url": "http://www.shandonbells.ie/",
                "img": "https://lh5.googleusercontent.com/proxy/B_r-FiUpgdHvPJD8PDYj15Ifn0ocUzfxuFXeudLfIieOHwW1wVur6DTzo13dDqtr6A44sMz4873odlNG3xlvJxZjPtBpZVT-hXYOqwAnIU9C9zljhISlQfnHIgGz0snnGa6Wkfz2-XhOzx22_qFKr_n8hLWpRA=w148-h148-n-k-no"
            },
            {
                "title": "Cork Opera House",
                "category": "Opera house",
                "url": "https://www.corkoperahouse.ie/",
                "img": "https://lh5.googleusercontent.com/p/AF1QipNLHQ83CB3W7Cz2pbGEKKmAfzD7IK51JxBDZ6FM=w148-h148-n-k-no"
            },
            {
                "title": "Sin é",
                "category": "Irish pub",
                "url": "https://corkheritagepubs.com/pub/sin-e/",
                "img": "https://lh5.googleusercontent.com/p/AF1QipNYY_GMwDU5abW101mE4NnGE7CokPFEfqgK-sfB=w148-h148-n-k-no"
            },
            {
                "title": "Rebel City Distillery",
                "category": "Distillery",
                "url": "http://www.rebelcitydistillery.com/?utm_source=google&utm_medium=organic&utm_campaign=gmb",
                "img": "https://lh5.googleusercontent.com/p/AF1QipPPa4SzOWdJMO1WIisnzMe-2rMx78h2WRlha4N9=w148-h148-n-k-no"
            },
            {
                "title": "Cork Public Museum",
                "category": "Museum",
                "url": "https://www.corkcity.ie/en/cork-public-museum/",
                "img": "https://lh5.googleusercontent.com/proxy/HYTKEwxNuwOlfdUb0VSQ6PiZE55FQwlh0b5OimswgL_6jgZygRa132m1PepY3POJQFovwVm6WxLv4xj7u96E86-2S4Nn2kxQ_khEkQwzLaXxUfyCY6j2mqf4EYYN6kGSEmIHRWIJMO0kjwlDifK2A5z_pNyCkw=w148-h148-n-k-no"
            },
            {
                "title": "Crawford Art Gallery",
                "category": "Art gallery",
                "url": "https://www.crawfordartgallery.ie/",
                "img": "https://lh5.googleusercontent.com/p/AF1QipPQzjpZFTh74Y8Nw2SsMF1gtPnOzhZ0Odj11idL=w148-h148-n-k-no"
            },
            {
                "title": "University College Cork",
                "category": "University",
                "url": "https://www.ucc.ie/",
                "img": "https://lh5.googleusercontent.com/p/AF1QipMRIzNCt1Kjvz5fZrnZeBKPfyBU0E59JX-u-TCW=w148-h148-n-k-no"
            },
            {
                "title": "Elizabeth Fort",
                "category": "Historical landmark",
                "url": "http://elizabethfort.ie/",
                "img": "https://lh5.googleusercontent.com/p/AF1QipPsXBgCpxPle3WdAwjVXj5FhDQnFNG91CWEy_U8=w148-h148-n-k-no"
            }
        ]
    },
    "sights": [
        {
            "title": "National Gallery of Ireland",
            "category": "Art gallery",
            "url": "https://www.nationalgallery.ie/",
            "img": "https://lh5.googleusercontent.com/p/AF1QipNeKOM9zBHt85jtc5_I4Ud4botT7sGeks4nkoBz=w148-h148-n-k-no"
        },
        {
            "title": "The Little Museum of Dublin",
            "category": "Museum",
            "url": "http://www.littlemuseum.ie/",
            "img": "https://lh5.googleusercontent.com/p/AF1QipN5hz066EiiF-rzU1ozOwQML4Fatk4lZc15pD9I=w148-h148-n-k-no"
        },
        {
            "title": "Kilkenny Castle",
            "category": "Castle",
            "url": "http://www.kilkennycastle.ie/",
            "img": "https://lh5.googleusercontent.com/p/AF1QipMStUFt3jVA5Fu9iPxzVM9Hoc9LpO8wSrwbVEvG=w148-h148-n-k-no"
        },
        {
            "title": "Bunratty Castle & Folk Park",
            "category": "Castle",
            "url": "https://www.bunrattycastle.ie/",
            "img": "https://lh5.googleusercontent.com/p/AF1QipMoY23bolwD9itsA37VBFB1Fc_6nnUbrvo7z9FN=w148-h148-n-k-no"
        },
        {
            "title": "EPIC The Irish Emigration Museum",
            "category": "Museum",
            "url": "https://epicchq.com/?utm_source=mybusiness&utm_medium=organic",
            "img": "https://lh5.googleusercontent.com/p/AF1QipNcn4k3hux7ZtRFJ983fnvo0Uk9t_DIhV8uwTKb=w148-h148-n-k-no"
        },
        {
            "title": "Powerscourt House & Gardens",
            "category": "Garden",
            "url": "https://powerscourt.com/",
            "img": "https://lh5.googleusercontent.com/p/AF1QipPUcj0uJ-7hgZatX8MiV8JQufTgSqNgSg8g150J=w148-h148-n-k-no"
        },
        {
            "title": "Irish Whiskey Museum",
            "category": "Museum",
            "url": "https://www.irishwhiskeymuseum.ie/",
            "img": "https://lh5.googleusercontent.com/p/AF1QipNWiHS9mq14zzsQTQrV1jsQmDCNwHT-7J0WBi4=w148-h148-n-k-no"
        },
        {
            "title": "Guinness Storehouse",
            "category": "Brewery",
            "url": "https://www.guinness-storehouse.com/en/home?utm_source=Google&utm_medium=Organic&utm_campaign=gsh_google_my_business&utm_id=Google+My+Business+",
            "img": "https://lh5.googleusercontent.com/p/AF1QipOfctTyVTRCrtN4vXOvDl_DFWWy_UKH9N02JSBU=w148-h148-n-k-no"
        },
        {
            "title": "Muckross House",
            "category": "Museum",
            "url": "https://www.muckross-house.ie/",
            "img": "https://lh5.googleusercontent.com/p/AF1QipM_7Y_fQhEFUb_jTyO99_MELD2XmSzWHVsYb27i=w148-h148-n-k-no"
        },
        {
            "title": "Jameson Distillery Bow St.",
            "category": "Distillery",
            "url": "https://www.jamesonwhiskey.com/en-ie/visit-our-distilleries/jameson-bow-street-distillery-tour/",
            "img": "https://lh5.googleusercontent.com/p/AF1QipNFXftxbJ3hmSF43ZvUXC9i3Ei6LG8WWDnqlVQ=w148-h148-n-k-no"
        },
        {
            "title": "Blarney Stone",
            "category": "Tourist attraction",
            "url": "http://www.blarneycastle.ie/",
            "img": "https://lh5.googleusercontent.com/p/AF1QipP9XB1jXrRUpksJH0ZMmXyQHhWjQ6_ATbuvABUA=w148-h148-n-k-no"
        },
        {
            "title": "Killarney National Park",
            "category": "National park",
            "url": "https://www.killarneynationalpark.ie/",
            "img": "https://lh5.googleusercontent.com/p/AF1QipMDr7wSnBCGXn5pCi6FfUYP7FOQSSB1DxRLhej0=w148-h148-n-k-no"
        },
        {
            "title": "Kilmainham Gaol",
            "category": "Museum",
            "url": "https://www.kilmainhamgaolmuseum.ie/",
            "img": "https://lh5.googleusercontent.com/p/AF1QipO60l8NPCyCeShA7zME4IYahVaGe9LgzE5HFFkq=w148-h148-n-k-no"
        },
        {
            "title": "Trinity College Dublin",
            "category": "University",
            "url": "https://www.tcd.ie/",
            "img": "https://lh5.googleusercontent.com/p/AF1QipPXSP5AFQCHh0Q1_fNVN7zEMJdUhoI6cP_CvOxl=w148-h148-n-k-no"
        },
        {
            "title": "Rock of Cashel",
            "category": "Historical landmark",
            "url": "https://www.heritageireland.ie/en/south-east/rockofcashel/",
            "img": "https://lh5.googleusercontent.com/p/AF1QipNsnyYHkl2pjZV8S_0m974vUb8UkDQqt5yHbR1m=w148-h148-n-k-no"
        },
        {
            "title": "Glendalough Cathedral",
            "category": "Historical landmark",
            "url": "http://www.glendalough.ie/",
            "img": "https://lh5.googleusercontent.com/p/AF1QipP9_l1b7c2OtY96q3zWhWfBHYgQAyTOE6G4nHCq=w148-h148-n-k-no"
        }
    ]
}