{
    "cities": {
        "New Kingston": [
            {
                "title": "Peter Tosh Museum",
                "category": "Museum",
                "url": "http://petertosh.com/museum/",
                "img": "https://lh5.googleusercontent.com/p/AF1QipNYShVonWpTHGTB5XekZLggV_PE0aEZYidym8kX=w148-h148-n-k-no"
            },
            {
                "title": "Bob Marley Statue",
                "category": "Monument",
                "img": "https://lh5.googleusercontent.com/p/AF1QipP1ivPtSd4iFa-uM0pIifP3U-i_b0EBSqCyaCOO=w148-h148-n-k-no"
            },
            {
                "title": "The Art of Motivation Inc",
                "category": "Art gallery",
                "url": "https://theartofmotivationinc.com/",
                "img": "https://lh5.googleusercontent.com/p/AF1QipNjalYeJrWMZdzb45cYoBQcrvAJoe4_KAYUjAt3=w148-h148-n-k-no"
            },
            {
                "title": "Palace Cineplex",
                "category": "Cinema",
                "url": "https://www.palaceamusement.com/cinema.php?id=cineplex",
                "img": "https://lh5.googleusercontent.com/p/AF1QipMMmunoC2DrKGmJeSd6oi8jMJeVEc4X80udpUgZ=w148-h148-n-k-no"
            },
            {
                "title": "Holywell Park Jamaica",
                "category": "National park",
                "url": "https://www.blueandjohncrowmountains.org/do/walks-and-hikes/holywell-nature-walks",
                "img": "https://lh5.googleusercontent.com/p/AF1QipNdtbBLUOMwaG45bZLb2Fk3gqcVU7m6kqtwCmCH=w148-h148-n-k-no"
            },
            {
                "title": "Laura Alexis Candles",
                "category": "Candle shop",
                "url": "https://lauraalexiscandles.com/",
                "img": "https://lh5.googleusercontent.com/p/AF1QipMZk3AoEUK-v8Jp0ZCn2v0-AJfcUOS0JDHz3A35=w148-h148-n-k-no"
            },
            {
                "title": "The Sky Gallery",
                "category": "Art gallery",
                "url": "http://theskygalleryja.com/",
                "img": "https://lh5.googleusercontent.com/p/AF1QipMAp1P_Bkg7oZpmeQkC-QVGNM-ZJPvmBJuYtCU=w148-h148-n-k-no"
            },
            {
                "title": "Anthony Spaulding Sports Complex",
                "category": "Sports complex",
                "img": "https://lh5.googleusercontent.com/p/AF1QipNHgHzrnZJUuFgOGxgtXCdwLFUOhJbMsQCzzjby=w148-h148-n-k-no"
            },
            {
                "title": "The Institute of Jamaica",
                "category": "Museum",
                "url": "http://instituteofjamaica.org.jm/",
                "img": "https://lh5.googleusercontent.com/p/AF1QipP3WjRf8C98fbgsryDCFlA2m4SQkLIsNWUQ33a7=w148-h148-n-k-no"
            },
            {
                "title": "Kingston Waterfront",
                "category": "Historical landmark",
                "url": "https://chukka.com/destinations/jamaica/?campaign=KingstonWaterfront&refid=reggaefallsjamaica",
                "img": "https://lh5.googleusercontent.com/p/AF1QipNQNYvd1XciitZbGCikuyi4qaRIGzSsEEJabTTc=w148-h148-n-k-no"
            },
            {
                "title": "Craighton Estate Blue Mountain Coffee Tour",
                "category": "Tourist attraction",
                "url": "http://www.uccjamaica.com/",
                "img": "https://lh5.googleusercontent.com/p/AF1QipPXhUUbRg4kvuwDqWn1666Baq9xGavhjIbP0Epl=w148-h148-n-k-no"
            },
            {
                "title": "Club Kingston - VIP Airport Lounge / VIP Attractions",
                "category": "Travel lounge",
                "url": "https://www.vipattractions.com/",
                "img": "https://lh5.googleusercontent.com/p/AF1QipP5RoqVtkPif0vMCZBASdUM8mPfDvK1r97I3SX-=w148-h148-n-k-no"
            },
            {
                "title": "Carib 5",
                "category": "Cinema",
                "url": "https://www.palaceamusement.com/index.php",
                "img": "https://lh5.googleusercontent.com/p/AF1QipPNUybhieH6Vea6YLU3pxYhNmZS3LeB0IEczd3e=w148-h148-n-k-no"
            },
            {
                "title": "Independence Park",
                "category": "Stadium",
                "img": "https://lh5.googleusercontent.com/p/AF1QipMOmy43zRhh03F4potswJaoe_xWElEjolxS8HRY=w148-h148-n-k-no"
            },
            {
                "title": "National Heroes Park",
                "category": "Park and Garden",
                "url": "http://www.jnht.com/site_national_heroes_park.php",
                "img": "https://lh5.googleusercontent.com/p/AF1QipO2LJ6MAmndQYTqCCFDtzaLTXA6NBPq5jyV-nAU=w148-h148-n-k-no"
            },
            {
                "title": "Emancipation Park",
                "category": "Park and Garden",
                "url": "http://www.emancipationpark.org.jm/",
                "img": "https://lh5.googleusercontent.com/p/AF1QipOoPQSMYoFD8MfU37obXeq6amE6faRfXgD5UNTg=w148-h148-n-k-no"
            }
        ],
        "Kingston": [
            {
                "title": "Bob Marley Museum",
                "category": "Museum",
                "img": "https://lh5.googleusercontent.com/p/AF1QipNlbqSxx9bPr6S6tlrgx3QzHP_z8DRoH6s8VNG-=w148-h148-n-k-no"
            },
            {
                "title": "Emancipation Park",
                "category": "Park and Garden",
                "img": "https://lh5.googleusercontent.com/p/AF1QipOoPQSMYoFD8MfU37obXeq6amE6faRfXgD5UNTg=w148-h148-n-k-no"
            },
            {
                "title": "Hope Botanical Gardens",
                "category": "Botanical garden",
                "img": "https://lh5.googleusercontent.com/p/AF1QipNOa4ePkrHYR1MKmGugTdv05TeUz2tug6ruDlHv=w148-h148-n-k-no"
            },
            {
                "title": "Devon House Bakery",
                "category": "Restaurant",
                "img": "https://lh5.googleusercontent.com/p/AF1QipMchCB57plMFerxN4gkVqfwlyg3HD97gGov59mS=w148-h148-n-k-no"
            },
            {
                "title": "National Gallery of Jamaica",
                "category": "Art museum",
                "img": "https://lh5.googleusercontent.com/proxy/AhR25U5B8Yq9w3l9X-OZTLGPMq5fiX_GoSyWrPiiYctdLaqJnCmAv-V2e79K3Bb_sGQc_AmXfuV-gLrviibr3G1OSECvCvkyUeO3aKfNDTMEsOA3PctFyPHi9y0zeFSZVyCjU0M-ZDJuMXmO01tSCiS_-ltRuQ=w148-h148-n-k-no"
            },
            {
                "title": "Trench Town Culture Yard Museum",
                "category": "Museum",
                "img": "https://lh5.googleusercontent.com/p/AF1QipMwcx48QzjbggLrO-rdmZ6TORBJPJN3zMcqY82N=w148-h148-n-k-no"
            },
            {
                "title": "National Heroes Park",
                "category": "Park and Garden",
                "img": "https://lh5.googleusercontent.com/p/AF1QipO2LJ6MAmndQYTqCCFDtzaLTXA6NBPq5jyV-nAU=w148-h148-n-k-no"
            },
            {
                "title": "Carib 5",
                "category": "Cinema",
                "img": "https://lh5.googleusercontent.com/p/AF1QipPNUybhieH6Vea6YLU3pxYhNmZS3LeB0IEczd3e=w148-h148-n-k-no"
            },
            {
                "title": "Trench Town",
                "category": "Neighborhood",
                "img": "https://lh5.googleusercontent.com/p/AF1QipOLOhmZfqpnBhiklnpgY7UExEAXD7d4a8Dpwhsm=w148-h148-n-k-no"
            },
            {
                "title": "Coronation Market Jamaica",
                "category": "Fresh food market",
                "img": "https://lh5.googleusercontent.com/p/AF1QipNlYKvZS_nbN-Uc8Th2fm1Jc7YT3-efZ4drj2By=w148-h148-n-k-no"
            },
            {
                "title": "Craighton Estate Blue Mountain Coffee Tour",
                "category": "Tourist attraction",
                "img": "https://lh5.googleusercontent.com/p/AF1QipPXhUUbRg4kvuwDqWn1666Baq9xGavhjIbP0Epl=w148-h148-n-k-no"
            },
            {
                "title": "Club Kingston - VIP Airport Lounge / VIP Attractions",
                "category": "Travel lounge",
                "img": "https://lh5.googleusercontent.com/p/AF1QipP5RoqVtkPif0vMCZBASdUM8mPfDvK1r97I3SX-=w148-h148-n-k-no"
            },
            {
                "title": "Holywell Park Jamaica",
                "category": "National park",
                "img": "https://lh5.googleusercontent.com/p/AF1QipNdtbBLUOMwaG45bZLb2Fk3gqcVU7m6kqtwCmCH=w148-h148-n-k-no"
            },
            {
                "title": "Anthony Spaulding Sports Complex",
                "category": "Sports complex",
                "img": "https://lh5.googleusercontent.com/p/AF1QipNHgHzrnZJUuFgOGxgtXCdwLFUOhJbMsQCzzjby=w148-h148-n-k-no"
            },
            {
                "title": "The Art of Motivation Inc",
                "category": "Art gallery",
                "img": "https://lh5.googleusercontent.com/p/AF1QipNjalYeJrWMZdzb45cYoBQcrvAJoe4_KAYUjAt3=w148-h148-n-k-no"
            },
            {
                "title": "Palace Cineplex",
                "category": "Cinema",
                "img": "https://lh5.googleusercontent.com/p/AF1QipMMmunoC2DrKGmJeSd6oi8jMJeVEc4X80udpUgZ=w148-h148-n-k-no"
            }
        ],
        "Spanish Town": [
            {
                "title": "Rodney's Memorial",
                "category": "Museum",
                "img": "https://lh5.googleusercontent.com/p/AF1QipNdmnyKmfvExVHOFEtiFecUGC0MDV7f55FfjjkM=w148-h148-n-k-no"
            },
            {
                "title": "Spanish Town Market",
                "category": "Market",
                "img": "https://lh5.googleusercontent.com/p/AF1QipMsJ6LFIoHdUAVIIFUrF-ncoRwJ6L7HOvUIGRU7=w148-h148-n-k-no"
            },
            {
                "title": "The Kingdom Wellness Center Ltd",
                "category": "Spa",
                "url": "https://thekingdomwellnesscenter.weebly.com/",
                "img": "https://lh5.googleusercontent.com/p/AF1QipPgps-QsVq9FCZdvaPIVsDCnMsfxcEPbetv1dsp=w148-h148-n-k-no"
            },
            {
                "title": "People’s Museum of Craft and Technology",
                "category": "Technology museum",
                "url": "https://museums-ioj.org.jm/",
                "img": "https://lh5.googleusercontent.com/p/AF1QipP8HPVwj68Jvclf9PweyPYXxyUtv562vFQWXjhA=w148-h148-n-k-no"
            },
            {
                "title": "State House Jamaica",
                "category": "State government office",
                "url": "https://kingshouse.gov.jm/",
                "img": "https://lh5.googleusercontent.com/p/AF1QipOcLRDtZLzhzcVzYrCp7tC_uStCWqKvupFJp3H6=w148-h148-n-k-no"
            },
            {
                "title": "The Jamaica Archives & Records Department/Archives Unit",
                "category": "State archive",
                "url": "http://jard.gov.jm/",
                "img": "https://lh5.googleusercontent.com/p/AF1QipP9juFg9USq3aV2NYW5fmUxvF7mygE0q0m49dF2=w148-h148-n-k-no"
            },
            {
                "title": "Cathedral of St. Jago de la Vega",
                "category": "Cathedral",
                "img": "https://lh5.googleusercontent.com/p/AF1QipP-TT7cN0JR5TjABbY7bzTQDysf02faWIgkfsIL=w148-h148-n-k-no"
            },
            {
                "title": "Port Henderson Beach",
                "category": "Lodging",
                "img": "https://lh5.googleusercontent.com/p/AF1QipNB0EgNuAyfstPoQfz7Y6wGoVdDfEV75qPOPe4a=w148-h148-n-k-no"
            },
            {
                "title": "DaCosta Farm and Attraction",
                "category": "Tourist attraction",
                "img": "https://lh5.googleusercontent.com/p/AF1QipODopSpV7evkz6QUPxWDv8inC3P9kDsHWfWmG3A=w148-h148-n-k-no"
            }
        ],
        "Montego Bay": [
            {
                "title": "Doctor's Cave Beach",
                "category": "Beach",
                "img": "https://lh5.googleusercontent.com/p/AF1QipP7dS9l7VMI9khFFvLRtgfDW5yYj5o-zYecegJz=w148-h148-n-k-no"
            },
            {
                "title": "Club Mobay",
                "category": "Travel lounge",
                "img": "https://lh5.googleusercontent.com/p/AF1QipOo6oViQrOzqq9uWoR8WUQRN21t155bzlCiqzfd=w148-h148-n-k-no"
            },
            {
                "title": "Harmony Beach Park",
                "category": "Park and Garden",
                "img": "https://lh5.googleusercontent.com/p/AF1QipNoMCh9dgQaCHuy5jZbFNzMwjcRw0b6bcPrQEOb=w148-h148-n-k-no"
            },
            {
                "title": "Grand Decameron Cornwall Beach, A Trademark All Inclusive",
                "category": "Hotel",
                "img": "https://lh5.googleusercontent.com/p/AF1QipO72tZ7VLLvxFVYL--rfUFcd9GPPQUX2Ytmlcxo=w148-h148-n-k-no"
            },
            {
                "title": "Dead End Beach",
                "category": "Tourist attraction",
                "img": "https://lh5.googleusercontent.com/p/AF1QipNsoNLW4-3L92jQ0ffO9IyC2ZM77n4p4cPOsbG4=w148-h148-n-k-no"
            },
            {
                "title": "Margaritaville Montego Bay",
                "category": "Restaurant",
                "img": "https://lh5.googleusercontent.com/p/AF1QipOdDePrRVMBFslyHI2I8XRkRGN2U7fVhng6vrQF=w148-h148-n-k-no"
            },
            {
                "title": "Montego Bay Marine Park Trust",
                "category": "Non-Governmental Organisation",
                "img": "https://lh5.googleusercontent.com/p/AF1QipNQ2GgfATSF14eNgFeW0e9lYMlPLMq6Pruk_EKZ=w148-h148-n-k-no"
            },
            {
                "title": "Montego Bay Yacht Club",
                "category": "Marina",
                "img": "https://lh5.googleusercontent.com/p/AF1QipMDveNrHux6yU8fM0Ez08Erdd2T2WdHuJGAx3-U=w148-h148-n-k-no"
            },
            {
                "title": "Montego Bay Yacht Club",
                "category": "Yacht club",
                "img": "https://lh5.googleusercontent.com/p/AF1QipNYxFmt5VlAY62p0Rs0HeRNEctz7LntHMlBJbKU=w148-h148-n-k-no"
            },
            {
                "title": "Tropical Bliss",
                "category": "Beach",
                "img": "https://lh5.googleusercontent.com/p/AF1QipMntCbvW-yeiA83__zThIqPhrGf64-kqhcUSpiB=w148-h148-n-k-no"
            },
            {
                "title": "Hip Strip",
                "category": "Neighborhood",
                "img": "https://lh5.googleusercontent.com/p/AF1QipOOFoX5RdtTh6haphH9StfdMcaFlPe5N_ZMTD9J=w148-h148-n-k-no"
            },
            {
                "title": "Montego Bay Cruise Port",
                "category": "Cruise Terminal",
                "img": "https://lh5.googleusercontent.com/p/AF1QipOqwsll85CmsHGmINiLRU7Y3HqNIs62BcVL41Wk=w148-h148-n-k-no"
            },
            {
                "title": "Rose Hall Great House",
                "category": "Tourist attraction",
                "img": "https://lh5.googleusercontent.com/p/AF1QipOef6P9BaPGCZzXnbiS37nTx_OjrQYYwfD2w53A=w148-h148-n-k-no"
            },
            {
                "title": "The World Famous Dunn's River Falls & Park",
                "category": "Park and Garden",
                "img": "https://lh6.googleusercontent.com/proxy/bB_Kmkqeemig-sr1T2yWsnzX6ZSfw2Y_cUTSz_HFDmlGiXcj_mhdJMUpOB1ZdgfUHZtogmZjBx67qqHZT3JGW6vvYbpj6doLxsgUt_9BJyUfph0dGWVtTceM7i8sQYv3elgbDqoDIGZFucTxu7vThjh5B-VfeA=w148-h148-n-k-no"
            },
            {
                "title": "Ahhh...Ras natango Gallery and garden",
                "category": "Museum",
                "img": "https://lh5.googleusercontent.com/p/AF1QipNP22tEqgkspbnTbDlpOwXSXM88-bbozDxNwmdS=w148-h148-n-k-no"
            },
            {
                "title": "Montego Bay Cultural Centre",
                "category": "Cultural centre",
                "img": "https://lh5.googleusercontent.com/p/AF1QipP_9tj9GynNPq8QHXZPq0TrahdM_oHQFQ3nb0_O=w148-h148-n-k-no"
            }
        ],
        "Portmore": [
            {
                "title": "Buzzers Gaming Arcade",
                "category": "Video arcade",
                "url": "https://m.facebook.com/buzzersjamaica/",
                "img": "https://lh5.googleusercontent.com/p/AF1QipPji0Ezj489_brZrgICI5iha9pbYFgmqY6ovnae=w148-h148-n-k-no"
            },
            {
                "title": "The Auracle Salon",
                "category": "Eyelash salon",
                "url": "https://theauraclesalon.com/",
                "img": "https://lh5.googleusercontent.com/p/AF1QipN-vwZcYmpmly1WbRAoFYtUQczKCmUh7ZOUy6hd=w148-h148-n-k-no"
            },
            {
                "title": "Travelr Taxi Service PORTMORE",
                "category": "Taxi service",
                "url": "https://linktr.ee/taxijm",
                "img": "https://lh5.googleusercontent.com/p/AF1QipNo2sFLb2u_vfw1o9ddzH09NcLO2UFKgtLBHOcc=w148-h148-n-k-no"
            },
            {
                "title": "Hellshire Beach",
                "category": "Beach",
                "img": "https://lh5.googleusercontent.com/p/AF1QipMo6pylIp4NphrkyoiT3r8r8uUZ0K6Ju11ssZD_=w148-h148-n-k-no"
            },
            {
                "title": "Emancipation Park",
                "category": "Park and Garden",
                "url": "http://www.emancipationpark.org.jm/",
                "img": "https://lh5.googleusercontent.com/p/AF1QipOoPQSMYoFD8MfU37obXeq6amE6faRfXgD5UNTg=w148-h148-n-k-no"
            },
            {
                "title": "Boston Beach",
                "category": "Beach",
                "img": "https://lh5.googleusercontent.com/p/AF1QipPhcqtPG8qX-BulOndxhdabEa3z3sPfFjJ_5UuK=w148-h148-n-k-no"
            }
        ]
    },
    "sights": [
        {
            "title": "YS Falls",
            "category": "Tourist attraction",
            "url": "http://www.ysfalls.com/",
            "img": "https://lh5.googleusercontent.com/p/AF1QipNDVMAObVNTXtS7HnlZR7573NeZ1y75RIKQoLnS=w148-h148-n-k-no"
        },
        {
            "title": "Bob Marley Museum",
            "category": "Museum",
            "url": "http://www.bobmarleymuseum.com/",
            "img": "https://lh5.googleusercontent.com/p/AF1QipO0zI_gp_nrVkPvG00pas-gbdPhRHY6fSUjMKHX=w148-h148-n-k-no"
        },
        {
            "title": "The World Famous Dunn's River Falls & Park",
            "category": "Park and Garden",
            "url": "https://www.dunnsriverfallsja.com/",
            "img": "https://lh6.googleusercontent.com/proxy/bB_Kmkqeemig-sr1T2yWsnzX6ZSfw2Y_cUTSz_HFDmlGiXcj_mhdJMUpOB1ZdgfUHZtogmZjBx67qqHZT3JGW6vvYbpj6doLxsgUt_9BJyUfph0dGWVtTceM7i8sQYv3elgbDqoDIGZFucTxu7vThjh5B-VfeA=w148-h148-n-k-no"
        },
        {
            "title": "Doctor's Cave Beach",
            "category": "Beach",
            "url": "http://www.doctorscavebathingclub.com/",
            "img": "https://lh5.googleusercontent.com/p/AF1QipP7dS9l7VMI9khFFvLRtgfDW5yYj5o-zYecegJz=w148-h148-n-k-no"
        },
        {
            "title": "Rose Hall Great House",
            "category": "Tourist attraction",
            "url": "http://www.rosehall.com/",
            "img": "https://lh5.googleusercontent.com/p/AF1QipOef6P9BaPGCZzXnbiS37nTx_OjrQYYwfD2w53A=w148-h148-n-k-no"
        },
        {
            "title": "Reach Falls",
            "category": "Ecological park",
            "img": "https://lh5.googleusercontent.com/p/AF1QipOymNa4LMK-Dbq_9A_zJpXrXI7je4yWCzBvdCmz=w148-h148-n-k-no"
        },
        {
            "title": "Mystic Mountain",
            "category": "Tourist attraction",
            "url": "http://mysticmountain.com/",
            "img": "https://lh5.googleusercontent.com/p/AF1QipMsGUUefNkpURAZ6n6iIrvJUh6ZaKMOJGIAQl_n=w148-h148-n-k-no"
        },
        {
            "title": "Frenchman's Cove Resort",
            "category": "Hotel",
            "url": "https://frenchmanscove.com/",
            "img": "https://lh5.googleusercontent.com/proxy/Vy9hbZyxT0CaYcH16ua9eWqde13PSr_vxsnXozx8-RWQg_X6CIhteJOMMTAvuXHOm8BlrziXgamoXCkfiQXkj0EIlRjSxr1aoE4pmTWbxTL8TxzhvXzI7zEOn7c2b7GGbq1wgDeWkvQ9uHr4R1k0-sDpfI3UMw=w148-h148-n-k-no"
        },
        {
            "title": "Devon House Bakery",
            "category": "Restaurant",
            "url": "https://m.facebook.com/DevonHouseBakery/",
            "img": "https://lh5.googleusercontent.com/p/AF1QipMchCB57plMFerxN4gkVqfwlyg3HD97gGov59mS=w148-h148-n-k-no"
        },
        {
            "title": "Ahhh...Ras natango Gallery and garden",
            "category": "Museum",
            "url": "https://www.ahhhrasnatango.com/",
            "img": "https://lh5.googleusercontent.com/p/AF1QipNP22tEqgkspbnTbDlpOwXSXM88-bbozDxNwmdS=w148-h148-n-k-no"
        },
        {
            "title": "Emancipation Park",
            "category": "Park and Garden",
            "url": "http://www.emancipationpark.org.jm/",
            "img": "https://lh5.googleusercontent.com/p/AF1QipOoPQSMYoFD8MfU37obXeq6amE6faRfXgD5UNTg=w148-h148-n-k-no"
        },
        {
            "title": "Negril Seven Mile Beach",
            "category": "Beach",
            "url": "http://negril.com/",
            "img": "https://lh5.googleusercontent.com/p/AF1QipNhVWpqnmBLib4uzSWUhW5elGA2KeuHOMf48sfs=w148-h148-n-k-no"
        },
        {
            "title": "Cool Blue Hole Ocho Rios",
            "category": "Travel Agent",
            "url": "https://www.coolblueholeochorios.com/",
            "img": "https://lh5.googleusercontent.com/p/AF1QipN4SDOkzD5KyyEwOekcdd4bcd9Sb9_zwkdqfYOV=w148-h148-n-k-no"
        },
        {
            "title": "Bloody Bay",
            "category": "Bay",
            "img": "https://lh5.googleusercontent.com/p/AF1QipPJ1xHQxfelECyJgmIJ6tNQV9x1elqwLF1U8NtH=w148-h148-n-k-no"
        },
        {
            "title": "Rick's Cafe",
            "category": "Caribbean restaurant",
            "url": "http://rickscafejamaica.com/",
            "img": "https://lh5.googleusercontent.com/p/AF1QipNvCK-WDIsLzCVwU0vtqWb3W1MExAOG9UqQsyES=w148-h148-n-k-no"
        },
        {
            "title": "Konoko Falls",
            "category": "Recreation Centre",
            "url": "https://www.konokofalls.com/",
            "img": "https://lh5.googleusercontent.com/p/AF1QipNfaMsGe8NhC9yz1TxguTddXhV0nYG3SPsaA7bN=w148-h148-n-k-no"
        }
    ]
}