{
    "cities": {
        "‘Ajlūn": [
            {
                "title": "Ishtafina Park Tourism",
                "category": "Park and Garden",
                "url": "https://www.trfihi-parks.com/ar/park-details/2788-%D9%85%D9%86%D8%AA%D8%B2%D9%87-%D8%A7%D8%B4%D8%AA%D9%81%D9%8A%D9%86%D8%A7-%D8%A7%D9%84%D8%B3%D9%8A%D8%A7%D8%AD%D9%8A",
                "img": "https://lh5.googleusercontent.com/p/AF1QipNCx1bWikC-fJkb4VyPQORgiyIBzElEkrhGM7Ul=w148-h148-n-k-no"
            },
            {
                "title": "Roman Theater",
                "category": "Historical landmark",
                "url": "http://roman-amphitheater.blogspot.com/",
                "img": "https://lh5.googleusercontent.com/p/AF1QipNci1OfDz821ZU4PNDJcDVzoTIntiK0Uj9B3s3z=w148-h148-n-k-no"
            },
            {
                "title": "Amman Citadel",
                "category": "Historical landmark",
                "url": "http://culture.gov.jo/new/%D8%A7%D9%84%D9%85%D8%AA%D8%A7%D8%AD%D9%81/6952-%D9%85%D8%AA%D8%AD%D9%81-%D8%A7%D9%84%D8%A2%D8%AB%D8%A7%D8%B1-%D8%A7%D9%84%D8%A3%D8%B1%D8%AF%D9%86%D9%8A",
                "img": "https://lh5.googleusercontent.com/p/AF1QipPCtQwMLo5wVVLIrisgjs4YUtYE__Gv4sLQ0991=w148-h148-n-k-no"
            },
            {
                "title": "Jordan Valley",
                "category": "Ravine",
                "img": "https://lh5.googleusercontent.com/p/AF1QipOiDw_55Liz2bLsbcQitiMiKI3oVHz420HzaLkW=w148-h148-n-k-no"
            },
            {
                "title": "The Archaeological Site of Jerash",
                "category": "Historical place",
                "url": "http://international.visitjordan.com/Wheretogo/Jerash.aspx",
                "img": "https://lh5.googleusercontent.com/p/AF1QipP6gUKTqaM_5DdcN73BQOMgk1KibRlJIjcbqn5x=w148-h148-n-k-no"
            },
            {
                "title": "The Jordan Museum",
                "category": "Art museum",
                "url": "https://www.jordanmuseum.jo/",
                "img": "https://lh5.googleusercontent.com/p/AF1QipOUCL2qdTuxCmEs5qZKx4OeSD-IkBHYtdg0sOJy=w148-h148-n-k-no"
            },
            {
                "title": "The Hashemite Plaza",
                "category": "Park and Garden",
                "url": "https://universes.art/en/art-destinations/jordan/amman/tours/02/hashemite-plaza",
                "img": "https://lh5.googleusercontent.com/p/AF1QipPgWxGxS6M70S89BJ4PvgRCMkUXbPN-iJgM-Ag=w148-h148-n-k-no"
            },
            {
                "title": "Mount Nebo",
                "category": "Mountain peak",
                "img": "https://lh5.googleusercontent.com/p/AF1QipO6FYELnrrJbqHKgFdoUbmKWsRlEu2HkQIlD1I_=w148-h148-n-k-no"
            },
            {
                "title": "Rainbow Street",
                "category": "Notable street",
                "img": "https://lh5.googleusercontent.com/p/AF1QipPG0W_U04iGtSUqiKCpo2qSgRQwVzbtk2vhKeI=w148-h148-n-k-no"
            },
            {
                "title": "Ajloun Castle",
                "category": "Historical place museum",
                "url": "https://www.touristjordan.com/ajloun-castle/",
                "img": "https://lh5.googleusercontent.com/p/AF1QipNAq8WMkJsT-XPV58YdxEHaJ8SnGR2tpc_5IuHn=w148-h148-n-k-no"
            }
        ],
        "Wādī as Sīr": [
            {
                "title": "Qasr Al-Abed",
                "category": "Castle",
                "img": "https://lh5.googleusercontent.com/p/AF1QipMdQpiV1D58k95gX57LdoTU0CbV9gwg1kYyPeRF=w148-h148-n-k-no"
            },
            {
                "title": "Trax Jo",
                "category": "Recreation Centre",
                "url": "http://traxjo.com/",
                "img": "https://lh5.googleusercontent.com/p/AF1QipM3g5M6Z9x856AUZn86ctpaahyzsiGfBgZiKWSz=w148-h148-n-k-no"
            },
            {
                "title": "Jordan National Gallery of Fine Arts",
                "category": "Art museum",
                "url": "http://www.nationalgallery.org/",
                "img": "https://lh5.googleusercontent.com/p/AF1QipPBr4l26RNml0JZA6JyNPra4O4wNQy56mZ61jCm=w148-h148-n-k-no"
            },
            {
                "title": "St George's Greek Orthodox Church",
                "category": "Greek Orthodox church",
                "img": "https://lh5.googleusercontent.com/p/AF1QipNxkWiqzu_19mKNpu-dOfHFcdK0HkEEvT-TIyBi=w148-h148-n-k-no"
            },
            {
                "title": "Oval Plaza",
                "category": "Historical landmark",
                "url": "https://www.vrjordan.com/ar/%D8%AC%D8%B1%D8%B4/%D8%B3%D8%A7%D8%AD%D8%A9-%D8%A7%D9%84%D9%86%D8%AF%D9%88%D8%A9-%D8%AC%D8%B1%D8%B4",
                "img": "https://lh5.googleusercontent.com/p/AF1QipPo5SVrukzruGgB6aVj59d22Ym2s1aKXCrzNaS1=w148-h148-n-k-no"
            },
            {
                "title": "Qasr al-Bint",
                "category": "Historical landmark",
                "img": "https://lh5.googleusercontent.com/p/AF1QipOi8tT6XLo7lNTu4WqFsR_t90v4JkubDO1oLWby=w148-h148-n-k-no"
            },
            {
                "title": "Temple of Artemis",
                "category": "Historical place",
                "url": "https://it.123rf.com/photo_69400968_tempio-di-artemide-nell-antica-citt%C3%A0-romana-di-gerasa-al-tramonto-pre-giornata-jerash-giordania.html",
                "img": "https://lh5.googleusercontent.com/p/AF1QipODXhHExJkOdJiHMuqdKXCviB9kXpzp2SPx36C8=w148-h148-n-k-no"
            },
            {
                "title": "AlMa'wa for Nature and Wildlife",
                "category": "Nature reserve",
                "url": "http://www.almawajordan.org/",
                "img": "https://lh5.googleusercontent.com/p/AF1QipNMHiIEymFMt9zp4mYDTNSihgczVxqaBJrEqQpc=w148-h148-n-k-no"
            },
            {
                "title": "Dibbeen Forest Reserve",
                "category": "National reserve",
                "img": "https://lh5.googleusercontent.com/p/AF1QipP728_2RalZiyZf86yXZJl1qnaKYRjMBu8vrZgQ=w148-h148-n-k-no"
            },
            {
                "title": "Feynan Ecolodge",
                "category": "Lodge",
                "url": "http://www.ecohotels.me/feynan",
                "img": "https://lh5.googleusercontent.com/p/AF1QipPtwZwLEeZdM5wJBmZblhF7HfLqxgHWBNJivad4=w148-h148-n-k-no"
            },
            {
                "title": "Lot's Cave",
                "category": "Historical landmark",
                "img": "https://lh5.googleusercontent.com/p/AF1QipPfh3yqD7bPNkryGTsecIS7i3lAmpxWGNkfcgoU=w148-h148-n-k-no"
            },
            {
                "title": "Wadi Ghuweir",
                "category": "Hiking area",
                "img": "https://lh5.googleusercontent.com/p/AF1QipNLHhaapN2qFhsKGbl6v_boCg3f4l7_78qcQKnX=w148-h148-n-k-no"
            },
            {
                "title": "Ajloun",
                "category": "Locality",
                "img": "https://lh5.googleusercontent.com/p/AF1QipMfp7e4ZdtJ4YteK1cDD0ZrZk_8tBMkLUUkY8E7=w148-h148-n-k-no"
            },
            {
                "title": "Kerak",
                "category": "Locality",
                "img": "https://lh5.googleusercontent.com/p/AF1QipOmA75u0Quz7nQtEsMowGSZ_ZmL_VijRCd5zlH7=w148-h148-n-k-no"
            },
            {
                "title": "Arch of Hadrian",
                "category": "Historical landmark",
                "img": "https://lh5.googleusercontent.com/p/AF1QipNid-YyNgAX3zrpCqM8WcFg_gp1b4Xi-N01H8j3=w148-h148-n-k-no"
            },
            {
                "title": "Jordan Archaeological Museum",
                "category": "Art museum",
                "url": "https://culture.gov.jo/AR/ListDetails/%D8%A7%D9%84%D9%85%D8%AA%D8%A7%D8%AD%D9%81/110/2",
                "img": "https://lh5.googleusercontent.com/p/AF1QipOLTzsWoDjpCCAwsdYGXFDaVHfVIbmIlO7JUMMh=w148-h148-n-k-no"
            }
        ],
        "Mādabā": [
            {
                "title": "St George's Greek Orthodox Church",
                "category": "Greek Orthodox church",
                "img": "https://lh5.googleusercontent.com/p/AF1QipNxkWiqzu_19mKNpu-dOfHFcdK0HkEEvT-TIyBi=w148-h148-n-k-no"
            },
            {
                "title": "St. John the Baptist Roman Catholic Church",
                "category": "Catholic church",
                "img": "https://lh5.googleusercontent.com/p/AF1QipO3a9CcdylsO4r_GWkJ3Rcm_2boN9OvnSIo5Bgd=w148-h148-n-k-no"
            },
            {
                "title": "Madaba Institute For Mosaic Art And Restoration",
                "category": "University",
                "url": "http://www.mimarjordan.org/",
                "img": "https://lh5.googleusercontent.com/p/AF1QipMGtt8GyML2nzvZtvhWr1WcnoxmDFUuebFlItXR=w148-h148-n-k-no"
            },
            {
                "title": "Madaba Archaeological Park",
                "category": "Archaeological museum",
                "url": "https://universes.art/en/art-destinations/jordan/madaba/archaeological-park-1",
                "img": "https://lh5.googleusercontent.com/p/AF1QipP8PxGjXl5sxUxspAoWz1huR_dPb8-ZAveMz086=w148-h148-n-k-no"
            },
            {
                "title": "Apostles Church كنيسة الرسل",
                "category": "Historical landmark",
                "img": "https://lh5.googleusercontent.com/p/AF1QipNhsY27pM9RSO-l-Vz1t6BryomQ9ndnI8ryKVfr=w148-h148-n-k-no"
            },
            {
                "title": "Madaba Archaeological Museum",
                "category": "Museum",
                "url": "https://universes.art/en/art-destinations/jordan/madaba/archaeological-museum",
                "img": "https://lh5.googleusercontent.com/p/AF1QipNdt4vGhBYLnD7JhYC1hwypDhOWqzNmnqg0rajk=w148-h148-n-k-no"
            },
            {
                "title": "Ma'in Hot Springs",
                "category": "Tourist attraction",
                "url": "http://www.mainhotsprings.jo/",
                "img": "https://lh5.googleusercontent.com/p/AF1QipOou9r8fiii4sMbKbbr-VDOfujr8ulQV8tgohLI=w148-h148-n-k-no"
            },
            {
                "title": "Arabella Workshop For Mosaics",
                "category": "Gift shop",
                "img": "https://lh5.googleusercontent.com/p/AF1QipMu7O5I8x0MC6laOIPR1WIyK1DCKJ-EtFH928yC=w148-h148-n-k-no"
            },
            {
                "title": "Memorial Church of Moses",
                "category": "Catholic church",
                "url": "https://www.touristjordan.com/mount-nebo/",
                "img": "https://lh5.googleusercontent.com/p/AF1QipOMnPkm3hljqdv29nZUuhjkL-0pccuEPsVkivQF=w148-h148-n-k-no"
            },
            {
                "title": "Dead Sea",
                "category": "Lake",
                "img": "https://lh5.googleusercontent.com/p/AF1QipNZvtW3AczgH0dAZ9OMacv77RDh9bWPlKZPCx-k=w148-h148-n-k-no"
            },
            {
                "title": "Fortress of Umm ar-Rasas (Old Roman City)",
                "category": "Historical landmark",
                "url": "https://www.jordanpetraprivatetour.com/about-jordan/umm-ar-rasas",
                "img": "https://lh5.googleusercontent.com/p/AF1QipM31xm7wpvElkWVmzJkAyV31Mbdf3v31fGNURRN=w148-h148-n-k-no"
            },
            {
                "title": "Fortress of Machaerus",
                "category": "Historical place",
                "img": "https://lh5.googleusercontent.com/p/AF1QipMWbWdrZ8L6VS8gHZh2_aFbL5CrBZXM-BCwVzev=w148-h148-n-k-no"
            },
            {
                "title": "Mount Nebo",
                "category": "Mountain peak",
                "img": "https://lh5.googleusercontent.com/p/AF1QipO6FYELnrrJbqHKgFdoUbmKWsRlEu2HkQIlD1I_=w148-h148-n-k-no"
            }
        ],
        "Irbid": [
            {
                "title": "Ajloun Castle",
                "category": "Historical place museum",
                "url": "https://www.touristjordan.com/ajloun-castle/",
                "img": "https://lh5.googleusercontent.com/p/AF1QipNAq8WMkJsT-XPV58YdxEHaJ8SnGR2tpc_5IuHn=w148-h148-n-k-no"
            },
            {
                "title": "Dar As Saraya Osmanli Museum",
                "category": "Archaeological museum",
                "img": "https://lh5.googleusercontent.com/p/AF1QipOZx0K0yVl2tJtBuw33Kz1WTo4KxmMYncU3Ggpk=w148-h148-n-k-no"
            },
            {
                "title": "Al-Hasan Sport City",
                "category": "Sports complex",
                "img": "https://lh5.googleusercontent.com/p/AF1QipPpmXrq9Ps3aD97JO2HDleMWv7TYAwAsIEEYGI=w148-h148-n-k-no"
            },
            {
                "title": "Arch of Hadrian",
                "category": "Historical landmark",
                "img": "https://lh5.googleusercontent.com/p/AF1QipNid-YyNgAX3zrpCqM8WcFg_gp1b4Xi-N01H8j3=w148-h148-n-k-no"
            },
            {
                "title": "Amman Citadel",
                "category": "Historical landmark",
                "url": "http://culture.gov.jo/new/%D8%A7%D9%84%D9%85%D8%AA%D8%A7%D8%AD%D9%81/6952-%D9%85%D8%AA%D8%AD%D9%81-%D8%A7%D9%84%D8%A2%D8%AB%D8%A7%D8%B1-%D8%A7%D9%84%D8%A3%D8%B1%D8%AF%D9%86%D9%8A",
                "img": "https://lh5.googleusercontent.com/p/AF1QipPCtQwMLo5wVVLIrisgjs4YUtYE__Gv4sLQ0991=w148-h148-n-k-no"
            },
            {
                "title": "The Archaeological Site of Jerash",
                "category": "Historical place",
                "url": "http://international.visitjordan.com/Wheretogo/Jerash.aspx",
                "img": "https://lh5.googleusercontent.com/p/AF1QipP6gUKTqaM_5DdcN73BQOMgk1KibRlJIjcbqn5x=w148-h148-n-k-no"
            },
            {
                "title": "Officers of North Club",
                "category": "Wedding venue",
                "url": "https://m.facebook.com/pages/category/Local-Business/%D9%86%D8%A7%D8%AF%D9%8A-%D8%B6%D8%A8%D8%A7%D8%B7-%D8%A7%D9%84%D8%B4%D9%85%D8%A7%D9%84-440022442814029/",
                "img": "https://lh5.googleusercontent.com/p/AF1QipPi8EED2iksuyfVjTTcVL8WdAMgrlsQGQfVPOLF=w148-h148-n-k-no"
            },
            {
                "title": "Eimar Irbid Park",
                "category": "Park and Garden",
                "img": "https://lh5.googleusercontent.com/p/AF1QipNe8Uy2tOIPw41qwCLiRFOMPE5IWt9rnSnCkM-B=w148-h148-n-k-no"
            },
            {
                "title": "Archaeological Museum of Umm Qais.",
                "category": "Archaeological museum",
                "url": "https://www.ummqaisheritage.com/",
                "img": "https://lh5.googleusercontent.com/p/AF1QipNpKraYr1wJMhROJMpCf2vNc9tMmWLZi5VEphny=w148-h148-n-k-no"
            },
            {
                "title": "King Abdullah II Gardens",
                "category": "Park and Garden",
                "url": "https://www.facebook.com/KAIIG/",
                "img": "https://lh5.googleusercontent.com/p/AF1QipOEawbLAn0YcbdDxFIrycDHzhDvQbY_yfQv5G-P=w148-h148-n-k-no"
            },
            {
                "title": "Az Zahraa' Park",
                "category": "Garden",
                "img": "https://lh5.googleusercontent.com/p/AF1QipMiS6xSU7CyJUuKNJSA05epvc2ej76AVtpuPHTK=w148-h148-n-k-no"
            },
            {
                "title": "Tunis Garden",
                "category": "Community garden",
                "img": "https://lh5.googleusercontent.com/p/AF1QipPM-hNxE2o--XdrMkK8IaBYPgzJ1RPvrKVFVwAH=w148-h148-n-k-no"
            },
            {
                "title": "Yarmouk Nature Reserve",
                "category": "National park",
                "url": "http://rscn.org.jo/",
                "img": "https://lh5.googleusercontent.com/p/AF1QipPi1sBjVjEtvZ0AMDifWQCnSEzzbUl6N3HEG_H9=w148-h148-n-k-no"
            }
        ],
        "Rukban": [],
        "Russeifa": [
            {
                "title": "Grand Husseini Mosque",
                "category": "Mosque",
                "url": "https://www.trip.com/travel-guide/amman/grand-husseini-mosque-35809691/",
                "img": "https://lh5.googleusercontent.com/p/AF1QipNHxS3BKsr4VpGozXV3nBWoC2pP2qL8FBZffT_x=w148-h148-n-k-no"
            },
            {
                "title": "The Hashemite Plaza",
                "category": "Park and Garden",
                "url": "https://universes.art/en/art-destinations/jordan/amman/tours/02/hashemite-plaza",
                "img": "https://lh5.googleusercontent.com/p/AF1QipPgWxGxS6M70S89BJ4PvgRCMkUXbPN-iJgM-Ag=w148-h148-n-k-no"
            },
            {
                "title": "The Children's Museum Jordan",
                "category": "Children's museum",
                "url": "http://www.cmj.jo/",
                "img": "https://lh5.googleusercontent.com/p/AF1QipND0NbR7Ga2kDFf5zS6tbi5MKoDO2em6IF97XFU=w148-h148-n-k-no"
            },
            {
                "title": "Salt Türk Şehitliği صرح الشهداء الاتراك",
                "category": "Historical landmark",
                "img": "https://lh5.googleusercontent.com/p/AF1QipOEMI-6Ou-1dOtii5tpvU7sCQPkSG69QC4pkWZ7=w148-h148-n-k-no"
            },
            {
                "title": "Tiraz: Widad Kawar Home for Arab Dress & Textile Museum",
                "category": "Cultural centre",
                "url": "http://tirazcentre.org/",
                "img": "https://lh5.googleusercontent.com/p/AF1QipPyRaQa_ph3Kfzg2jO8as2hXRyeYk1LWEQy_Qz8=w148-h148-n-k-no"
            },
            {
                "title": "Parliamentary Life Museum",
                "category": "History museum",
                "img": "https://lh5.googleusercontent.com/p/AF1QipNKWyijlv8eWtyFn3MLq2-VVaFcvtMunbmWSRnv=w148-h148-n-k-no"
            },
            {
                "title": "Orfali Art Gallery",
                "category": "Art gallery",
                "url": "https://www.orfali.net/",
                "img": "https://lh5.googleusercontent.com/p/AF1QipMgx85QEYJsBriHIt7dm58U6QS-vD9kGX2kcluE=w148-h148-n-k-no"
            },
            {
                "title": "دائرة المكتبة الوطنية",
                "category": "Government office",
                "url": "http://www.nl.gov.jo/",
                "img": "https://lh5.googleusercontent.com/p/AF1QipPm9BNPCeJwscL_AvrmMDoMXNTj4_G9sxDnBIIX=w148-h148-n-k-no"
            },
            {
                "title": "St George's Greek Orthodox Church",
                "category": "Greek Orthodox church",
                "img": "https://lh5.googleusercontent.com/p/AF1QipNxkWiqzu_19mKNpu-dOfHFcdK0HkEEvT-TIyBi=w148-h148-n-k-no"
            },
            {
                "title": "Shobak Castle - Montreal",
                "category": "Archaeological site",
                "img": "https://lh5.googleusercontent.com/p/AF1QipNzdeWrzeIGa6DRUsM3-XyudYIk-p-6KEkv5wFG=w148-h148-n-k-no"
            },
            {
                "title": "Temple of Artemis",
                "category": "Historical place",
                "url": "https://it.123rf.com/photo_69400968_tempio-di-artemide-nell-antica-citt%C3%A0-romana-di-gerasa-al-tramonto-pre-giornata-jerash-giordania.html",
                "img": "https://lh5.googleusercontent.com/p/AF1QipODXhHExJkOdJiHMuqdKXCviB9kXpzp2SPx36C8=w148-h148-n-k-no"
            },
            {
                "title": "Dana Biosphere Reserve",
                "category": "National park",
                "url": "https://www.rscn.org.jo/",
                "img": "https://lh5.googleusercontent.com/p/AF1QipMz0tnqduyXNJ59VZd932GIxvPlr8XBn2t49bNh=w148-h148-n-k-no"
            },
            {
                "title": "Ma'in Hot Springs",
                "category": "Tourist attraction",
                "url": "http://www.mainhotsprings.jo/",
                "img": "https://lh5.googleusercontent.com/p/AF1QipOou9r8fiii4sMbKbbr-VDOfujr8ulQV8tgohLI=w148-h148-n-k-no"
            },
            {
                "title": "Iraq Al Amir",
                "category": "Neighborhood",
                "img": "https://lh5.googleusercontent.com/p/AF1QipMjXLBxjRkhUEHQRmz9THP4Cy6UN4k_h990clTs=w148-h148-n-k-no"
            },
            {
                "title": "Amman Citadel",
                "category": "Historical landmark",
                "url": "http://culture.gov.jo/new/%D8%A7%D9%84%D9%85%D8%AA%D8%A7%D8%AD%D9%81/6952-%D9%85%D8%AA%D8%AD%D9%81-%D8%A7%D9%84%D8%A2%D8%AB%D8%A7%D8%B1-%D8%A7%D9%84%D8%A3%D8%B1%D8%AF%D9%86%D9%8A",
                "img": "https://lh5.googleusercontent.com/p/AF1QipPCtQwMLo5wVVLIrisgjs4YUtYE__Gv4sLQ0991=w148-h148-n-k-no"
            },
            {
                "title": "Abu Darwish Mosque",
                "category": "Mosque",
                "img": "https://lh5.googleusercontent.com/p/AF1QipO-CU9TaWbsyU2XdiGf_pr1DoRf8TDcbBlvZWS1=w148-h148-n-k-no"
            }
        ],
        "Ma'an": [
            {
                "title": "The Treasury",
                "category": "Historical landmark",
                "url": "https://www.mota.gov.jo/",
                "img": "https://lh5.googleusercontent.com/p/AF1QipN-i1jqWeUrdmu0JGO0XH9vfTxodzUy1WJ1U8mE=w148-h148-n-k-no"
            },
            {
                "title": "Petra Museum",
                "category": "Museum",
                "url": "http://www.visitpetra.jo/Pages/viewpage.aspx?pageID=130",
                "img": "https://lh5.googleusercontent.com/p/AF1QipMyd98EvnNgdRYw-pLzCik3G0SstbwwHORawdDa=w148-h148-n-k-no"
            },
            {
                "title": "Great Temple",
                "category": "Historical landmark",
                "url": "https://www.visitpetra.jo/DetailsPage/VisitPetra/LocationsInPetraDetailsEn.aspx?PID=17",
                "img": "https://lh5.googleusercontent.com/p/AF1QipNtnpoGawT1WXIltx1VQS1GuvyG8J24spZpjgu-=w148-h148-n-k-no"
            },
            {
                "title": "Triclinium",
                "category": "Historical landmark",
                "url": "https://universes.art/en/art-destinations/jordan/petra/siq-al-barid-little-petra",
                "img": "https://lh5.googleusercontent.com/p/AF1QipPzQmv4xHbENzsWKdHCBlPI3ygNPsvLbbjiaI8W=w148-h148-n-k-no"
            },
            {
                "title": "The Monastery",
                "category": "Historical landmark",
                "img": "https://lh5.googleusercontent.com/p/AF1QipM_RGuMgTxZ7r1GKo8mDyhnAx7DQqGXbxhaDtmn=w148-h148-n-k-no"
            },
            {
                "title": "Byzantine Church - Petra",
                "category": "Historical place",
                "img": "https://lh5.googleusercontent.com/p/AF1QipPoPp1wOkCKsadS005nsrTYFMzOw0WyBNRuTnxW=w148-h148-n-k-no"
            },
            {
                "title": "Royal Tombs",
                "category": "Historical landmark",
                "img": "https://lh5.googleusercontent.com/p/AF1QipMtTn4pIB9Owxjl6bST3MgVdH7Ryv2Uvl9btgYL=w148-h148-n-k-no"
            },
            {
                "title": "Petra",
                "category": "Historical place",
                "url": "http://www.visitpetra.jo/",
                "img": "https://lh5.googleusercontent.com/p/AF1QipPCdrBt-SalEy4pAV2a27xMEDofRNlclmG4N-g=w148-h148-n-k-no"
            },
            {
                "title": "Al-Siq",
                "category": "Tourist attraction",
                "url": "http://visitpetra.jo/DetailsPage/VisitPetra/LocationsInPetraDetailsEn.aspx?PID=5",
                "img": "https://lh5.googleusercontent.com/p/AF1QipNtOwtvbScHnINXocav0d0AEHPJ9TqzKSUjzDQs=w148-h148-n-k-no"
            },
            {
                "title": "Petra Kitchen",
                "category": "Cooking Class",
                "url": "http://www.petrakitchen.com/",
                "img": "https://lh5.googleusercontent.com/p/AF1QipMRAyTsA65RdLtGRuPWRCKVTavRQW8bRQqfCXhG=w148-h148-n-k-no"
            },
            {
                "title": "High Place of Sacrifice",
                "category": "Historical landmark",
                "img": "https://lh5.googleusercontent.com/p/AF1QipOoJkCGF5JNkxaPgENlVppyfUxoZH2YoE15PhYl=w148-h148-n-k-no"
            },
            {
                "title": "Street of Facades",
                "category": "Route",
                "img": "https://lh5.googleusercontent.com/p/AF1QipOI6B8PPzGcS9XcttCD23_qFUz1VI_rCGQB862I=w148-h148-n-k-no"
            },
            {
                "title": "Quseir 'Amra",
                "category": "Historical landmark",
                "img": "https://lh5.googleusercontent.com/p/AF1QipMJZrDbafspxlXf1RRn_qyp7lbuQ00sSXExIaLI=w148-h148-n-k-no"
            },
            {
                "title": "Wadi Rum Protected Area",
                "category": "Nature reserve",
                "url": "http://wadirum.jo/",
                "img": "https://lh5.googleusercontent.com/p/AF1QipNmIaLL7kTifcyl-pedTEDU-x7LHL6Bcvdijh7a=w148-h148-n-k-no"
            },
            {
                "title": "The Jordan Museum",
                "category": "Art museum",
                "url": "https://www.jordanmuseum.jo/",
                "img": "https://lh5.googleusercontent.com/p/AF1QipOUCL2qdTuxCmEs5qZKx4OeSD-IkBHYtdg0sOJy=w148-h148-n-k-no"
            },
            {
                "title": "Mount Nebo",
                "category": "Mountain peak",
                "img": "https://lh5.googleusercontent.com/p/AF1QipO6FYELnrrJbqHKgFdoUbmKWsRlEu2HkQIlD1I_=w148-h148-n-k-no"
            }
        ],
        "Mafraq": [
            {
                "title": "Southern Theatre",
                "category": "Amphitheatre",
                "img": "https://lh5.googleusercontent.com/p/AF1QipPRxSPbcKhYRmSP69cIsg9wbbFysNSGba_RDTsP=w148-h148-n-k-no"
            },
            {
                "title": "Hadrian's arch Hotel",
                "category": "Hotel",
                "url": "https://extended-stay-hotel-1220.business.site/?utm_source=gmb&utm_medium=referral",
                "img": "https://lh5.googleusercontent.com/p/AF1QipO4EMS0k14v7JWRKoi0HIxfuKG97srn71AT1NPB=w148-h148-n-k-no"
            },
            {
                "title": "The Royal Tank Museum",
                "category": "War museum",
                "url": "https://rtm.jo/",
                "img": "https://lh5.googleusercontent.com/p/AF1QipNhy_JRouULx660cXDVSPDuzbOFNjIABJrFN-E=w148-h148-n-k-no"
            },
            {
                "title": "Kerak Castle",
                "category": "Historical landmark",
                "img": "https://lh5.googleusercontent.com/p/AF1QipNY89jcXQO6irO37zVvEQgKTDR7pwHnX-0Ouwwd=w148-h148-n-k-no"
            },
            {
                "title": "Temple of Artemis",
                "category": "Historical place",
                "url": "https://it.123rf.com/photo_69400968_tempio-di-artemide-nell-antica-citt%C3%A0-romana-di-gerasa-al-tramonto-pre-giornata-jerash-giordania.html",
                "img": "https://lh5.googleusercontent.com/p/AF1QipODXhHExJkOdJiHMuqdKXCviB9kXpzp2SPx36C8=w148-h148-n-k-no"
            },
            {
                "title": "Amman Panorama Art Gallery",
                "category": "Art gallery",
                "url": "https://www.ammanpanoramaartgallery.com/",
                "img": "https://lh5.googleusercontent.com/p/AF1QipP1tn3MjRzGL4xBmsdL1YKgpVeU_cl6YL4xGNne=w148-h148-n-k-no"
            },
            {
                "title": "Jordan Archaeological Museum",
                "category": "Art museum",
                "url": "https://culture.gov.jo/AR/ListDetails/%D8%A7%D9%84%D9%85%D8%AA%D8%A7%D8%AD%D9%81/110/2",
                "img": "https://lh5.googleusercontent.com/p/AF1QipOLTzsWoDjpCCAwsdYGXFDaVHfVIbmIlO7JUMMh=w148-h148-n-k-no"
            },
            {
                "title": "King Hussein Mosque",
                "category": "Mosque",
                "img": "https://lh5.googleusercontent.com/p/AF1QipO0zSGI5cquMiF1brWUBdEkGk_7kNLqQDjaWfCP=w148-h148-n-k-no"
            },
            {
                "title": "Dana Biosphere Reserve",
                "category": "National park",
                "url": "https://www.rscn.org.jo/",
                "img": "https://lh5.googleusercontent.com/p/AF1QipMz0tnqduyXNJ59VZd932GIxvPlr8XBn2t49bNh=w148-h148-n-k-no"
            },
            {
                "title": "Qasr Al-Abed",
                "category": "Castle",
                "img": "https://lh5.googleusercontent.com/p/AF1QipMdQpiV1D58k95gX57LdoTU0CbV9gwg1kYyPeRF=w148-h148-n-k-no"
            },
            {
                "title": "Jadal for Knowledge and Culture",
                "category": "Cafe",
                "url": "https://instagram.com/jadal_culture?utm_source=qr&igshid=ZDc4ODBmNjlmNQ==",
                "img": "https://lh5.googleusercontent.com/p/AF1QipO3nJ6neXS7Kgat_SiXOG-njaYX3R3vrQ6RBkU4=w148-h148-n-k-no"
            },
            {
                "title": "Wadi Bin Hammad",
                "category": "Hiking area",
                "img": "https://lh5.googleusercontent.com/p/AF1QipMhJFv2nAJ6fHH8IYr2HevqiWrtDGqWPmJsQRVB=w148-h148-n-k-no"
            },
            {
                "title": "AlDiyar Park",
                "category": "Park and Garden",
                "img": "https://lh5.googleusercontent.com/p/AF1QipNZLdVD8xxaa9SZaTvzyFKADaEY2iXoTeiGdm9E=w148-h148-n-k-no"
            },
            {
                "title": "The Duke's Diwan",
                "category": "Museum",
                "img": "https://lh5.googleusercontent.com/p/AF1QipOkeLn9Ok0E2WKmuS2jksKki5eP4m0h2vlkOexa=w148-h148-n-k-no"
            },
            {
                "title": "Fortress of Machaerus",
                "category": "Historical place",
                "img": "https://lh5.googleusercontent.com/p/AF1QipMWbWdrZ8L6VS8gHZh2_aFbL5CrBZXM-BCwVzev=w148-h148-n-k-no"
            },
            {
                "title": "The Jordan Museum",
                "category": "Art museum",
                "url": "https://www.jordanmuseum.jo/",
                "img": "https://lh5.googleusercontent.com/p/AF1QipOUCL2qdTuxCmEs5qZKx4OeSD-IkBHYtdg0sOJy=w148-h148-n-k-no"
            }
        ],
        "Amman": [
            {
                "title": "Amman Citadel",
                "category": "Historical landmark",
                "url": "http://culture.gov.jo/new/%D8%A7%D9%84%D9%85%D8%AA%D8%A7%D8%AD%D9%81/6952-%D9%85%D8%AA%D8%AD%D9%81-%D8%A7%D9%84%D8%A2%D8%AB%D8%A7%D8%B1-%D8%A7%D9%84%D8%A3%D8%B1%D8%AF%D9%86%D9%8A",
                "img": "https://lh5.googleusercontent.com/p/AF1QipPCtQwMLo5wVVLIrisgjs4YUtYE__Gv4sLQ0991=w148-h148-n-k-no"
            },
            {
                "title": "Roman Theater",
                "category": "Historical landmark",
                "url": "http://roman-amphitheater.blogspot.com/",
                "img": "https://lh5.googleusercontent.com/p/AF1QipNci1OfDz821ZU4PNDJcDVzoTIntiK0Uj9B3s3z=w148-h148-n-k-no"
            },
            {
                "title": "The Jordan Museum",
                "category": "Art museum",
                "url": "https://www.jordanmuseum.jo/",
                "img": "https://lh5.googleusercontent.com/p/AF1QipOUCL2qdTuxCmEs5qZKx4OeSD-IkBHYtdg0sOJy=w148-h148-n-k-no"
            },
            {
                "title": "King Abdullah I Mosque",
                "category": "Mosque",
                "img": "https://lh5.googleusercontent.com/p/AF1QipO62DBFhmqHQkeULhDKd5Bo81a0kv1ZU3EeQNQS=w148-h148-n-k-no"
            },
            {
                "title": "The Royal Tank Museum",
                "category": "War museum",
                "url": "https://rtm.jo/",
                "img": "https://lh5.googleusercontent.com/p/AF1QipNhy_JRouULx660cXDVSPDuzbOFNjIABJrFN-E=w148-h148-n-k-no"
            },
            {
                "title": "Cave Of The Seven Sleepers (Ashabul Kahf)",
                "category": "Tourist attraction",
                "img": "https://lh5.googleusercontent.com/p/AF1QipPuwaoDcPt9jrCmc8tjSbPtXmWpQ5663bBZkSRX=w148-h148-n-k-no"
            },
            {
                "title": "Grand Husseini Mosque",
                "category": "Mosque",
                "url": "https://www.trip.com/travel-guide/amman/grand-husseini-mosque-35809691/",
                "img": "https://lh5.googleusercontent.com/p/AF1QipNHxS3BKsr4VpGozXV3nBWoC2pP2qL8FBZffT_x=w148-h148-n-k-no"
            },
            {
                "title": "Jordan Archaeological Museum",
                "category": "Art museum",
                "url": "https://culture.gov.jo/AR/ListDetails/%D8%A7%D9%84%D9%85%D8%AA%D8%A7%D8%AD%D9%81/110/2",
                "img": "https://lh5.googleusercontent.com/p/AF1QipOLTzsWoDjpCCAwsdYGXFDaVHfVIbmIlO7JUMMh=w148-h148-n-k-no"
            },
            {
                "title": "Darat al Funun-The Khalid Shoman Foundation",
                "category": "Arts Organisation",
                "url": "http://www.daratalfunun.org/",
                "img": "https://lh5.googleusercontent.com/p/AF1QipNsCDGfnFhCh-MKnVkAtJsgK-HdS352WWAg5eGk=w148-h148-n-k-no"
            },
            {
                "title": "Royal Automobile Museum",
                "category": "Museum",
                "img": "https://lh5.googleusercontent.com/proxy/oEvgze0jGuch-dNo3jsoX8CXo5-7LyhBLLD-qlbgEG4f6Uwm7PKd-3amYpH268BjyfECBMvROAYIZ0J0u-wLgzbK7z2l817kctk8lDaE7AxqUWRederCNh1cxjga5bGQqd5o-ndR5C-p0pqbGNpwuUBjIj6OOmQ=w148-h148-n-k-no"
            },
            {
                "title": "Jordan National Gallery of Fine Arts",
                "category": "Art museum",
                "url": "http://www.nationalgallery.org/",
                "img": "https://lh5.googleusercontent.com/p/AF1QipPBr4l26RNml0JZA6JyNPra4O4wNQy56mZ61jCm=w148-h148-n-k-no"
            },
            {
                "title": "Haya Cultural Center",
                "category": "Cultural centre",
                "url": "http://hcc.jo/",
                "img": "https://lh5.googleusercontent.com/p/AF1QipPMLmsL3Eoh4MDgTa9W0Tt_aCepkAV9FGBDOInh=w148-h148-n-k-no"
            },
            {
                "title": "Roman Nymphaeum",
                "category": "Historical landmark",
                "img": "https://lh5.googleusercontent.com/p/AF1QipO6uKocz5wxrJJA3aZA8B-gIe3ztDZ5X-k9WLjx=w148-h148-n-k-no"
            },
            {
                "title": "Amman Panorama Art Gallery",
                "category": "Art gallery",
                "url": "https://www.ammanpanoramaartgallery.com/",
                "img": "https://lh5.googleusercontent.com/p/AF1QipP1tn3MjRzGL4xBmsdL1YKgpVeU_cl6YL4xGNne=w148-h148-n-k-no"
            },
            {
                "title": "The Children's Museum Jordan",
                "category": "Children's museum",
                "url": "http://www.cmj.jo/",
                "img": "https://lh5.googleusercontent.com/p/AF1QipND0NbR7Ga2kDFf5zS6tbi5MKoDO2em6IF97XFU=w148-h148-n-k-no"
            },
            {
                "title": "Petra",
                "category": "Historical place",
                "url": "http://www.visitpetra.jo/",
                "img": "https://lh5.googleusercontent.com/p/AF1QipPCdrBt-SalEy4pAV2a27xMEDofRNlclmG4N-g=w148-h148-n-k-no"
            }
        ],
        "Ar Ramthā": [
            {
                "title": "شاورما عرب الرمثا",
                "category": "Fast food restaurant",
                "img": "https://lh5.googleusercontent.com/p/AF1QipMNHwPVK-Jpu5ARxi-ym-x9Rf4u7qPfHPmKvT0T=w148-h148-n-k-no"
            },
            {
                "title": "مخابز وحلويات تيماء الالية",
                "category": "Bakery",
                "url": "https://web.facebook.com/%D9%85%D8%AE%D8%A7%D8%A8%D8%B2-%D9%88%D8%AD%D9%84%D9%88%D9%8A%D8%A7%D8%AA-%D8%AA%D9%8A%D9%85%D8%A7%D8%A1-%D8%A7%D9%84%D8%A2%D9%84%D9%8A%D9%87-1597553150501775/?ref=page_internal",
                "img": "https://lh5.googleusercontent.com/p/AF1QipNhQ2OSkKn6GgRxsnopMt9YyL760K4NZWpEzCrK=w148-h148-n-k-no"
            },
            {
                "title": "قيصر للسياحة والسفر والحج والعمره",
                "category": "Tourist Information Centre",
                "img": "https://lh5.googleusercontent.com/p/AF1QipMCXsKf7y8VPFm41Ntl-JmNtUO0y-lSMaLLL3HM=w148-h148-n-k-no"
            },
            {
                "title": "Wadi AlShallala",
                "category": "Tourist attraction",
                "img": "https://lh5.googleusercontent.com/p/AF1QipOGhZbaEguW9hQuR8T6h2LBzSgNCgYUNV6Ot2RI=w148-h148-n-k-no"
            },
            {
                "title": "Huwwarah",
                "category": "Locality",
                "img": "https://lh5.googleusercontent.com/p/AF1QipO7tS-t-9mItgZTfa1Etbs_oYBIMQah842E6pYA=w148-h148-n-k-no"
            },
            {
                "title": "Jordan University of Science & Technology (JUST)",
                "category": "University",
                "img": "https://lh5.googleusercontent.com/p/AF1QipOcJ3UpaK5WC8XTQfazuqVCe-Z7RKTU-wHNAn5q=w148-h148-n-k-no"
            },
            {
                "title": "Dead Sea",
                "category": "Lake",
                "img": "https://lh5.googleusercontent.com/p/AF1QipNZvtW3AczgH0dAZ9OMacv77RDh9bWPlKZPCx-k=w148-h148-n-k-no"
            },
            {
                "title": "King Abdullah I Mosque",
                "category": "Mosque",
                "img": "https://lh5.googleusercontent.com/p/AF1QipO62DBFhmqHQkeULhDKd5Bo81a0kv1ZU3EeQNQS=w148-h148-n-k-no"
            },
            {
                "title": "The Baptismal Site of Jesus Christ",
                "category": "Historical landmark",
                "url": "http://www.baptismsite.com/",
                "img": "https://lh5.googleusercontent.com/p/AF1QipN0VMECXLLpTZ672Mcrrsh3hjqqdCTkFehvFiwc=w148-h148-n-k-no"
            },
            {
                "title": "Ajloun Castle",
                "category": "Historical place museum",
                "url": "https://www.touristjordan.com/ajloun-castle/",
                "img": "https://lh5.googleusercontent.com/p/AF1QipNAq8WMkJsT-XPV58YdxEHaJ8SnGR2tpc_5IuHn=w148-h148-n-k-no"
            },
            {
                "title": "Kerak Castle",
                "category": "Historical landmark",
                "img": "https://lh5.googleusercontent.com/p/AF1QipNY89jcXQO6irO37zVvEQgKTDR7pwHnX-0Ouwwd=w148-h148-n-k-no"
            },
            {
                "title": "Roman Temple of Hercules",
                "category": "Historical landmark",
                "img": "https://lh5.googleusercontent.com/p/AF1QipMLlE9X7zIg1Otdk7mmPHwt2HbtFF_pa-eXibKX=w148-h148-n-k-no"
            },
            {
                "title": "Cave Of The Seven Sleepers (Ashabul Kahf)",
                "category": "Tourist attraction",
                "img": "https://lh5.googleusercontent.com/p/AF1QipPuwaoDcPt9jrCmc8tjSbPtXmWpQ5663bBZkSRX=w148-h148-n-k-no"
            },
            {
                "title": "Quseir 'Amra",
                "category": "Historical landmark",
                "img": "https://lh5.googleusercontent.com/p/AF1QipMJZrDbafspxlXf1RRn_qyp7lbuQ00sSXExIaLI=w148-h148-n-k-no"
            },
            {
                "title": "Roman Theater",
                "category": "Historical landmark",
                "url": "http://roman-amphitheater.blogspot.com/",
                "img": "https://lh5.googleusercontent.com/p/AF1QipNci1OfDz821ZU4PNDJcDVzoTIntiK0Uj9B3s3z=w148-h148-n-k-no"
            },
            {
                "title": "St. John the Baptist Roman Catholic Church",
                "category": "Catholic church",
                "img": "https://lh5.googleusercontent.com/p/AF1QipO3a9CcdylsO4r_GWkJ3Rcm_2boN9OvnSIo5Bgd=w148-h148-n-k-no"
            }
        ],
        "Zarqa": [
            {
                "title": "The Archaeological Site of Jerash",
                "category": "Historical place",
                "url": "http://international.visitjordan.com/Wheretogo/Jerash.aspx",
                "img": "https://lh5.googleusercontent.com/p/AF1QipP6gUKTqaM_5DdcN73BQOMgk1KibRlJIjcbqn5x=w148-h148-n-k-no"
            },
            {
                "title": "The Jordan Museum",
                "category": "Art museum",
                "url": "https://www.jordanmuseum.jo/",
                "img": "https://lh5.googleusercontent.com/p/AF1QipOUCL2qdTuxCmEs5qZKx4OeSD-IkBHYtdg0sOJy=w148-h148-n-k-no"
            },
            {
                "title": "Abdali Mall",
                "category": "Shopping Centre",
                "url": "http://www.abdalimall.com/",
                "img": "https://lh5.googleusercontent.com/p/AF1QipOj0zHJdP0vcOjH9yYsIrc-BnLcb27JNOluFTHt=w148-h148-n-k-no"
            },
            {
                "title": "King Abdullah I Mosque",
                "category": "Mosque",
                "img": "https://lh5.googleusercontent.com/p/AF1QipO62DBFhmqHQkeULhDKd5Bo81a0kv1ZU3EeQNQS=w148-h148-n-k-no"
            },
            {
                "title": "The Hashemite Plaza",
                "category": "Park and Garden",
                "url": "https://universes.art/en/art-destinations/jordan/amman/tours/02/hashemite-plaza",
                "img": "https://lh5.googleusercontent.com/p/AF1QipPgWxGxS6M70S89BJ4PvgRCMkUXbPN-iJgM-Ag=w148-h148-n-k-no"
            },
            {
                "title": "Petra",
                "category": "Historical place",
                "url": "http://www.visitpetra.jo/",
                "img": "https://lh5.googleusercontent.com/p/AF1QipPCdrBt-SalEy4pAV2a27xMEDofRNlclmG4N-g=w148-h148-n-k-no"
            },
            {
                "title": "The Treasury",
                "category": "Historical landmark",
                "url": "https://www.mota.gov.jo/",
                "img": "https://lh5.googleusercontent.com/p/AF1QipN-i1jqWeUrdmu0JGO0XH9vfTxodzUy1WJ1U8mE=w148-h148-n-k-no"
            },
            {
                "title": "Amman City Tour",
                "category": "Tour operator",
                "img": "https://lh5.googleusercontent.com/p/AF1QipOHVv2C5RLd3UCnG4GNZrfrk3HtbQE8qYUS19n0=w148-h148-n-k-no"
            },
            {
                "title": "Amman Citadel",
                "category": "Historical landmark",
                "url": "http://culture.gov.jo/new/%D8%A7%D9%84%D9%85%D8%AA%D8%A7%D8%AD%D9%81/6952-%D9%85%D8%AA%D8%AD%D9%81-%D8%A7%D9%84%D8%A2%D8%AB%D8%A7%D8%B1-%D8%A7%D9%84%D8%A3%D8%B1%D8%AF%D9%86%D9%8A",
                "img": "https://lh5.googleusercontent.com/p/AF1QipPCtQwMLo5wVVLIrisgjs4YUtYE__Gv4sLQ0991=w148-h148-n-k-no"
            },
            {
                "title": "Jordan Archaeological Museum",
                "category": "Art museum",
                "url": "https://culture.gov.jo/AR/ListDetails/%D8%A7%D9%84%D9%85%D8%AA%D8%A7%D8%AD%D9%81/110/2",
                "img": "https://lh5.googleusercontent.com/p/AF1QipOLTzsWoDjpCCAwsdYGXFDaVHfVIbmIlO7JUMMh=w148-h148-n-k-no"
            },
            {
                "title": "Quseir 'Amra",
                "category": "Historical landmark",
                "img": "https://lh5.googleusercontent.com/p/AF1QipMJZrDbafspxlXf1RRn_qyp7lbuQ00sSXExIaLI=w148-h148-n-k-no"
            },
            {
                "title": "Mount Nebo",
                "category": "Mountain peak",
                "img": "https://lh5.googleusercontent.com/p/AF1QipO6FYELnrrJbqHKgFdoUbmKWsRlEu2HkQIlD1I_=w148-h148-n-k-no"
            },
            {
                "title": "Tree of Al Buqayawiyya (The Blessed Tree)",
                "category": "Historical place",
                "img": "https://lh5.googleusercontent.com/p/AF1QipNrYhrL_NFr-sGwkQa_CPr91NDZWI0-eJ8huaP1=w148-h148-n-k-no"
            },
            {
                "title": "Shaumari Wildlife Reserve",
                "category": "National park",
                "img": "https://lh5.googleusercontent.com/p/AF1QipM7fnh1PLIyiXkSTk4OiPZ6xD_IdWpOn2jH4bbq=w148-h148-n-k-no"
            },
            {
                "title": "Azraq Wetlands Reserve",
                "category": "National park",
                "img": "https://lh5.googleusercontent.com/p/AF1QipM7YbBMTAZbLxV5xIJy2QCV0eBkYPKNzSfYasBl=w148-h148-n-k-no"
            },
            {
                "title": "Rainbow Street",
                "category": "Notable street",
                "img": "https://lh5.googleusercontent.com/p/AF1QipPG0W_U04iGtSUqiKCpo2qSgRQwVzbtk2vhKeI=w148-h148-n-k-no"
            }
        ],
        "As Salţ": [
            {
                "title": "As-Salt Archaeological Museum",
                "category": "Archaeological museum",
                "url": "https://alghad.com/%D9%85%D8%AA%D8%AD%D9%81-%D8%A7%D9%84%D8%B3%D9%84%D8%B7-%D8%B0%D8%A7%D9%83%D8%B1%D8%A9-%D8%AA%D8%B5%D9%88%D9%86-%D8%AD%D9%82%D8%A8%D8%A7-%D8%AA%D8%A7%D8%B1%D9%8A%D8%AE%D9%8A%D8%A9-%D8%AA%D9%85%D8%AA/",
                "img": "https://lh5.googleusercontent.com/p/AF1QipMg3h6iPVxOPuSZaEDp6lbB0dWBabpVrFndYKCh=w148-h148-n-k-no"
            },
            {
                "title": "Amman Citadel",
                "category": "Historical landmark",
                "url": "http://culture.gov.jo/new/%D8%A7%D9%84%D9%85%D8%AA%D8%A7%D8%AD%D9%81/6952-%D9%85%D8%AA%D8%AD%D9%81-%D8%A7%D9%84%D8%A2%D8%AB%D8%A7%D8%B1-%D8%A7%D9%84%D8%A3%D8%B1%D8%AF%D9%86%D9%8A",
                "img": "https://lh5.googleusercontent.com/p/AF1QipPCtQwMLo5wVVLIrisgjs4YUtYE__Gv4sLQ0991=w148-h148-n-k-no"
            },
            {
                "title": "Jordan Valley",
                "category": "Ravine",
                "img": "https://lh5.googleusercontent.com/p/AF1QipOiDw_55Liz2bLsbcQitiMiKI3oVHz420HzaLkW=w148-h148-n-k-no"
            },
            {
                "title": "Arch of Hadrian",
                "category": "Historical landmark",
                "img": "https://lh5.googleusercontent.com/p/AF1QipNid-YyNgAX3zrpCqM8WcFg_gp1b4Xi-N01H8j3=w148-h148-n-k-no"
            },
            {
                "title": "Cave Of The Seven Sleepers (Ashabul Kahf)",
                "category": "Tourist attraction",
                "img": "https://lh5.googleusercontent.com/p/AF1QipPuwaoDcPt9jrCmc8tjSbPtXmWpQ5663bBZkSRX=w148-h148-n-k-no"
            },
            {
                "title": "King Hussein Mosque",
                "category": "Mosque",
                "img": "https://lh5.googleusercontent.com/p/AF1QipO0zSGI5cquMiF1brWUBdEkGk_7kNLqQDjaWfCP=w148-h148-n-k-no"
            },
            {
                "title": "St George's Greek Orthodox Church",
                "category": "Greek Orthodox church",
                "img": "https://lh5.googleusercontent.com/p/AF1QipNxkWiqzu_19mKNpu-dOfHFcdK0HkEEvT-TIyBi=w148-h148-n-k-no"
            },
            {
                "title": "Qasr Al-Harranah",
                "category": "Historical landmark",
                "img": "https://lh5.googleusercontent.com/p/AF1QipMLCpl_8mOh9T0XPYgvSl1qWuET37bu55A8vHyk=w148-h148-n-k-no"
            },
            {
                "title": "Jordan National Gallery of Fine Arts",
                "category": "Art museum",
                "url": "http://www.nationalgallery.org/",
                "img": "https://lh5.googleusercontent.com/p/AF1QipPBr4l26RNml0JZA6JyNPra4O4wNQy56mZ61jCm=w148-h148-n-k-no"
            },
            {
                "title": "Ma'in Hot Springs",
                "category": "Tourist attraction",
                "url": "http://www.mainhotsprings.jo/",
                "img": "https://lh5.googleusercontent.com/p/AF1QipOou9r8fiii4sMbKbbr-VDOfujr8ulQV8tgohLI=w148-h148-n-k-no"
            },
            {
                "title": "Fortress of Umm ar-Rasas (Old Roman City)",
                "category": "Historical landmark",
                "url": "https://www.jordanpetraprivatetour.com/about-jordan/umm-ar-rasas",
                "img": "https://lh5.googleusercontent.com/p/AF1QipM31xm7wpvElkWVmzJkAyV31Mbdf3v31fGNURRN=w148-h148-n-k-no"
            },
            {
                "title": "St. John the Baptist Roman Catholic Church",
                "category": "Catholic church",
                "img": "https://lh5.googleusercontent.com/p/AF1QipO3a9CcdylsO4r_GWkJ3Rcm_2boN9OvnSIo5Bgd=w148-h148-n-k-no"
            },
            {
                "title": "Temple of Artemis",
                "category": "Historical place",
                "url": "https://it.123rf.com/photo_69400968_tempio-di-artemide-nell-antica-citt%C3%A0-romana-di-gerasa-al-tramonto-pre-giornata-jerash-giordania.html",
                "img": "https://lh5.googleusercontent.com/p/AF1QipODXhHExJkOdJiHMuqdKXCviB9kXpzp2SPx36C8=w148-h148-n-k-no"
            },
            {
                "title": "Shobak Castle - Montreal",
                "category": "Archaeological site",
                "img": "https://lh5.googleusercontent.com/p/AF1QipNzdeWrzeIGa6DRUsM3-XyudYIk-p-6KEkv5wFG=w148-h148-n-k-no"
            },
            {
                "title": "Qasr al-Bint",
                "category": "Historical landmark",
                "img": "https://lh5.googleusercontent.com/p/AF1QipOi8tT6XLo7lNTu4WqFsR_t90v4JkubDO1oLWby=w148-h148-n-k-no"
            },
            {
                "title": "Fortress of Machaerus",
                "category": "Historical place",
                "img": "https://lh5.googleusercontent.com/p/AF1QipMWbWdrZ8L6VS8gHZh2_aFbL5CrBZXM-BCwVzev=w148-h148-n-k-no"
            }
        ],
        "Aqaba": [
            {
                "title": "Sharif Hussein bin Ali Mosque",
                "category": "Mosque",
                "img": "https://lh5.googleusercontent.com/p/AF1QipO5Dmj5ZyHZuutvgnrScixC76En75cokG6z5PWr=w148-h148-n-k-no"
            },
            {
                "title": "Ayla Oasis",
                "category": "Resort hotel",
                "url": "https://www.ayla.com.jo/?utm_source=GMBlisting&utm_medium=organic&utm_campaign=gmb",
                "img": "https://lh5.googleusercontent.com/p/AF1QipPQVZ4gN8S0C_hWDAoBv0k2yK1mqrXoh27aXM2X=w148-h148-n-k-no"
            },
            {
                "title": "Aqaba Marine Reserve",
                "category": "Tourist attraction",
                "url": "http://aseza.jo/",
                "img": "https://lh5.googleusercontent.com/p/AF1QipMtTEq2LrdP-06_v8QHcxeE9uPepvFvtpl7rP9g=w148-h148-n-k-no"
            },
            {
                "title": "Marina Village - Ayla",
                "category": "Shopping Centre",
                "url": "https://www.ayla.com.jo/plan-your-visit/marina-village/",
                "img": "https://lh5.googleusercontent.com/p/AF1QipOaCO7kkYk7rBqHo1XXNpKw_6UAv1SWx_sWQxhL=w148-h148-n-k-no"
            },
            {
                "title": "Aqaba Fort",
                "category": "Castle",
                "url": "https://aqaba.jo/Pages/Details/Attraction/2/Aqaba_Castle",
                "img": "https://lh5.googleusercontent.com/p/AF1QipN13t0kHp1gfeeX2JJi2IuXSoSPvOydwBXcWkpn=w148-h148-n-k-no"
            },
            {
                "title": "Saraya Aqaba Waterpark",
                "category": "Water park",
                "url": "https://sarayaaqabawaterpark.com/",
                "img": "https://lh5.googleusercontent.com/p/AF1QipPPKb7Rypl8TZFvRTdfTDw_QXDYTnWcGUI4ZKgn=w148-h148-n-k-no"
            },
            {
                "title": "Wadi Rum Protected Area",
                "category": "Nature reserve",
                "url": "http://wadirum.jo/",
                "img": "https://lh5.googleusercontent.com/p/AF1QipNmIaLL7kTifcyl-pedTEDU-x7LHL6Bcvdijh7a=w148-h148-n-k-no"
            },
            {
                "title": "The Courts by Ayla",
                "category": "Sports complex",
                "url": "https://www.ayla.com.jo/things-to-do-in-aqaba-jordan/sports-and-activities/?utm_source=GMBlisting&utm_medium=organic&utm_campaign=gmb",
                "img": "https://lh5.googleusercontent.com/p/AF1QipMW6f2AkjCzGNLS_--1RjfCeGvh1H68xW0srYjc=w148-h148-n-k-no"
            },
            {
                "title": "Mama Gaia",
                "category": "Beach club",
                "url": "http://www.mamagaia.com/",
                "img": "https://lh5.googleusercontent.com/p/AF1QipOV0kg6iQyPs1peCJcFwQcUMiUOE9CoXcxWQ2g_=w148-h148-n-k-no"
            },
            {
                "title": "Aqaba Bird Observatory",
                "category": "Park and Garden",
                "url": "https://aqaba.jo/Pages/Details/Attraction/1/Aqaba_Bird_Observatory",
                "img": "https://lh5.googleusercontent.com/p/AF1QipOX3JNdlJwfZCuvUvGIa7yX8bFw9RxLXPP50SHr=w148-h148-n-k-no"
            },
            {
                "title": "Jordan Seasons Hotel",
                "category": "Hotel",
                "url": "http://www.joseasonshotel.com/",
                "img": "https://lh5.googleusercontent.com/p/AF1QipNGzWJuG2fb2ZkZ16B00_7laz-gJ6e45y8f_E3Q=w148-h148-n-k-no"
            },
            {
                "title": "Aqaba Museum",
                "category": "History museum",
                "url": "https://evemuseografia.com/tag/museo-arqueologico-de-aqaba/",
                "img": "https://lh5.googleusercontent.com/p/AF1QipMetBfKufvt-0W6NE_iCnhXD_XuPKSHLSxW1_NG=w148-h148-n-k-no"
            },
            {
                "title": "Eilat Coral Beach Nature Reserve",
                "category": "Beach pavillion",
                "url": "https://www.parks.org.il/reserve-park/%D7%A9%D7%9E%D7%95%D7%A8%D7%AA-%D7%98%D7%91%D7%A2-%D7%97%D7%95%D7%A3-%D7%94%D7%90%D7%9C%D7%9E%D7%95%D7%92%D7%99%D7%9D/",
                "img": "https://lh5.googleusercontent.com/p/AF1QipOXL5WGW0TTnkeWaUpBpacYvB5rjgP1KxSo89fQ=w148-h148-n-k-no"
            },
            {
                "title": "Aqabawi - Art & Culture Studio",
                "category": "Art school",
                "url": "http://www.aqabawistudio.com/",
                "img": "https://lh5.googleusercontent.com/p/AF1QipNUud6KAZZXCodOEx4tBGs-wh_fiIrHdMEQA-1y=w148-h148-n-k-no"
            },
            {
                "title": "Al-Ghandour Beach",
                "category": "Beach",
                "img": "https://lh5.googleusercontent.com/p/AF1QipOEgaPdYRhbXCiJ2qL5xDHs8RogdMfwzzmvEjri=w148-h148-n-k-no"
            },
            {
                "title": "Rise Adventure Park - Ayla",
                "category": "High ropes course",
                "url": "https://www.ayla.com.jo/things-to-do-in-aqaba-jordan/sports-and-activities/?utm_source=GMBlisting&utm_medium=organic&utm_campaign=gmb",
                "img": "https://lh5.googleusercontent.com/p/AF1QipMnsrTtOuH7a88nzx0k-9-NjAlM45NagBX0Yf1r=w148-h148-n-k-no"
            }
        ]
    },
    "sights": [
        {
            "title": "Petra",
            "category": "Historical place",
            "url": "http://www.visitpetra.jo/",
            "img": "https://lh5.googleusercontent.com/p/AF1QipPCdrBt-SalEy4pAV2a27xMEDofRNlclmG4N-g=w148-h148-n-k-no"
        },
        {
            "title": "Wadi Rum Protected Area",
            "category": "Nature reserve",
            "url": "http://wadirum.jo/",
            "img": "https://lh5.googleusercontent.com/p/AF1QipNmIaLL7kTifcyl-pedTEDU-x7LHL6Bcvdijh7a=w148-h148-n-k-no"
        },
        {
            "title": "Roman Theater",
            "category": "Historical landmark",
            "url": "http://roman-amphitheater.blogspot.com/",
            "img": "https://lh5.googleusercontent.com/p/AF1QipNci1OfDz821ZU4PNDJcDVzoTIntiK0Uj9B3s3z=w148-h148-n-k-no"
        },
        {
            "title": "The Treasury",
            "category": "Historical landmark",
            "url": "https://www.mota.gov.jo/",
            "img": "https://lh5.googleusercontent.com/p/AF1QipN-i1jqWeUrdmu0JGO0XH9vfTxodzUy1WJ1U8mE=w148-h148-n-k-no"
        },
        {
            "title": "The Monastery",
            "category": "Historical landmark",
            "img": "https://lh5.googleusercontent.com/p/AF1QipM_RGuMgTxZ7r1GKo8mDyhnAx7DQqGXbxhaDtmn=w148-h148-n-k-no"
        },
        {
            "title": "Triclinium",
            "category": "Historical landmark",
            "url": "https://universes.art/en/art-destinations/jordan/petra/siq-al-barid-little-petra",
            "img": "https://lh5.googleusercontent.com/p/AF1QipPzQmv4xHbENzsWKdHCBlPI3ygNPsvLbbjiaI8W=w148-h148-n-k-no"
        },
        {
            "title": "Al-Siq",
            "category": "Tourist attraction",
            "url": "http://visitpetra.jo/DetailsPage/VisitPetra/LocationsInPetraDetailsEn.aspx?PID=5",
            "img": "https://lh5.googleusercontent.com/p/AF1QipNtOwtvbScHnINXocav0d0AEHPJ9TqzKSUjzDQs=w148-h148-n-k-no"
        },
        {
            "title": "Dana Biosphere Reserve",
            "category": "National park",
            "url": "https://www.rscn.org.jo/",
            "img": "https://lh5.googleusercontent.com/p/AF1QipMz0tnqduyXNJ59VZd932GIxvPlr8XBn2t49bNh=w148-h148-n-k-no"
        },
        {
            "title": "Ma'in Hot Springs",
            "category": "Tourist attraction",
            "url": "http://www.mainhotsprings.jo/",
            "img": "https://lh5.googleusercontent.com/p/AF1QipOou9r8fiii4sMbKbbr-VDOfujr8ulQV8tgohLI=w148-h148-n-k-no"
        },
        {
            "title": "Ajloun Castle",
            "category": "Historical place museum",
            "url": "https://www.touristjordan.com/ajloun-castle/",
            "img": "https://lh5.googleusercontent.com/p/AF1QipNAq8WMkJsT-XPV58YdxEHaJ8SnGR2tpc_5IuHn=w148-h148-n-k-no"
        },
        {
            "title": "Shobak Castle - Montreal",
            "category": "Archaeological site",
            "img": "https://lh5.googleusercontent.com/p/AF1QipNzdeWrzeIGa6DRUsM3-XyudYIk-p-6KEkv5wFG=w148-h148-n-k-no"
        },
        {
            "title": "Jordan National Gallery of Fine Arts",
            "category": "Art museum",
            "url": "http://www.nationalgallery.org/",
            "img": "https://lh5.googleusercontent.com/p/AF1QipPBr4l26RNml0JZA6JyNPra4O4wNQy56mZ61jCm=w148-h148-n-k-no"
        },
        {
            "title": "The Royal Tank Museum",
            "category": "War museum",
            "url": "https://rtm.jo/",
            "img": "https://lh5.googleusercontent.com/p/AF1QipNhy_JRouULx660cXDVSPDuzbOFNjIABJrFN-E=w148-h148-n-k-no"
        },
        {
            "title": "Ajloun",
            "category": "Locality",
            "img": "https://lh5.googleusercontent.com/p/AF1QipMfp7e4ZdtJ4YteK1cDD0ZrZk_8tBMkLUUkY8E7=w148-h148-n-k-no"
        },
        {
            "title": "St George's Greek Orthodox Church",
            "category": "Greek Orthodox church",
            "img": "https://lh5.googleusercontent.com/p/AF1QipNxkWiqzu_19mKNpu-dOfHFcdK0HkEEvT-TIyBi=w148-h148-n-k-no"
        },
        {
            "title": "Wadi al Mujib",
            "category": "Wadi",
            "img": "https://lh5.googleusercontent.com/p/AF1QipPuquTaLMZHahGxV5FbmqSIEPzhQ0BMmLM7oXCN=w148-h148-n-k-no"
        }
    ]
}