{
    "cities": {
        "Takeo": [
            {
                "title": "Phnom Tamao Zoological Park and Wildlife Rescue Center (PTWRC)",
                "category": "Wildlife park",
                "url": "https://www.wildlifealliance.org/wildlife-phnom-tamao/",
                "img": "https://lh5.googleusercontent.com/p/AF1QipPQeA4ckDEA4FBli5xRLc5kCCqjkGq6C5RaqbA1=w148-h148-n-k-no"
            },
            {
                "title": "Chi So Mountain",
                "category": "Mountain peak",
                "img": "https://lh5.googleusercontent.com/p/AF1QipOOJib-gU9dnliUt08_K0HiVFXOFFlDNxzg1BEB=w148-h148-n-k-no"
            },
            {
                "title": "Angkor Borei Museum",
                "category": "Museum",
                "img": "https://lh5.googleusercontent.com/p/AF1QipO27DPoySUoUWk11ssulzSd3eW3e61M_WHZfzl4=w148-h148-n-k-no"
            },
            {
                "title": "Phnom Da Temple",
                "category": "Hindu temple",
                "img": "https://lh5.googleusercontent.com/p/AF1QipNmXEi9nxYZCyykqYEyJ9Ij-_f7Ecg88i2r-dJo=w148-h148-n-k-no"
            },
            {
                "title": "Yeay Pow Temple",
                "category": "Archaeological site",
                "img": "https://lh5.googleusercontent.com/p/AF1QipO2w-vv1NzL6HNG_7LkmGyQeTca-MGHXdeC34h5=w148-h148-n-k-no"
            },
            {
                "title": "ប្រាសាទ​សែនធ្មុល​ Sen Thmoul Temple",
                "category": "Archaeological site",
                "img": "https://lh5.googleusercontent.com/p/AF1QipM-zCavS_LBkpmdhk9IYNK0_UUAi1W9j9h-H_Zm=w148-h148-n-k-no"
            },
            {
                "title": "ប្រាសាទ​សែនរវៀង Sen Rovieng Temple",
                "category": "Archaeological site",
                "img": "https://lh5.googleusercontent.com/p/AF1QipPIgNG1_nBc_wpHAvCTC0l3_wFryeeXLd6LQ9TF=w148-h148-n-k-no"
            },
            {
                "title": "Chisor Mountain Temple",
                "category": "Historical landmark",
                "img": "https://lh5.googleusercontent.com/p/AF1QipNcHXGTWiBSp884AowywCgHTY5Aoo2ys40jbOlo=w148-h148-n-k-no"
            },
            {
                "title": "ប្រាសាទជប់ពល Choub Poul Temple",
                "category": "Archaeological site",
                "img": "https://lh5.googleusercontent.com/p/AF1QipPEZtOsZWHkkgbJl7VXVTcg0Fn9Xz_NXRfIO8hJ=w148-h148-n-k-no"
            },
            {
                "title": "Independence Monument",
                "category": "Monument",
                "img": "https://lh4.googleusercontent.com/proxy/NHhyWQpQmx0ZuWxl4yDp3Rq2NpPXBy5mCVkFx_NgF4I-jdrytrKf6lQ9KmGw2zwmpZZ_6Pe2Lq4D8rDUegHHnSQIBMS4twGg0v58MsPNFXOFXaxZCNLzV5-zF4IvFEly7WgTwrl9TpADhsvxlnl84q_W8AHL8w=w148-h148-n-k-no"
            },
            {
                "title": "Wildlife Alliance Behind the Scenes Tour at Phnom Tamao",
                "category": "Outdoor activity organiser",
                "url": "https://www.wildlifealliance.org/wildlife-phnom-tamao/",
                "img": "https://lh5.googleusercontent.com/p/AF1QipPq2faHR5QPuZxQWfe1DXvD1N59EJtrUha4iov6=w148-h148-n-k-no"
            },
            {
                "title": "Silver Pagoda",
                "category": "Buddhist temple",
                "img": "https://lh5.googleusercontent.com/p/AF1QipMp7-CI4XgbaFvbDyBUm4uApVfjerOegB5JNnx1=w148-h148-n-k-no"
            },
            {
                "title": "National Museum of Cambodia",
                "category": "Art museum",
                "url": "http://www.cambodiamuseum.info/",
                "img": "https://lh5.googleusercontent.com/p/AF1QipOx20nqhQz-dI83PJF5EdBgayv6x5Px53QYfuje=w148-h148-n-k-no"
            },
            {
                "title": "Mongkol Serei Kien Khleang Pagoda",
                "category": "Buddhist temple",
                "img": "https://lh5.googleusercontent.com/p/AF1QipMhDFHIa550wnypcIYVLJTCTYM0fXU5pHQJexVz=w148-h148-n-k-no"
            },
            {
                "title": "Tuol Sleng Genocide Museum",
                "category": "Museum",
                "url": "http://www.tuolsleng.gov.kh/",
                "img": "https://lh5.googleusercontent.com/p/AF1QipNdhdW9WVNeWAQqFrj-NvVfPtflXNomIqWWkCOe=w148-h148-n-k-no"
            },
            {
                "title": "Tonle Bati",
                "category": "Seasonal lake",
                "img": "https://lh5.googleusercontent.com/p/AF1QipPAXx2CQPhKdJikEMIxRHHGcCNJiLrXv3Mtqhgw=w148-h148-n-k-no"
            }
        ],
        "Paoy Paet": [
            {
                "title": "Star Vegas Casino",
                "category": "Casino",
                "img": "https://lh5.googleusercontent.com/p/AF1QipMwXtw5cb-p01zrZR5CusCdDre9SicwIUoa_eq7=w148-h148-n-k-no"
            },
            {
                "title": "Tropicana Resort & Casino",
                "category": "Casino",
                "img": "https://lh6.googleusercontent.com/proxy/M39RJ767A8KSzMCkUgT4qtQT81IJ6X9_Y_dM5wekOLQRGGlHZYauDcJDzCP2FUvpp-uxmunuoQBW0DMqWUyQxLhVidl3kLyD-_EkSSZ-KGEEW0huCUS_TYaICfiangu9h_gh0BQMCctV6nD_Q2OKZI3o8JPhD_A=w148-h148-n-k-no"
            },
            {
                "title": "Crown Casino",
                "category": "Casino",
                "url": "http://crownresort.com/",
                "img": "https://lh5.googleusercontent.com/p/AF1QipM29LINRPA3ll2KyKPG4awxs1u65Q6wIqD-6jsg=w148-h148-n-k-no"
            },
            {
                "title": "Krong Battambang",
                "category": "Locality",
                "img": "https://lh5.googleusercontent.com/p/AF1QipPi_R0i7_xnwrVsz7MF6GSG8fqNO1wFvA2-tGhO=w148-h148-n-k-no"
            },
            {
                "title": "Krong Siem Reap",
                "category": "Locality",
                "img": "https://lh5.googleusercontent.com/p/AF1QipNcpDQnoUXkPGxTkx3wMsYSSyrLe5PXtmEkdFja=w148-h148-n-k-no"
            },
            {
                "title": "VICCI Beauty Bar - Poipet",
                "category": "Beauty Salon",
                "url": "http://viccibeautybar.com/",
                "img": "https://lh5.googleusercontent.com/p/AF1QipMLlnNeG5JeBalpYtf4K0bbF1HK1orv8om8K3FS=w148-h148-n-k-no"
            },
            {
                "title": "APOPO - Humanitarian Demining",
                "category": "Non-profit organisation",
                "url": "https://apopo.org/support-us/apopo-visitor-center",
                "img": "https://lh5.googleusercontent.com/p/AF1QipMOnW0imFKAKr8cvMMESo2Ou6PDo_i0z-oOzXMa=w148-h148-n-k-no"
            },
            {
                "title": "Cambodia Landmine Museum",
                "category": "Museum",
                "url": "http://www.cambodialandminemuseum.org/",
                "img": "https://lh5.googleusercontent.com/p/AF1QipNqqRxnXb8qbQy_U1PnOi5vOA0_8R5q684yjbOX=w148-h148-n-k-no"
            },
            {
                "title": "Bayon Temple",
                "category": "Buddhist temple",
                "url": "https://apsaraauthority.gov.kh/2021/08/05/bayon/",
                "img": "https://lh5.googleusercontent.com/p/AF1QipOcHjBYEIOurkPNKvup_feddW_iTdjXMii0jRvn=w148-h148-n-k-no"
            },
            {
                "title": "18+ Zone",
                "category": "Nightclub",
                "img": "https://lh5.googleusercontent.com/p/AF1QipOig2npfoPPj5o94WsroiJzllfAA9spB5VwN_a0=w148-h148-n-k-no"
            },
            {
                "title": "Pub Street",
                "category": "Tourist attraction",
                "img": "https://lh5.googleusercontent.com/p/AF1QipOnbo4a--VaHI6C_HR9cRTRBTHhn2U7xZPlpboP=w148-h148-n-k-no"
            },
            {
                "title": "Ta Prohm Temple",
                "category": "Buddhist temple",
                "url": "https://apsaraauthority.gov.kh/2021/08/12/ta-prohm/",
                "img": "https://lh5.googleusercontent.com/p/AF1QipO_1uk8KRi4JuvZZjkyko8eIe2qrmS5_Tcx4iDR=w148-h148-n-k-no"
            },
            {
                "title": "Angkor Wat",
                "category": "Buddhist temple",
                "img": "https://lh5.googleusercontent.com/p/AF1QipM0IHpfIAKxWXGb8HZvAqEg6wVQWQSRQ0nlM8MR=w148-h148-n-k-no"
            },
            {
                "title": "Banteay Srei",
                "category": "Locality",
                "img": "https://lh5.googleusercontent.com/p/AF1QipP-9bYzo9v0DaxCjh7l1B0OTR8nopziuUNzwy8Z=w148-h148-n-k-no"
            },
            {
                "title": "Tonlé Sap",
                "category": "Lake",
                "url": "http://en.wikipedia.org/wiki/Tonl%C3%A9_Sap",
                "img": "https://lh5.googleusercontent.com/p/AF1QipOYmVkRt8sh0wXQNRvImSWAMFX2Bef30Le5eQkg=w148-h148-n-k-no"
            }
        ],
        "Kampong Chhnang": [
            {
                "title": "Toul Om Pel Pagoda",
                "category": "Museum",
                "img": "https://lh5.googleusercontent.com/p/AF1QipPWOHv7-czPSUmArWG6UXALWm5nX7XU0PH2I6I=w148-h148-n-k-no"
            },
            {
                "title": "Wat Phnom Daun Penh",
                "category": "Buddhist temple",
                "img": "https://lh5.googleusercontent.com/p/AF1QipORqlTbljyGGInPBl9RUJug73eQiLbdIY18e-GI=w148-h148-n-k-no"
            },
            {
                "title": "Angkor National Museum",
                "category": "Archaeological museum",
                "url": "http://www.angkornationalmuseum.com/",
                "img": "https://lh5.googleusercontent.com/p/AF1QipMo2alUBvRZQa3uXV5IMvxmu-hNf8BEdQiLF3Yj=w148-h148-n-k-no"
            },
            {
                "title": "Tuol Sleng Genocide Museum",
                "category": "Museum",
                "url": "http://www.tuolsleng.gov.kh/",
                "img": "https://lh5.googleusercontent.com/p/AF1QipNdhdW9WVNeWAQqFrj-NvVfPtflXNomIqWWkCOe=w148-h148-n-k-no"
            },
            {
                "title": "Bophana Audiovisual Resource Center",
                "category": "Cultural centre",
                "url": "http://www.bophana.org/",
                "img": "https://lh5.googleusercontent.com/p/AF1QipMStLfkbDKOusSD4ZeWY5gnZKJXuGtkYmXKWbZB=w148-h148-n-k-no"
            },
            {
                "title": "Kampong Chhnang Floating Village",
                "category": "Tourist attraction",
                "img": "https://lh5.googleusercontent.com/p/AF1QipOy5bU4z12v5C74f32G5SHrVPsq6q3fmllXDwis=w148-h148-n-k-no"
            },
            {
                "title": "Phnom Penh Night Market",
                "category": "Night market",
                "img": "https://lh5.googleusercontent.com/p/AF1QipPwh1IpErVeax1MMHeOxBmCaknnqOfHBZJmQqSc=w148-h148-n-k-no"
            },
            {
                "title": "National Museum of Cambodia",
                "category": "Art museum",
                "url": "http://www.cambodiamuseum.info/",
                "img": "https://lh5.googleusercontent.com/p/AF1QipOx20nqhQz-dI83PJF5EdBgayv6x5Px53QYfuje=w148-h148-n-k-no"
            },
            {
                "title": "Statue of His Majesty Preah Bat Samdech Preah Norodom Sihanouk",
                "category": "Historical landmark",
                "img": "https://lh5.googleusercontent.com/p/AF1QipMGev_r8ClIKMGFllyez3ZpG5JGDJxeW5G_aPxc=w148-h148-n-k-no"
            },
            {
                "title": "Kampong Chhnang City Garden",
                "category": "Garden",
                "img": "https://lh5.googleusercontent.com/p/AF1QipMfKBvwJpkajhaqonsYE20T0SVuPx8XE6mr4k0=w148-h148-n-k-no"
            },
            {
                "title": "CMAC Museum",
                "category": "Coffee stand",
                "img": "https://lh5.googleusercontent.com/p/AF1QipM_eez0zg6asJ_ywJ-dFLeJzw2IXQYgG8tmijX_=w148-h148-n-k-no"
            },
            {
                "title": "Independence Monument - Kampong Chhnang Province",
                "category": "Memorial park",
                "img": "https://lh5.googleusercontent.com/p/AF1QipM6wZ5vueFjG_oPUDyzJGnhmvgzoe7Owq-cQ7ai=w148-h148-n-k-no"
            },
            {
                "title": "Phnom Neang Kangrei",
                "category": "Mountain peak",
                "img": "https://lh5.googleusercontent.com/p/AF1QipNGO54ULmK3gDewgLUJ-xpQN4rFjoWeaVdlMuQ=w148-h148-n-k-no"
            },
            {
                "title": "Prasat Phnom Punn Reay",
                "category": "Buddhist temple",
                "img": "https://lh5.googleusercontent.com/p/AF1QipPRI8LiXs9DclxdUHfsxnjoD6ig3ACiSAxmgx91=w148-h148-n-k-no"
            },
            {
                "title": "Royal Palace",
                "category": "Historical landmark",
                "img": "https://lh5.googleusercontent.com/p/AF1QipO6W0jnHXYR9PZfHPJ4xCOl7PE2oxgAgQKm5jYS=w148-h148-n-k-no"
            },
            {
                "title": "Kongkea Resort",
                "category": "Tourist attraction",
                "img": "https://lh5.googleusercontent.com/p/AF1QipNSaEMcYaVb8lSEeBVzrKxB8upSOlJeIhd5YDDU=w148-h148-n-k-no"
            }
        ],
        "Ta Khmau": [
            {
                "title": "Vattanac Capital",
                "category": "Business Centre",
                "img": "https://lh5.googleusercontent.com/p/AF1QipOgpApn6ss4_uQMv2xEwXaSFG9o2qZzQ8_-x2O2=w148-h148-n-k-no"
            },
            {
                "title": "Diamond Island Convention and Exhibition Center",
                "category": "Events Venue",
                "img": "https://lh5.googleusercontent.com/p/AF1QipNtXNVacpLG0Xox1w4hFpJxFnkqW30fCBrQdSFn=w148-h148-n-k-no"
            },
            {
                "title": "Bassac Lane",
                "category": "Bar",
                "img": "https://lh5.googleusercontent.com/p/AF1QipPwzb2IvDhvuE0vUpuS8BWbEDOM70RNaqXdp3qw=w148-h148-n-k-no"
            },
            {
                "title": "Tsubasa Bridge",
                "category": "Bridge",
                "img": "https://lh5.googleusercontent.com/p/AF1QipO_xTm2Fh2lIMUMTx0P9FgN8jfJXwbPVPqbW79O=w148-h148-n-k-no"
            },
            {
                "title": "Phnom Penh Night Market",
                "category": "Night market",
                "img": "https://lh5.googleusercontent.com/p/AF1QipPwh1IpErVeax1MMHeOxBmCaknnqOfHBZJmQqSc=w148-h148-n-k-no"
            },
            {
                "title": "Win-Win Memorial",
                "category": "Memorial park",
                "img": "https://lh5.googleusercontent.com/p/AF1QipMvi-ZSSogWLvZy5Bl2RDuSHA4ZI1EWAcza6Bq7=w148-h148-n-k-no"
            },
            {
                "title": "Royal Palace",
                "category": "Historical landmark",
                "img": "https://lh5.googleusercontent.com/p/AF1QipO6W0jnHXYR9PZfHPJ4xCOl7PE2oxgAgQKm5jYS=w148-h148-n-k-no"
            },
            {
                "title": "Statue of His Majesty Preah Bat Samdech Preah Norodom Sihanouk",
                "category": "Historical landmark",
                "img": "https://lh5.googleusercontent.com/p/AF1QipMGev_r8ClIKMGFllyez3ZpG5JGDJxeW5G_aPxc=w148-h148-n-k-no"
            },
            {
                "title": "Tuol Sleng Genocide Museum",
                "category": "Museum",
                "img": "https://lh5.googleusercontent.com/p/AF1QipNdhdW9WVNeWAQqFrj-NvVfPtflXNomIqWWkCOe=w148-h148-n-k-no"
            },
            {
                "title": "National Museum of Cambodia",
                "category": "Art museum",
                "img": "https://lh5.googleusercontent.com/p/AF1QipOx20nqhQz-dI83PJF5EdBgayv6x5Px53QYfuje=w148-h148-n-k-no"
            },
            {
                "title": "Central Market",
                "category": "Building",
                "img": "https://lh5.googleusercontent.com/p/AF1QipPk4QSN-NtzFBLDpMDYnuoDBQFSKjcGXhbtRt6d=w148-h148-n-k-no"
            },
            {
                "title": "Wat Phnom Daun Penh",
                "category": "Buddhist temple",
                "img": "https://lh5.googleusercontent.com/p/AF1QipORqlTbljyGGInPBl9RUJug73eQiLbdIY18e-GI=w148-h148-n-k-no"
            },
            {
                "title": "Independence Monument",
                "category": "Monument",
                "img": "https://lh4.googleusercontent.com/proxy/NHhyWQpQmx0ZuWxl4yDp3Rq2NpPXBy5mCVkFx_NgF4I-jdrytrKf6lQ9KmGw2zwmpZZ_6Pe2Lq4D8rDUegHHnSQIBMS4twGg0v58MsPNFXOFXaxZCNLzV5-zF4IvFEly7WgTwrl9TpADhsvxlnl84q_W8AHL8w=w148-h148-n-k-no"
            },
            {
                "title": "Choeung Ek Genocidal Center",
                "category": "Historical place museum",
                "img": "https://lh5.googleusercontent.com/p/AF1QipPS2BZDUTzT3KYPLOwqgHDWj7Uec30ZoJY7b1vA=w148-h148-n-k-no"
            },
            {
                "title": "Silver Pagoda",
                "category": "Buddhist temple",
                "img": "https://lh5.googleusercontent.com/p/AF1QipMp7-CI4XgbaFvbDyBUm4uApVfjerOegB5JNnx1=w148-h148-n-k-no"
            },
            {
                "title": "Tonlé Sap",
                "category": "Lake",
                "img": "https://lh5.googleusercontent.com/p/AF1QipOYmVkRt8sh0wXQNRvImSWAMFX2Bef30Le5eQkg=w148-h148-n-k-no"
            }
        ],
        "Pursat": [
            {
                "title": "Angkor Wat",
                "category": "Buddhist temple",
                "img": "https://lh5.googleusercontent.com/p/AF1QipM0IHpfIAKxWXGb8HZvAqEg6wVQWQSRQ0nlM8MR=w148-h148-n-k-no"
            },
            {
                "title": "Pursat Museum",
                "category": "Art museum",
                "img": "https://lh5.googleusercontent.com/p/AF1QipMpRA0QJnP_k0DCGHrm_RvjRg-QlgnhImFmXnh5=w148-h148-n-k-no"
            },
            {
                "title": "Angkor National Museum",
                "category": "Archaeological museum",
                "url": "http://www.angkornationalmuseum.com/",
                "img": "https://lh5.googleusercontent.com/p/AF1QipMo2alUBvRZQa3uXV5IMvxmu-hNf8BEdQiLF3Yj=w148-h148-n-k-no"
            },
            {
                "title": "Sampov Meas",
                "category": "Park and Garden",
                "img": "https://lh5.googleusercontent.com/p/AF1QipNQupYFqvg10AuaXaZ_8jPJPygg5pATilJFev9P=w148-h148-n-k-no"
            },
            {
                "title": "Cardamom Mountains",
                "category": "Mountain range",
                "img": "https://lh5.googleusercontent.com/p/AF1QipM425VQU8Xb8bBDKXVCxjlhLCaJo_VoUGzFVx7Y=w148-h148-n-k-no"
            },
            {
                "title": "Street 08",
                "category": "Notable street",
                "img": "https://lh5.googleusercontent.com/p/AF1QipPA4KBkPexKhW44tGiVnJKyYqTdYs56mQPMzGYZ=w148-h148-n-k-no"
            },
            {
                "title": "Tonlé Sap",
                "category": "Lake",
                "url": "http://en.wikipedia.org/wiki/Tonl%C3%A9_Sap",
                "img": "https://lh5.googleusercontent.com/p/AF1QipOYmVkRt8sh0wXQNRvImSWAMFX2Bef30Le5eQkg=w148-h148-n-k-no"
            },
            {
                "title": "Chrok La Eang Waterfall",
                "category": "Tourist attraction",
                "img": "https://lh5.googleusercontent.com/p/AF1QipMyBOhvBLcH9gjsJ-09JMltBKVUq37ycVb7O1DL=w148-h148-n-k-no"
            },
            {
                "title": "Osoam Cardamom Community Center, Cambodia",
                "category": "Guest house",
                "url": "http://www.osoamccc.weebly.com/",
                "img": "https://lh4.googleusercontent.com/proxy/rh8oqC8gyYkjPFEwq-HgvQP7uPIlR107mLrJSTnziEkZ2VQxqOaWRtWrDXCLzPvzinvSjWbBwhgPSmmyyk8-urYMmt2obxjA6YjvUajJlgqdRHorn8W5GtuwP5aftYGVMIgiI2QltZKGaLkCJbsz-ILZjNChjA=w148-h148-n-k-no"
            }
        ],
        "Sihanoukville": [
            {
                "title": "Phsar Leu Market",
                "category": "Market",
                "img": "https://lh5.googleusercontent.com/p/AF1QipOUDWZXams9atDIcKIBQdxe7p-HBJRDQkddNVu5=w148-h148-n-k-no"
            },
            {
                "title": "Ream National Park",
                "category": "National park",
                "img": "https://lh5.googleusercontent.com/p/AF1QipOrhkSqEU40PjuClQqHjWDLruNDQXTu7i_yfnEj=w148-h148-n-k-no"
            },
            {
                "title": "M-Pai Bay",
                "category": "Tourist attraction",
                "img": "https://lh5.googleusercontent.com/p/AF1QipO0LQmGFgvQo4o40REdpeyKAlCPE63H7JhiZYcG=w148-h148-n-k-no"
            },
            {
                "title": "Ocean Breeze",
                "category": "Tourist attraction",
                "img": "https://lh5.googleusercontent.com/p/AF1QipPLNtrZaGuy4rbD2WLx8es_bluyXKSzPwGd0R3J=w148-h148-n-k-no"
            },
            {
                "title": "Koh Rong",
                "category": "Island",
                "img": "https://lh5.googleusercontent.com/p/AF1QipMEapgpb8HDINuEvDFd-OG3suYrF9sfHeTFoHYw=w148-h148-n-k-no"
            },
            {
                "title": "Kbal Chhay Waterfalls",
                "category": "National park",
                "img": "https://lh5.googleusercontent.com/p/AF1QipPKCrX4QOYmGvQ3F4XHmM5UGWj7jhblyp_obG1L=w148-h148-n-k-no"
            },
            {
                "title": "Wat Leu Pagoda",
                "category": "Buddhist temple",
                "img": "https://lh5.googleusercontent.com/p/AF1QipPEg5JUVZcWmC0D5OmlT3U82OQmpL4l62iME5LS=w148-h148-n-k-no"
            },
            {
                "title": "Bamboo Island",
                "category": "Island",
                "img": "https://lh5.googleusercontent.com/p/AF1QipPXC4oijNNsvKehNrSp-IvqlGUe_uIj0cWWJfQ-=w148-h148-n-k-no"
            },
            {
                "title": "Royal Beach",
                "category": "Beach",
                "img": "https://lh5.googleusercontent.com/p/AF1QipP0raOT0FtLW3u_tkAh9se03wuYpRZiNo3sJZQB=w148-h148-n-k-no"
            },
            {
                "title": "7Deuce 72 Poker at DV Casino Sihanoukville, Cambodia",
                "category": "Casino",
                "url": "https://web.facebook.com/72pokercambodia",
                "img": "https://lh5.googleusercontent.com/p/AF1QipO3NQEnsoWx41oEX25mis1RR6GbiH_MI7fxMQ_y=w148-h148-n-k-no"
            },
            {
                "title": "Otres Beach",
                "category": "Beach",
                "img": "https://lh5.googleusercontent.com/p/AF1QipOI8xiz2tvlKqrbVFKE6l0j7fQejaww9_Mvx5B3=w148-h148-n-k-no"
            },
            {
                "title": "JinBei Casino & Hotel",
                "category": "Casino",
                "url": "http://www.jinbei-group.com/index.html",
                "img": "https://lh5.googleusercontent.com/p/AF1QipNW9KaP29XVUkgs3yFoXiAOWo459G9cJidFkxSW=w148-h148-n-k-no"
            },
            {
                "title": "Ochheuteal Beach",
                "category": "Beach",
                "img": "https://lh5.googleusercontent.com/p/AF1QipOi8vOip8JPPICbppCucwwYzpHhk2eoVaXf2Sib=w148-h148-n-k-no"
            },
            {
                "title": "Ou Chheuteal Beach",
                "category": "Beach",
                "img": "https://lh5.googleusercontent.com/p/AF1QipNDlg6BU1zG7q7lXhs6Ejrt2pFrX2ztzXn0nG2S=w148-h148-n-k-no"
            },
            {
                "title": "Koh Ta Kiev",
                "category": "Island",
                "img": "https://lh5.googleusercontent.com/p/AF1QipOhcej-H2Nf6-m4a9uWDX7BYAXFOsywLJRJxQYv=w148-h148-n-k-no"
            },
            {
                "title": "Pagoda Beach Koh Rong",
                "category": "Beach",
                "url": "http://www.pagodabeach.com/",
                "img": "https://lh5.googleusercontent.com/p/AF1QipNU2fGDkvp_ThVlzoDSQzqwyfJHwqyPMAcYLK6P=w148-h148-n-k-no"
            }
        ],
        "Kampong Cham": [
            {
                "title": "Kaoh Pan Island Bamboo Bridge",
                "category": "Bridge",
                "img": "https://lh5.googleusercontent.com/p/AF1QipO54d1z4ZLbO-SrdJ32qY0Il8pOUtna_-VBMLm3=w148-h148-n-k-no"
            },
            {
                "title": "Koh Pen",
                "category": "Island",
                "img": "https://lh5.googleusercontent.com/p/AF1QipMIfpZ9N00uQkq_geDrBndgnF_PdPY3cNDmsXR7=w148-h148-n-k-no"
            },
            {
                "title": "Kiri Bamboo Kampong Cham Branch",
                "category": "Construction Company",
                "img": "https://lh5.googleusercontent.com/p/AF1QipMKXBJlFFFrJHla_o97YVH_-B4hBIj5D82rJ6dJ=w148-h148-n-k-no"
            },
            {
                "title": "Hanchey Bamboo Resort",
                "category": "Resort hotel",
                "img": "https://lh5.googleusercontent.com/p/AF1QipNsJ7nYV8a8tb88QFpJgCvdL6LqdwSleCnKEEYD=w148-h148-n-k-no"
            },
            {
                "title": "Nokor Bachey Pagoda",
                "category": "Buddhist temple",
                "img": "https://lh5.googleusercontent.com/p/AF1QipNq6D1jQyUId0zNH44D-kamuUQMD9B1wGMkh8OM=w148-h148-n-k-no"
            },
            {
                "title": "Cheung Kok Ecotourism Village",
                "category": "Tourist attraction",
                "img": "https://lh5.googleusercontent.com/p/AF1QipOz115LgwndwkwiHD7T8M8CRk2YKonIcztunQsf=w148-h148-n-k-no"
            },
            {
                "title": "Phnom Hanchey",
                "category": "Mountain peak",
                "img": "https://lh5.googleusercontent.com/p/AF1QipO415v9LS0GnWsDlGwizYgh3gGW8D9Ey0eYfBQI=w148-h148-n-k-no"
            },
            {
                "title": "Moha Leap Pagoda",
                "category": "Buddhist temple",
                "img": "https://lh5.googleusercontent.com/p/AF1QipNeUg-kEtdJdoz2FpO_5sqSrPaSGyzol6ANLvYh=w148-h148-n-k-no"
            },
            {
                "title": "Hanchey",
                "category": "Administrative Area3",
                "img": "https://lh5.googleusercontent.com/p/AF1QipPlbkg2aR_iu0f_uYKYW_6D-6ZfV1iBH_Hbh34=w148-h148-n-k-no"
            },
            {
                "title": "Preah Theat",
                "category": "Administrative Area3",
                "img": "https://lh5.googleusercontent.com/p/AF1QipNAOFX6fjGuTsjR_ovY_syUJDcCt4YF7qRe10h_=w148-h148-n-k-no"
            }
        ],
        "Battambang": [
            {
                "title": "Ta Dumbong Kro Nhong",
                "category": "Place of worship",
                "img": "https://lh5.googleusercontent.com/p/AF1QipO4M7NwGhqyRsc9jbQEQiJ--EfQQq2XkZrfEx0U=w148-h148-n-k-no"
            },
            {
                "title": "Battambang Central Market",
                "category": "Market",
                "img": "https://lh5.googleusercontent.com/p/AF1QipOyOxwJgW_Q9tULJ-QRxs1KpwSwaZp6pMVa3jBi=w148-h148-n-k-no"
            },
            {
                "title": "Romcheik 5 Artspace & Café",
                "category": "Modern art museum",
                "url": "https://bio.link/romcheik5artcafe",
                "img": "https://lh5.googleusercontent.com/p/AF1QipMcNzwbHvS1qOPKiNiUmBga6mDsytJ8LOewNUzq=w148-h148-n-k-no"
            },
            {
                "title": "The Gecko Battambang",
                "category": "Restaurant",
                "url": "https://www.facebook.com/TheGeckoBattambang/",
                "img": "https://lh5.googleusercontent.com/p/AF1QipNpbT6W_Nv9roGaOBsanZ1Z5EcPhBwBs9gOQUpf=w148-h148-n-k-no"
            },
            {
                "title": "Mrs. Bun Roeung’s Ancient House",
                "category": "Museum",
                "img": "https://lh5.googleusercontent.com/p/AF1QipOQpXDgLY_bhPCvAJYHzcf8s1ud-Pp3NrzV46aB=w148-h148-n-k-no"
            },
            {
                "title": "Battambang Cycling Tour",
                "category": "Tour operator",
                "img": "https://lh5.googleusercontent.com/p/AF1QipMF6LRN-4cTL2Hs_3FUWnEZcJ0YzLReobPwd6km=w148-h148-n-k-no"
            },
            {
                "title": "HUMAN GALLERY - Joseba Etxebarria Photography",
                "category": "Art gallery",
                "url": "http://www.josebaetxebarria.com/",
                "img": "https://lh5.googleusercontent.com/p/AF1QipPPbNIYzBo8JP5mypXa9slztuUg9FRd2fcD4N6X=w148-h148-n-k-no"
            },
            {
                "title": "Ek Phnom Pagoda",
                "category": "Buddhist temple",
                "img": "https://lh5.googleusercontent.com/p/AF1QipNu_2QgzbrLi_jPmbZvtSykGhv04wdZEXd2xBqU=w148-h148-n-k-no"
            },
            {
                "title": "The Well of Shadows",
                "category": "Museum",
                "img": "https://lh5.googleusercontent.com/p/AF1QipMAG0D9RWLieFOirsPkUIzeGfrxYIlUChuummjV=w148-h148-n-k-no"
            },
            {
                "title": "Damrey Sor Pagoda",
                "category": "Buddhist temple",
                "img": "https://lh5.googleusercontent.com/p/AF1QipO6pzHT_BibFY5GllU7cmBYLLKBHXe4h5dcwF4f=w148-h148-n-k-no"
            },
            {
                "title": "Kampong Pil Pagoda",
                "category": "Buddhist temple",
                "img": "https://lh5.googleusercontent.com/p/AF1QipMxdi-hFjY1GN--ediODLkAtUYeHnf42z_g1igY=w148-h148-n-k-no"
            },
            {
                "title": "Piphetthearam Pagoda",
                "category": "Compound grounds",
                "img": "https://lh5.googleusercontent.com/p/AF1QipNjPIoMs1OZyJuDIkWp1Y-E5EQp6eiBzAiiQNo1=w148-h148-n-k-no"
            },
            {
                "title": "Wat Samrong Knong",
                "category": "Buddhist temple",
                "img": "https://lh5.googleusercontent.com/p/AF1QipP1Di0PQifrmRrriAwdlDVtemHQZFSRwxe7U0G0=w148-h148-n-k-no"
            },
            {
                "title": "Lotus Farm (by Samatoa)",
                "category": "Tourist attraction",
                "url": "http://www.lotusfarm.org/",
                "img": "https://lh5.googleusercontent.com/p/AF1QipNYAHAY2de9X7viGh5clgs0o5-bkJ3R6i_Syj97=w148-h148-n-k-no"
            },
            {
                "title": "Battambang Crocodile Farm",
                "category": "Tourist attraction",
                "img": "https://lh5.googleusercontent.com/p/AF1QipPvpQUqAPRvq-6IPxtItcQhE_gKzWSW2xkbQ8Ak=w148-h148-n-k-no"
            },
            {
                "title": "Banan Temple",
                "category": "Hindu temple",
                "img": "https://lh5.googleusercontent.com/p/AF1QipNlTmrLsAod9QjzpJIQFF0mk11t-kIu70AaAPlQ=w148-h148-n-k-no"
            }
        ],
        "Siem Reap": [
            {
                "title": "Angkor Wat",
                "category": "Buddhist temple",
                "img": "https://lh5.googleusercontent.com/p/AF1QipM0IHpfIAKxWXGb8HZvAqEg6wVQWQSRQ0nlM8MR=w148-h148-n-k-no"
            },
            {
                "title": "Bayon Temple",
                "category": "Buddhist temple",
                "img": "https://lh5.googleusercontent.com/p/AF1QipOcHjBYEIOurkPNKvup_feddW_iTdjXMii0jRvn=w148-h148-n-k-no"
            },
            {
                "title": "Ta Prohm Temple",
                "category": "Buddhist temple",
                "img": "https://lh5.googleusercontent.com/p/AF1QipO_1uk8KRi4JuvZZjkyko8eIe2qrmS5_Tcx4iDR=w148-h148-n-k-no"
            },
            {
                "title": "Prasat Preah Khan",
                "category": "Buddhist temple",
                "img": "https://lh5.googleusercontent.com/p/AF1QipPD0bTjYO7Q9XkybQp_VhQqpUrGdPf1iZGHFjJ3=w148-h148-n-k-no"
            },
            {
                "title": "Angkor National Museum",
                "category": "Archaeological museum",
                "img": "https://lh5.googleusercontent.com/p/AF1QipMo2alUBvRZQa3uXV5IMvxmu-hNf8BEdQiLF3Yj=w148-h148-n-k-no"
            },
            {
                "title": "Made in Cambodia Market",
                "category": "Handicraft fair",
                "img": "https://lh5.googleusercontent.com/p/AF1QipPHucz0Y9EvoeZERpwF3l0D2Fk1es6AGX9tnu5u=w148-h148-n-k-no"
            },
            {
                "title": "Pre Rup temple",
                "category": "Historical landmark",
                "img": "https://lh5.googleusercontent.com/p/AF1QipMcZVyLC6tJk0z1BKa-rlI58WpBnQKMNrv1jKoU=w148-h148-n-k-no"
            },
            {
                "title": "APOPO - Humanitarian Demining",
                "category": "Non-profit organisation",
                "img": "https://lh5.googleusercontent.com/p/AF1QipMOnW0imFKAKr8cvMMESo2Ou6PDo_i0z-oOzXMa=w148-h148-n-k-no"
            },
            {
                "title": "Pub Street",
                "category": "Tourist attraction",
                "img": "https://lh5.googleusercontent.com/p/AF1QipOnbo4a--VaHI6C_HR9cRTRBTHhn2U7xZPlpboP=w148-h148-n-k-no"
            },
            {
                "title": "Phare, The Cambodian Circus",
                "category": "Performing arts theatre",
                "img": "https://lh5.googleusercontent.com/p/AF1QipM315-JCRyU1bqZM7xemYqwepf8SeJ1rOIX3FgK=w148-h148-n-k-no"
            },
            {
                "title": "Eastern Mebon",
                "category": "Hindu temple",
                "img": "https://lh5.googleusercontent.com/proxy/9EHdKJDgE1X1h1K66FDc79EyUXfRiefxNlo-lotS52UWYqfdv9N_aZMIoFxxCTDR_w0KB24KLlfdzPDfvEhEBaQKELdgH0Eaom0l8ccYTXxdXPMDs-xOh-MZrzJJn8QjQ8M55yaNaeTLQTkgHV4ELvC2Megwow=w148-h148-n-k-no"
            },
            {
                "title": "Prasat Ta Keo",
                "category": "Hindu temple",
                "img": "https://lh5.googleusercontent.com/p/AF1QipPX-W_cTlx4oGUOM20gtPQ1IT0QkXR4NwPOgJM6=w148-h148-n-k-no"
            },
            {
                "title": "Thommanon",
                "category": "Historical landmark",
                "img": "https://lh5.googleusercontent.com/p/AF1QipPqeWeN1MTVLr6D1RUV_YjC3AYPwvfhZ7TaSab1=w148-h148-n-k-no"
            },
            {
                "title": "Phimeanakas",
                "category": "Historical place",
                "img": "https://lh5.googleusercontent.com/p/AF1QipMd1WkImRRcqSUpL7PiQu-Wr-aqD_c6bpvC2XkT=w148-h148-n-k-no"
            },
            {
                "title": "Prasat Chau Say Tevoda",
                "category": "Hindu temple",
                "img": "https://lh5.googleusercontent.com/p/AF1QipMJ7ibCtkMkXskh1V3TM1lXbMR5UqY5dBYR-PEI=w148-h148-n-k-no"
            },
            {
                "title": "Preah Ponlea Sdach Komlong (Terrace Of The Leper King)",
                "category": "Historical landmark",
                "img": "https://lh5.googleusercontent.com/p/AF1QipMo5CYSALpN27VzHhEm3Zz0mJ6OxV7a5PJxjOsa=w148-h148-n-k-no"
            }
        ],
        "Phnom Penh": [
            {
                "title": "Tuol Sleng Genocide Museum",
                "category": "Museum",
                "url": "http://www.tuolsleng.gov.kh/",
                "img": "https://lh5.googleusercontent.com/p/AF1QipNdhdW9WVNeWAQqFrj-NvVfPtflXNomIqWWkCOe=w148-h148-n-k-no"
            },
            {
                "title": "Royal Palace",
                "category": "Historical landmark",
                "img": "https://lh5.googleusercontent.com/p/AF1QipO6W0jnHXYR9PZfHPJ4xCOl7PE2oxgAgQKm5jYS=w148-h148-n-k-no"
            },
            {
                "title": "Wat Phnom Daun Penh",
                "category": "Buddhist temple",
                "img": "https://lh5.googleusercontent.com/p/AF1QipORqlTbljyGGInPBl9RUJug73eQiLbdIY18e-GI=w148-h148-n-k-no"
            },
            {
                "title": "Independence Monument",
                "category": "Monument",
                "img": "https://lh4.googleusercontent.com/proxy/NHhyWQpQmx0ZuWxl4yDp3Rq2NpPXBy5mCVkFx_NgF4I-jdrytrKf6lQ9KmGw2zwmpZZ_6Pe2Lq4D8rDUegHHnSQIBMS4twGg0v58MsPNFXOFXaxZCNLzV5-zF4IvFEly7WgTwrl9TpADhsvxlnl84q_W8AHL8w=w148-h148-n-k-no"
            },
            {
                "title": "Choeung Ek Genocidal Center",
                "category": "Historical place museum",
                "img": "https://lh5.googleusercontent.com/p/AF1QipPS2BZDUTzT3KYPLOwqgHDWj7Uec30ZoJY7b1vA=w148-h148-n-k-no"
            },
            {
                "title": "Silver Pagoda",
                "category": "Buddhist temple",
                "img": "https://lh5.googleusercontent.com/p/AF1QipMp7-CI4XgbaFvbDyBUm4uApVfjerOegB5JNnx1=w148-h148-n-k-no"
            },
            {
                "title": "Tuol Tompoung Market",
                "category": "Market",
                "img": "https://lh5.googleusercontent.com/p/AF1QipNb9qCIRZcUEP25szDOhutkbioUrDQAIi98HrnN=w148-h148-n-k-no"
            },
            {
                "title": "National Museum of Cambodia",
                "category": "Art museum",
                "url": "http://www.cambodiamuseum.info/",
                "img": "https://lh5.googleusercontent.com/p/AF1QipOx20nqhQz-dI83PJF5EdBgayv6x5Px53QYfuje=w148-h148-n-k-no"
            },
            {
                "title": "Statue of His Majesty Preah Bat Samdech Preah Norodom Sihanouk",
                "category": "Historical landmark",
                "img": "https://lh5.googleusercontent.com/p/AF1QipMGev_r8ClIKMGFllyez3ZpG5JGDJxeW5G_aPxc=w148-h148-n-k-no"
            },
            {
                "title": "FACTORY Phnom Penh",
                "category": "Business Centre",
                "url": "http://www.factoryphnompenh.com/",
                "img": "https://lh5.googleusercontent.com/p/AF1QipM5mPNIvkGEQ-Kbm_FHMtHJSsuDelEnKsh4bPP2=w148-h148-n-k-no"
            },
            {
                "title": "Wat Langka",
                "category": "Buddhist temple",
                "img": "https://lh5.googleusercontent.com/p/AF1QipNleKk0d8BWuSp9A3Qdi2ptGc-OS0YZ3pauJ33d=w148-h148-n-k-no"
            },
            {
                "title": "Fly Phnom Penh",
                "category": "Recreation Centre",
                "url": "http://www.flyphnompenh.com/",
                "img": "https://lh5.googleusercontent.com/p/AF1QipPMu3H0Il39YdCiNdXP62YgFwREuqSOgw_at6uk=w148-h148-n-k-no"
            },
            {
                "title": "Bassac Lane",
                "category": "Bar",
                "url": "https://www.facebook.com/bassaclanephnompenh?mibextid=LQQJ4d",
                "img": "https://lh5.googleusercontent.com/p/AF1QipPwzb2IvDhvuE0vUpuS8BWbEDOM70RNaqXdp3qw=w148-h148-n-k-no"
            },
            {
                "title": "Wat Botum Park",
                "category": "Park and Garden",
                "img": "https://lh5.googleusercontent.com/p/AF1QipN__9hfgSK8du0bYEDK500ryLhSazT_4zSQ0bVL=w148-h148-n-k-no"
            },
            {
                "title": "Central Market",
                "category": "Building",
                "img": "https://lh5.googleusercontent.com/p/AF1QipPk4QSN-NtzFBLDpMDYnuoDBQFSKjcGXhbtRt6d=w148-h148-n-k-no"
            },
            {
                "title": "Orussey Market",
                "category": "Market",
                "url": "https://www.facebook.com/%E1%9E%95%E1%9F%92%E1%9E%9F%E1%9E%B6%E1%9E%9A%E1%9E%A2%E1%9E%BC%E1%9E%9A%E1%9E%AC%E1%9E%9F%E1%9F%92%E1%9E%9F%E1%9E%B8-103004678702508",
                "img": "https://lh5.googleusercontent.com/p/AF1QipM-dcxWZpV9us7P_o30nl0Ka043hGgq5zSF8CLK=w148-h148-n-k-no"
            }
        ]
    },
    "sights": [
        {
            "title": "Angkor Wat",
            "category": "Buddhist temple",
            "img": "https://lh5.googleusercontent.com/p/AF1QipM0IHpfIAKxWXGb8HZvAqEg6wVQWQSRQ0nlM8MR=w148-h148-n-k-no"
        },
        {
            "title": "Ta Prohm Temple",
            "category": "Buddhist temple",
            "url": "https://apsaraauthority.gov.kh/2021/08/12/ta-prohm/",
            "img": "https://lh5.googleusercontent.com/p/AF1QipO_1uk8KRi4JuvZZjkyko8eIe2qrmS5_Tcx4iDR=w148-h148-n-k-no"
        },
        {
            "title": "Tuol Sleng Genocide Museum",
            "category": "Museum",
            "url": "http://www.tuolsleng.gov.kh/",
            "img": "https://lh5.googleusercontent.com/p/AF1QipNdhdW9WVNeWAQqFrj-NvVfPtflXNomIqWWkCOe=w148-h148-n-k-no"
        },
        {
            "title": "Bayon Temple",
            "category": "Buddhist temple",
            "url": "https://apsaraauthority.gov.kh/2021/08/05/bayon/",
            "img": "https://lh5.googleusercontent.com/p/AF1QipOcHjBYEIOurkPNKvup_feddW_iTdjXMii0jRvn=w148-h148-n-k-no"
        },
        {
            "title": "Phnom Bakheng",
            "category": "Hindu temple",
            "img": "https://lh5.googleusercontent.com/p/AF1QipPek1jscGUQLh8-tbKnRN29bgaj_Mel1G6lTKYF=w148-h148-n-k-no"
        },
        {
            "title": "Angkor National Museum",
            "category": "Archaeological museum",
            "url": "http://www.angkornationalmuseum.com/",
            "img": "https://lh5.googleusercontent.com/p/AF1QipMo2alUBvRZQa3uXV5IMvxmu-hNf8BEdQiLF3Yj=w148-h148-n-k-no"
        },
        {
            "title": "Royal Palace",
            "category": "Historical landmark",
            "img": "https://lh5.googleusercontent.com/p/AF1QipO6W0jnHXYR9PZfHPJ4xCOl7PE2oxgAgQKm5jYS=w148-h148-n-k-no"
        },
        {
            "title": "Neak Poan",
            "category": "Buddhist temple",
            "img": "https://lh6.googleusercontent.com/proxy/INoTEx7ob4FhhG_GiMiCTJITpaJnMpySXkh8a5a41Szm4KBmVbDlilSwTdCzKMJ6LmhN6pVC4qosF9gmUwixWGwuiYxnGCYn0oQO_cTDSj3xu8MEgk7FwMwZa5EMPDu1c_3AcuKbOZf17MF4_pLzVJCD_WSY1VE=w148-h148-n-k-no"
        },
        {
            "title": "Bokor Hill Station",
            "category": "Tourist attraction",
            "img": "https://lh5.googleusercontent.com/p/AF1QipPCyQ_OLFvmloh0xzpV2tygCW9FvaRzGywjROya=w148-h148-n-k-no"
        },
        {
            "title": "Phare, The Cambodian Circus",
            "category": "Performing arts theatre",
            "url": "https://pharecircus.org/",
            "img": "https://lh5.googleusercontent.com/p/AF1QipM315-JCRyU1bqZM7xemYqwepf8SeJ1rOIX3FgK=w148-h148-n-k-no"
        },
        {
            "title": "Prasat Sambor Prei Kuk",
            "category": "Archaeological site",
            "img": "https://lh5.googleusercontent.com/p/AF1QipNiSjsFtN4eoOK4zIl7ipPMfWxF1crmLOWXyHCE=w148-h148-n-k-no"
        },
        {
            "title": "Cambodia Landmine Museum",
            "category": "Museum",
            "url": "http://www.cambodialandminemuseum.org/",
            "img": "https://lh5.googleusercontent.com/p/AF1QipNqqRxnXb8qbQy_U1PnOi5vOA0_8R5q684yjbOX=w148-h148-n-k-no"
        },
        {
            "title": "Choeung Ek Genocidal Center",
            "category": "Historical place museum",
            "img": "https://lh5.googleusercontent.com/p/AF1QipPS2BZDUTzT3KYPLOwqgHDWj7Uec30ZoJY7b1vA=w148-h148-n-k-no"
        },
        {
            "title": "Tuol Tompoung Market",
            "category": "Market",
            "img": "https://lh5.googleusercontent.com/p/AF1QipNb9qCIRZcUEP25szDOhutkbioUrDQAIi98HrnN=w148-h148-n-k-no"
        },
        {
            "title": "Kirirom National Park",
            "category": "National park",
            "img": "https://lh5.googleusercontent.com/p/AF1QipOFp-G6nxYSt2R3YxNYW4aSreguKBdyeOt8oVY1=w148-h148-n-k-no"
        },
        {
            "title": "APOPO - Humanitarian Demining",
            "category": "Non-profit organisation",
            "url": "https://apopo.org/support-us/apopo-visitor-center",
            "img": "https://lh5.googleusercontent.com/p/AF1QipMOnW0imFKAKr8cvMMESo2Ou6PDo_i0z-oOzXMa=w148-h148-n-k-no"
        }
    ]
}