{
    "cities": {
        "Tyre": [
            {
                "title": "Tyre Beach",
                "category": "Beach",
                "img": "https://lh5.googleusercontent.com/p/AF1QipOiuZEMXouvDZoSWybxbu0ZC8kcHOIbrfWFqEY8=w148-h148-n-k-no"
            },
            {
                "title": "Dar Alma Hotel",
                "category": "Hotel",
                "url": "http://www.daralmatyre.com/",
                "img": "https://lh3.googleusercontent.com/proxy/YlwYvLpKSv6nL_q9-uJ4GGpg3M6_Z_Qxf1Oj-hH5EOdZJbBVFC7kVKCCnHrzx9nfHqVNSXAfB_D92ugWjRpbAB68kqmOfolTJEwiyvMBs5S37xiKZ1CQvh5nHflyXF7bMfMDEksxQ6TxNOlXtkDcnC9YS7Hw4g=w148-h148-n-k-no"
            },
            {
                "title": "ĒL Boutique Hotel",
                "category": "Hotel",
                "url": "https://www.elbtqhotel.com/",
                "img": "https://lh6.googleusercontent.com/proxy/4bjxrQdv5B4BkY6jmyZ80OvYA3BODihdBDVMnkTy5G2bUM1x0ZWUjKXr7mPC051_c6Pf0fBFxefm66vZTkXfsOnIPv0G7XLtB1NA2TyiAnX-1DH6O2uo5Vt19PWgSffExQ58V9XIo_E_BQ4Hv34gp8o398d0RQ=w148-h148-n-k-no"
            },
            {
                "title": "Dar Camelia Hotel",
                "category": "Hotel",
                "img": "https://lh4.googleusercontent.com/proxy/VncGM3I3gbIz-rRHcyRlk-diEZ_loX7oiouIZpQP1yjdNT7NL7gP1cMJ0ueHlHxkkZ75lQAi5G4x2lLywrroGGdlwNDfFNODw4eqGjK6P80J-kYweQeMsWn759O1J9FKvDrw6bXiWNeXbCIlOXGuEN30emjfobE=w148-h148-n-k-no"
            },
            {
                "title": "بحر صور",
                "category": "Tourist attraction",
                "url": "https://www.masrawe-b.com/2016/08/Photos-Sea.html",
                "img": "https://lh5.googleusercontent.com/p/AF1QipNXl4w6hZP_zo2oUJzt1HEWktoXnZMeBK_IuD2q=w148-h148-n-k-no"
            },
            {
                "title": "Les Ateliers de Tyr",
                "category": "Restaurant",
                "url": "http://www.ateliersdetyr.org/",
                "img": "https://lh5.googleusercontent.com/p/AF1QipPYN4z6zJxxWIskPNKM5X5Yy7Af-UwgVhWFauE=w148-h148-n-k-no"
            },
            {
                "title": "National Museum of Beirut",
                "category": "National museum",
                "img": "https://lh5.googleusercontent.com/p/AF1QipMbHUhX4dw8efpxEF8B80iKxz0ancanI5VSa3x0=w148-h148-n-k-no"
            }
        ],
        "Jounieh": [
            {
                "title": "Téléferique Harissa",
                "category": "Mountain cable car",
                "url": "http://www.teleferiquelb.com/",
                "img": "https://lh5.googleusercontent.com/p/AF1QipM66BzwSBLXAIIblwoO0yLsx57AgDCc2AOs2rAm=w148-h148-n-k-no"
            },
            {
                "title": "Paragliding Club Thermique Lebanon",
                "category": "Adventure sports",
                "url": "http://www.clubthermique.org/",
                "img": "https://lh5.googleusercontent.com/p/AF1QipNGHwgLdGaNXloINH75U4XjOlxZS03_r3kUbnG0=w148-h148-n-k-no"
            },
            {
                "title": "Casino du Liban",
                "category": "Casino",
                "url": "http://www.casinoduliban.com.lb/",
                "img": "https://lh5.googleusercontent.com/p/AF1QipNAk0e64TsAWydLfZJU0bBMzfX5haaV4eVco6Qn=w148-h148-n-k-no"
            },
            {
                "title": "Teleferique du Liban",
                "category": "Mountain cable car",
                "url": "http://www.teleferiquelb.com/",
                "img": "https://lh5.googleusercontent.com/p/AF1QipMT8-5Z5MuiBSdawqwnMnHh9pwxWwX2Rs26npM=w148-h148-n-k-no"
            },
            {
                "title": "Jabal Moussa Biosphere Reserve - Chouwan Entrance",
                "category": "Nature reserve",
                "url": "http://www.jabalmoussa.org/",
                "img": "https://lh5.googleusercontent.com/p/AF1QipPsOlerCB8odRtNPnxx1F9bgfXwisBwWni0uA0G=w148-h148-n-k-no"
            },
            {
                "title": "Paragliding.Lesa Lebanon",
                "category": "Sports club",
                "url": "https://lesaoutdoors.com/",
                "img": "https://lh5.googleusercontent.com/p/AF1QipOoQWO6dxzZ88xnKPCsueq1uPIZYH2XPDLyCfXD=w148-h148-n-k-no"
            },
            {
                "title": "Zaarour Club",
                "category": "Ski resort",
                "url": "http://www.zaarourclub.com/",
                "img": "https://lh5.googleusercontent.com/p/AF1QipMOVt2e7s_s0sxG6SVhkX2CrgyguVCJGJAyl-lp=w148-h148-n-k-no"
            },
            {
                "title": "HillHout Village",
                "category": "Picnic ground",
                "url": "https://m.facebook.com/HillhoutVillage/",
                "img": "https://lh5.googleusercontent.com/p/AF1QipNBL8PyMnmddJK0WqQJqkARYtBIl-A5vkvtTtkO=w148-h148-n-k-no"
            },
            {
                "title": "Jabal Moussa Biosphere Reserve - Qehmez entrance | محميّة جبل موسى - مدخل قهمز",
                "category": "National reserve",
                "url": "http://www.jabalmoussa.org/",
                "img": "https://lh5.googleusercontent.com/p/AF1QipNP-7lyqrOVykCSi_LKlaVlVP-say5vO-TDVaix=w148-h148-n-k-no"
            },
            {
                "title": "Waves Aqua Park",
                "category": "Water park",
                "url": "http://www.wavesaquapark.com/",
                "img": "https://lh5.googleusercontent.com/p/AF1QipO0bH_55yry2B8R8tflNU2c_nvN1j8SZtpSO1kY=w148-h148-n-k-no"
            },
            {
                "title": "Qanat Bakish",
                "category": "Attractions",
                "img": "https://lh5.googleusercontent.com/p/AF1QipNwSkODmbWiLVvNFifZ4hlyUpQN7Azyi1Kzfom8=w148-h148-n-k-no"
            },
            {
                "title": "National Museum of Beirut",
                "category": "National museum",
                "img": "https://lh5.googleusercontent.com/p/AF1QipMbHUhX4dw8efpxEF8B80iKxz0ancanI5VSa3x0=w148-h148-n-k-no"
            },
            {
                "title": "Rio Lento",
                "category": "Water park",
                "url": "http://riolento.com/",
                "img": "https://lh5.googleusercontent.com/p/AF1QipPDXbu9az5Rk-62F5EoHbLYE0_fAjM7vfXoWRq8=w148-h148-n-k-no"
            },
            {
                "title": "Zaitunay Bay",
                "category": "Promenade",
                "url": "http://zaitunaybay.com/",
                "img": "https://lh5.googleusercontent.com/p/AF1QipP8vc1r7btvPOrlRFqQfnrvsh5sNYIIianj7Dli=w148-h148-n-k-no"
            },
            {
                "title": "Al Raouche Rocks",
                "category": "Tourist attraction",
                "img": "https://lh5.googleusercontent.com/p/AF1QipPBSuXxcNJ8oN-Dl7vCjDdYTa0s4uvWW41ICFcH=w148-h148-n-k-no"
            },
            {
                "title": "VOX Cinemas City Centre Beirut",
                "category": "Cinema",
                "url": "https://lbn.voxcinemas.com/cinemas/city-centre-beirut?utm_source=google&utm_campaign=local_search&utm_medium=organic",
                "img": "https://lh5.googleusercontent.com/p/AF1QipPg-ztCJ9Rchj_eyPK8Ijqkh9VAWPHH1Uji2XmS=w148-h148-n-k-no"
            }
        ],
        "Ra’s Bayrūt": [
            {
                "title": "Jeita Grotto",
                "category": "Tourist attraction",
                "url": "http://www.jeitagrotto.com/",
                "img": "https://lh5.googleusercontent.com/p/AF1QipMsFTNZjPIr-0gaGNrGi2mVdDYMRnv7Ao_SMIEc=w148-h148-n-k-no"
            },
            {
                "title": "Verdun",
                "category": "Route",
                "img": "https://lh5.googleusercontent.com/p/AF1QipNkbgkG9vesroj6LZauAEumb7QU-7OyKw-T4FQj=w148-h148-n-k-no"
            },
            {
                "title": "Baalbek",
                "category": "Locality",
                "img": "https://lh5.googleusercontent.com/p/AF1QipM_ceQ7bXft45umyIGmypQZQ9ZdCFmB1Bjkhp95=w148-h148-n-k-no"
            },
            {
                "title": "PLAYTOWN",
                "category": "Playground",
                "url": "http://www.playtownlb.com/",
                "img": "https://lh5.googleusercontent.com/p/AF1QipPD5b_8mZBzM1cM-JIfLDBmKkTdI2jLpGeJSVx6=w148-h148-n-k-no"
            },
            {
                "title": "Domaine de Zakrit",
                "category": "Wedding venue",
                "img": "https://lh5.googleusercontent.com/p/AF1QipPpvfUJEl3icKmdAhPNagEeul8OPJwXpIGUHGV1=w148-h148-n-k-no"
            },
            {
                "title": "Exode Gallery",
                "category": "Art gallery",
                "img": "https://lh5.googleusercontent.com/p/AF1QipOVXcbqupt517n6DaMxywFSFIaxVd2DpARNhRHK=w148-h148-n-k-no"
            },
            {
                "title": "Arab Center for Architecture New Location",
                "category": "Corporate office",
                "img": "https://lh5.googleusercontent.com/p/AF1QipMFcFESjpZfdupSyph0FQP-l184lMixKsqU8chD=w148-h148-n-k-no"
            },
            {
                "title": "Sanayeh",
                "category": "Park and Garden",
                "img": "https://lh5.googleusercontent.com/p/AF1QipMukxAzcQo_0kvOvRA1fUVAV5esUXvJbZNaZjs=w148-h148-n-k-no"
            },
            {
                "title": "Ramleh Al Bayda",
                "category": "Neighborhood",
                "img": "https://lh5.googleusercontent.com/p/AF1QipNaIhk-j9wl__dHigzqYGhnwYHfV2_hvOcNdjIx=w148-h148-n-k-no"
            },
            {
                "title": "Beirut Central District",
                "category": "Neighborhood",
                "img": "https://lh5.googleusercontent.com/proxy/BvOxvwnZgQCDPORIS2kACbLGfoGQuRfmTmdY5FWQIN1npcv-gOTy_3ICEDPjEabl9rrEnqNG7lCvPIJXb_vJfugTyG6brUx_ZTN1n9_F26hoBYARmDovcATm0hf6s_ikuLv6xfa8LW4CgAUsYQwTARRdJr1Y8A=w148-h148-n-k-no"
            },
            {
                "title": "Nicolas Sursock Museum",
                "category": "Art museum",
                "url": "http://www.sursock.museum/",
                "img": "https://lh5.googleusercontent.com/p/AF1QipNAU51936Z0kOohnfgAZ7U1vYsLAbYfjkMSzfL7=w148-h148-n-k-no"
            },
            {
                "title": "Al Raouche Rocks",
                "category": "Tourist attraction",
                "img": "https://lh5.googleusercontent.com/p/AF1QipPBSuXxcNJ8oN-Dl7vCjDdYTa0s4uvWW41ICFcH=w148-h148-n-k-no"
            },
            {
                "title": "Saint George Maronite Cathedral",
                "category": "Christian church",
                "url": "https://m.facebook.com/53473892055/photos/a.429674012055/10154378661397056/?type=3",
                "img": "https://lh5.googleusercontent.com/p/AF1QipPfnRH8BNFTZ_ncZqY1JGYkYae07TD47-wx5K6O=w148-h148-n-k-no"
            },
            {
                "title": "MIM Mineral Museum",
                "category": "Museum",
                "url": "https://www.mim.museum/",
                "img": "https://lh5.googleusercontent.com/p/AF1QipOGs2279vRFFzOBtiQG2iXBenU5QkeD8VLQnKrG=w148-h148-n-k-no"
            },
            {
                "title": "Beit Beirut - Museum and Urban Cultural Center",
                "category": "Museum",
                "url": "http://www.beitbeirut.org/english/",
                "img": "https://lh5.googleusercontent.com/p/AF1QipPwn1De3qVtD-iP214NEbB_TRa3uha7veqtKDmS=w148-h148-n-k-no"
            },
            {
                "title": "National Museum of Beirut",
                "category": "National museum",
                "img": "https://lh5.googleusercontent.com/p/AF1QipMbHUhX4dw8efpxEF8B80iKxz0ancanI5VSa3x0=w148-h148-n-k-no"
            }
        ],
        "Zahlé": [
            {
                "title": "Berdawny - Restaurant",
                "category": "Lebanese restaurant",
                "img": "https://lh5.googleusercontent.com/p/AF1QipNcWvNglUYSCFa2FajXh_24tikVp_LtCpVkPo86=w148-h148-n-k-no"
            },
            {
                "title": "Lady Of Zahle",
                "category": "Church",
                "img": "https://lh5.googleusercontent.com/p/AF1QipPVUPHhcfm3yBHRHjTSJUoTgO9iwxrnTfJwyXDc=w148-h148-n-k-no"
            },
            {
                "title": "Saint Elie Church",
                "category": "Christian church",
                "img": "https://lh5.googleusercontent.com/p/AF1QipOJi3D5IBWTZUB3WydcQfqJdcNvxT2kMSvxNJdQ=w148-h148-n-k-no"
            },
            {
                "title": "Coteaux Du Liban",
                "category": "Winery",
                "url": "https://www.coteauxduliban.com/",
                "img": "https://lh5.googleusercontent.com/p/AF1QipNuEGLRfN-AA8dyIWZQQ5AFDAUbKPBTh3DcWEWI=w148-h148-n-k-no"
            },
            {
                "title": "Domaine Wardy Winery",
                "category": "Winery",
                "url": "http://www.domainewardy.com/",
                "img": "https://lh5.googleusercontent.com/p/AF1QipNXvpGMgXKAo_KDzDHlwg-Wp47AwZVexkO56XQU=w148-h148-n-k-no"
            },
            {
                "title": "Chateau Ksara",
                "category": "Winery",
                "url": "http://www.chateauksara.com/",
                "img": "https://lh5.googleusercontent.com/p/AF1QipPlZgtoAVRjMEIOPCzB0YqXCbueODRgkgJIIHsi=w148-h148-n-k-no"
            },
            {
                "title": "National Museum of Beirut",
                "category": "National museum",
                "img": "https://lh5.googleusercontent.com/p/AF1QipMbHUhX4dw8efpxEF8B80iKxz0ancanI5VSa3x0=w148-h148-n-k-no"
            },
            {
                "title": "Park Joseph Tohme Skaff",
                "category": "National park",
                "img": "https://lh5.googleusercontent.com/p/AF1QipMerkUBL9tVJE6FJhe0hR3PbJEjwW14CnVU26yJ=w148-h148-n-k-no"
            },
            {
                "title": "Choueiry Fruit Farm",
                "category": "Farmers' market",
                "img": "https://lh5.googleusercontent.com/p/AF1QipO43FHiyvtLOdostOXKXgn1g8Ru0h8PPzksXTRt=w148-h148-n-k-no"
            },
            {
                "title": "Saydit al Najat",
                "category": "Church",
                "img": "https://lh5.googleusercontent.com/p/AF1QipMBO11RsZeDbnji0y27T9P__FXeSOQ9Roo0RTqy=w148-h148-n-k-no"
            },
            {
                "title": "Stargate Cinemas",
                "category": "Cinema",
                "img": "https://lh5.googleusercontent.com/p/AF1QipP6zpCXINnWqo2fasRDLkNPj28ERbQurm1ODigK=w148-h148-n-k-no"
            },
            {
                "title": "Château St Thomas",
                "category": "Winery",
                "url": "http://www.chateaustthomas.com/",
                "img": "https://lh5.googleusercontent.com/p/AF1QipOmGs5MmBBKSWnbbQxCaQvQQMKAMYi8_Hu_ilYY=w148-h148-n-k-no"
            },
            {
                "title": "Memchiyeh Park",
                "category": "Park and Garden",
                "img": "https://lh5.googleusercontent.com/p/AF1QipNNphSudVfruzme0ckZouiS0LzXCoBCx-jj4MXL=w148-h148-n-k-no"
            },
            {
                "title": "Nicolas Sursock Museum",
                "category": "Art museum",
                "url": "http://www.sursock.museum/",
                "img": "https://lh5.googleusercontent.com/p/AF1QipNAU51936Z0kOohnfgAZ7U1vYsLAbYfjkMSzfL7=w148-h148-n-k-no"
            },
            {
                "title": "Deir Taanayel - ND de la Consolation",
                "category": "Church",
                "url": "https://www.facebook.com/DeirTaanayel",
                "img": "https://lh5.googleusercontent.com/p/AF1QipPqrmsJgZxFqQ5dOR3hzCem7bZYb0jojg_VieQz=w148-h148-n-k-no"
            },
            {
                "title": "MIM Mineral Museum",
                "category": "Museum",
                "url": "https://www.mim.museum/",
                "img": "https://lh5.googleusercontent.com/p/AF1QipOGs2279vRFFzOBtiQG2iXBenU5QkeD8VLQnKrG=w148-h148-n-k-no"
            }
        ],
        "Beirut": [
            {
                "title": "Al Raouche Rocks",
                "category": "Tourist attraction",
                "img": "https://lh5.googleusercontent.com/p/AF1QipPBSuXxcNJ8oN-Dl7vCjDdYTa0s4uvWW41ICFcH=w148-h148-n-k-no"
            },
            {
                "title": "National Museum of Beirut",
                "category": "National museum",
                "img": "https://lh5.googleusercontent.com/p/AF1QipMbHUhX4dw8efpxEF8B80iKxz0ancanI5VSa3x0=w148-h148-n-k-no"
            },
            {
                "title": "Zaitunay Bay",
                "category": "Promenade",
                "img": "https://lh5.googleusercontent.com/p/AF1QipP8vc1r7btvPOrlRFqQfnrvsh5sNYIIianj7Dli=w148-h148-n-k-no"
            },
            {
                "title": "Nicolas Sursock Museum",
                "category": "Art museum",
                "img": "https://lh5.googleusercontent.com/p/AF1QipNAU51936Z0kOohnfgAZ7U1vYsLAbYfjkMSzfL7=w148-h148-n-k-no"
            },
            {
                "title": "Mohammad Al Amin Mosque",
                "category": "Mosque",
                "img": "https://lh5.googleusercontent.com/proxy/h2t8OBN7rYn1z8fIBv0_ozHeWOhyhc-TRL2CKYJLjwIR6ME-IUScGH9C_5JFDzh2ngvrPbWSEFFEi_mZkavJI9gY4VwKw1AROABE2cT2loURN9Qxp6KeAJCrPp2-ujNMZHOat8H9jfREoeQjevK2m9xY7Nk9vEo=w148-h148-n-k-no"
            },
            {
                "title": "MIM Mineral Museum",
                "category": "Museum",
                "img": "https://lh5.googleusercontent.com/p/AF1QipOGs2279vRFFzOBtiQG2iXBenU5QkeD8VLQnKrG=w148-h148-n-k-no"
            },
            {
                "title": "Beirut Souks",
                "category": "Shopping Centre",
                "img": "https://lh5.googleusercontent.com/p/AF1QipO2jx5FX7wlRq63LlsFmfyKkVUQw9OAwQ3NNG9M=w148-h148-n-k-no"
            },
            {
                "title": "American University of Beirut",
                "category": "University",
                "img": "https://lh5.googleusercontent.com/p/AF1QipMWj5nOEu1axHB0_1qn4pWrRDyLyd_rcovlqUdG=w148-h148-n-k-no"
            },
            {
                "title": "Saint George Greek Orthodox Cathedral",
                "category": "Greek Orthodox church",
                "img": "https://lh5.googleusercontent.com/p/AF1QipOrJhn0diKFsoVEpAKDL3m8WFwUpij4VhbeKvWS=w148-h148-n-k-no"
            },
            {
                "title": "American University of Beirut Archaeological Museum",
                "category": "Archaeological museum",
                "img": "https://lh5.googleusercontent.com/p/AF1QipNCVMIqTNK53Bm9flIOFYlLUHUpiXIR_tCVgL8S=w148-h148-n-k-no"
            },
            {
                "title": "Horsh Beirut",
                "category": "Park and Garden",
                "img": "https://lh5.googleusercontent.com/p/AF1QipPw7qOt9n9-c_wt6KxKGpLM6i8E_3kp9LCbe7xD=w148-h148-n-k-no"
            },
            {
                "title": "Hamra",
                "category": "Notable street",
                "img": "https://lh5.googleusercontent.com/p/AF1QipMvuDVa7s8OhFlbsUa4MQIbwV6iXWD19QlH3oHE=w148-h148-n-k-no"
            },
            {
                "title": "Beit Beirut - Museum and Urban Cultural Center",
                "category": "Museum",
                "img": "https://lh5.googleusercontent.com/p/AF1QipPwn1De3qVtD-iP214NEbB_TRa3uha7veqtKDmS=w148-h148-n-k-no"
            },
            {
                "title": "Our Lady of Lebanon بازيليك سيدة لبنان",
                "category": "Catholic church",
                "img": "https://lh5.googleusercontent.com/p/AF1QipOGFzrzgo18RqUClFJ2KAc8ixDZVc_36WpvmgC2=w148-h148-n-k-no"
            },
            {
                "title": "Al-Omari Grand Mosque",
                "category": "Mosque",
                "img": "https://lh5.googleusercontent.com/p/AF1QipM7eBBAH1AjH-cow1Gg6OS99I9R4XpFrk0mJ9kK=w148-h148-n-k-no"
            },
            {
                "title": "Gouraud",
                "category": "Notable street",
                "img": "https://lh5.googleusercontent.com/p/AF1QipNAR--h5Pije33OC3BqkFwebKfsi_4vUTYPJdRa=w148-h148-n-k-no"
            }
        ],
        "Nabatîyé et Tahta": [
            {
                "title": "Aqua Park Lebanon",
                "category": "Water park",
                "img": "https://lh5.googleusercontent.com/p/AF1QipO1IAMR382njkPVDuw2doqvjbadoTMO_TakTSfQ=w148-h148-n-k-no"
            },
            {
                "title": "Cedars of God Bsharri",
                "category": "Nature reserve",
                "img": "https://lh5.googleusercontent.com/p/AF1QipNPPQy9zWGBVLla1S3Rz8jXQ_OUD7fArb8nXL55=w148-h148-n-k-no"
            },
            {
                "title": "VOX Cinemas City Centre Beirut",
                "category": "Cinema",
                "img": "https://lh5.googleusercontent.com/p/AF1QipPg-ztCJ9Rchj_eyPK8Ijqkh9VAWPHH1Uji2XmS=w148-h148-n-k-no"
            },
            {
                "title": "Umayyad City Ruins",
                "category": "Historical place",
                "img": "https://lh5.googleusercontent.com/p/AF1QipOJrEgemE-JtsGimfHK5wA64l9pTbF6KxA41ufj=w148-h148-n-k-no"
            },
            {
                "title": "Lady Of Zahle",
                "category": "Church",
                "img": "data:image/gif;base64,R0lGODlhAQABAIAAAP///////yH5BAEKAAEALAAAAAABAAEAAAICTAEAOw=="
            },
            {
                "title": "MIM Mineral Museum",
                "category": "Museum",
                "img": "data:image/gif;base64,R0lGODlhAQABAIAAAP///////yH5BAEKAAEALAAAAAABAAEAAAICTAEAOw=="
            },
            {
                "title": "Khan El Franj",
                "category": "Historical landmark",
                "img": "data:image/gif;base64,R0lGODlhAQABAIAAAP///////yH5BAEKAAEALAAAAAABAAEAAAICTAEAOw=="
            },
            {
                "title": "Byblos Dock And Fishing Port",
                "category": "Boat ramp",
                "img": "data:image/gif;base64,R0lGODlhAQABAIAAAP///////yH5BAEKAAEALAAAAAABAAEAAAICTAEAOw=="
            },
            {
                "title": "American University of Beirut",
                "category": "University",
                "img": "data:image/gif;base64,R0lGODlhAQABAIAAAP///////yH5BAEKAAEALAAAAAABAAEAAAICTAEAOw=="
            },
            {
                "title": "Al Midan (Dany Chamoun) Square",
                "category": "Historical landmark",
                "img": "data:image/gif;base64,R0lGODlhAQABAIAAAP///////yH5BAEKAAEALAAAAAABAAEAAAICTAEAOw=="
            },
            {
                "title": "Rachaya Citadel (Citadel of Independence)",
                "category": "Castle",
                "img": "data:image/gif;base64,R0lGODlhAQABAIAAAP///////yH5BAEKAAEALAAAAAABAAEAAAICTAEAOw=="
            },
            {
                "title": "Ghazir Valley",
                "category": "Hiking area",
                "img": "data:image/gif;base64,R0lGODlhAQABAIAAAP///////yH5BAEKAAEALAAAAAABAAEAAAICTAEAOw=="
            },
            {
                "title": "Al-Omari Grand Mosque",
                "category": "Mosque",
                "img": "data:image/gif;base64,R0lGODlhAQABAIAAAP///////yH5BAEKAAEALAAAAAABAAEAAAICTAEAOw=="
            },
            {
                "title": "St. Nicolas Stairs",
                "category": "Tourist attraction",
                "img": "data:image/gif;base64,R0lGODlhAQABAIAAAP///////yH5BAEKAAEALAAAAAABAAEAAAICTAEAOw=="
            },
            {
                "title": "Hammam Al Jadeed حمام الجديد",
                "category": "Museum",
                "img": "data:image/gif;base64,R0lGODlhAQABAIAAAP///////yH5BAEKAAEALAAAAAABAAEAAAICTAEAOw=="
            },
            {
                "title": "Phoenician wall",
                "category": "Historical landmark",
                "img": "data:image/gif;base64,R0lGODlhAQABAIAAAP///////yH5BAEKAAEALAAAAAABAAEAAAICTAEAOw=="
            }
        ],
        "Sidon": [
            {
                "title": "Sidon Sea Castle",
                "category": "Castle",
                "img": "https://lh5.googleusercontent.com/p/AF1QipMgdOlOiR_We4920jMYX2M4gOwU78oez2YUL3rl=w148-h148-n-k-no"
            },
            {
                "title": "Khan Sacy",
                "category": "Museum",
                "url": "http://www.khansacy.com/",
                "img": "https://lh5.googleusercontent.com/p/AF1QipNU4Hg9rdQg_gKhubL5Po9txy17cU0218ZJ8L-Y=w148-h148-n-k-no"
            },
            {
                "title": "Zaitunay Bay",
                "category": "Promenade",
                "url": "http://zaitunaybay.com/",
                "img": "https://lh5.googleusercontent.com/p/AF1QipP8vc1r7btvPOrlRFqQfnrvsh5sNYIIianj7Dli=w148-h148-n-k-no"
            },
            {
                "title": "The Spot Saida",
                "category": "Shopping Centre",
                "img": "https://lh5.googleusercontent.com/p/AF1QipOBD3tCmLIXXqjs6tR-VFogpfrrU_8UJL5OX6XH=w148-h148-n-k-no"
            },
            {
                "title": "Tyre Beach",
                "category": "Beach",
                "img": "https://lh5.googleusercontent.com/p/AF1QipOiuZEMXouvDZoSWybxbu0ZC8kcHOIbrfWFqEY8=w148-h148-n-k-no"
            },
            {
                "title": "Saint Louis Castle",
                "category": "Historical place",
                "img": "https://lh5.googleusercontent.com/p/AF1QipMlg3fCQeZsyZHTmAGvEtfsHb1paAMQVMTUzTiA=w148-h148-n-k-no"
            },
            {
                "title": "Jeita Grotto",
                "category": "Tourist attraction",
                "url": "http://www.jeitagrotto.com/",
                "img": "https://lh5.googleusercontent.com/p/AF1QipMsFTNZjPIr-0gaGNrGi2mVdDYMRnv7Ao_SMIEc=w148-h148-n-k-no"
            },
            {
                "title": "Fortress of Niha",
                "category": "Fortress",
                "img": "https://lh5.googleusercontent.com/p/AF1QipP5z1CHCObxVEOWK3VmfK3pXULqF2zBVOF7t2Xj=w148-h148-n-k-no"
            },
            {
                "title": "Beirut Souks",
                "category": "Shopping Centre",
                "url": "http://www.beirutsouks.com.lb/",
                "img": "https://lh5.googleusercontent.com/p/AF1QipO2jx5FX7wlRq63LlsFmfyKkVUQw9OAwQ3NNG9M=w148-h148-n-k-no"
            },
            {
                "title": "Soap Museum - Saida",
                "category": "Heritage museum",
                "url": "http://www.museedusavonsaida.com/",
                "img": "https://lh5.googleusercontent.com/p/AF1QipM1vAZp_-dxwcj0d3FaLntLV4gkCdGxhH_bFgAO=w148-h148-n-k-no"
            },
            {
                "title": "Lazy B Beach Club JIYEH",
                "category": "Sports club",
                "url": "http://www.lazyb.me/",
                "img": "https://lh5.googleusercontent.com/p/AF1QipMddyqUbGHAFxRCSrxQ3E44s6xcooVf4UfoNDEj=w148-h148-n-k-no"
            },
            {
                "title": "Zireh Island",
                "category": "Island",
                "img": "https://lh5.googleusercontent.com/p/AF1QipMVfgSMd5Owym9OWz1-0Bg2nEzW0MCYgQkX5EJs=w148-h148-n-k-no"
            },
            {
                "title": "Saida Football Stadium",
                "category": "Stadium",
                "img": "https://lh5.googleusercontent.com/p/AF1QipNzK5zY46Ir5ktJE0giBYqQRpRxv_nGm0bFz-6N=w148-h148-n-k-no"
            },
            {
                "title": "Khan El Franj",
                "category": "Historical landmark",
                "url": "http://www.hariri-foundation.org/",
                "img": "https://lh5.googleusercontent.com/p/AF1QipPerr3NjBQTAJZOdAOpnPf_FHy6XfBJQR09HUk3=w148-h148-n-k-no"
            },
            {
                "title": "Hammam Al Jadeed حمام الجديد",
                "category": "Museum",
                "img": "https://lh5.googleusercontent.com/p/AF1QipPx3pmHS1MPFy4Tokn5-eN0YiD7QesaKeP-vBkL=w148-h148-n-k-no"
            },
            {
                "title": "Saida souks, أسواق صيدا",
                "category": "Shopping Centre",
                "img": "https://lh5.googleusercontent.com/p/AF1QipNOhrn-7shxkMjxbdpxRnOUgOtGnnXnyhepr78f=w148-h148-n-k-no"
            }
        ],
        "Habboûch": [
            {
                "title": "Mleeta Landmark",
                "category": "Landmark",
                "url": "https://www.facebook.com/mleetatl/?ref=aymt_homepage_panel&eid=ARAtIptW1-VYFgt_t-otJedGhJBAVCPx40X4u5wLw6uM34e_1AttfZQOlwPTYbIxlzoZUlGKeUihFlCK",
                "img": "https://lh5.googleusercontent.com/p/AF1QipPFRctmTuSmp5m4M3lwPYmM3nWcCz6j2E_y1ul_=w148-h148-n-k-no"
            },
            {
                "title": "Aqua Park Lebanon",
                "category": "Water park",
                "img": "https://lh5.googleusercontent.com/p/AF1QipO1IAMR382njkPVDuw2doqvjbadoTMO_TakTSfQ=w148-h148-n-k-no"
            },
            {
                "title": "الحديقة الأصداء العامة",
                "category": "National park",
                "img": "https://lh5.googleusercontent.com/p/AF1QipP4DHTMXlDSJ6xHaTv2zRBdqb_NSk-gjTfw-Kk1=w148-h148-n-k-no"
            },
            {
                "title": "Nicolas Sursock Museum",
                "category": "Art museum",
                "url": "http://www.sursock.museum/",
                "img": "https://lh5.googleusercontent.com/p/AF1QipNAU51936Z0kOohnfgAZ7U1vYsLAbYfjkMSzfL7=w148-h148-n-k-no"
            },
            {
                "title": "Jezzine Waterfall",
                "category": "Tourist attraction",
                "img": "https://lh5.googleusercontent.com/p/AF1QipOjWT8WAdSo_kV2mYikVNWDSoJjOCup_GMeTvjp=w148-h148-n-k-no"
            },
            {
                "title": "Tyre Beach",
                "category": "Beach",
                "img": "https://lh5.googleusercontent.com/p/AF1QipOiuZEMXouvDZoSWybxbu0ZC8kcHOIbrfWFqEY8=w148-h148-n-k-no"
            },
            {
                "title": "Umayyad City Ruins",
                "category": "Historical place",
                "img": "https://lh5.googleusercontent.com/p/AF1QipOJrEgemE-JtsGimfHK5wA64l9pTbF6KxA41ufj=w148-h148-n-k-no"
            },
            {
                "title": "Chateau Ksara",
                "category": "Winery",
                "url": "http://www.chateauksara.com/",
                "img": "https://lh5.googleusercontent.com/p/AF1QipPlZgtoAVRjMEIOPCzB0YqXCbueODRgkgJIIHsi=w148-h148-n-k-no"
            },
            {
                "title": "Lazy B Beach Club JIYEH",
                "category": "Sports club",
                "url": "http://www.lazyb.me/",
                "img": "https://lh5.googleusercontent.com/p/AF1QipMddyqUbGHAFxRCSrxQ3E44s6xcooVf4UfoNDEj=w148-h148-n-k-no"
            },
            {
                "title": "حديقة السيدة المعصومة",
                "category": "Garden",
                "img": "https://lh5.googleusercontent.com/p/AF1QipMptlNV4ZlNiOx6Hjzy2uIsboKQbNIgHZ5V6ywM=w148-h148-n-k-no"
            },
            {
                "title": "Rihan Grotto مغارة الريحان",
                "category": "Historical landmark",
                "url": "https://www.facebook.com/%D8%A8%D9%84%D8%AF%D9%8A%D8%A9-%D8%A7%D9%84%D8%B1%D9%8A%D8%AD%D8%A7%D9%86-1428897764019671/",
                "img": "https://lh5.googleusercontent.com/p/AF1QipOhsM9F1QIHhzm3A_LJY_dAoP1bIXKbdIISbWsl=w148-h148-n-k-no"
            },
            {
                "title": "حديقة الرسول الأكرم",
                "category": "Garden",
                "img": "https://lh5.googleusercontent.com/p/AF1QipMTsjFJiEXXP-BtpLvUK4xvcYLg4qJwF_OQiemh=w148-h148-n-k-no"
            },
            {
                "title": "Kahlil Gibran Museum",
                "category": "Museum",
                "url": "http://www.gibrankhalilgibran.org/",
                "img": "https://lh5.googleusercontent.com/p/AF1QipMGUuyRhfWr9X4CqqICgzSpRGX78cPk9LX-rZYR=w148-h148-n-k-no"
            },
            {
                "title": "Jabal Moussa Biosphere Reserve - Qehmez entrance | محميّة جبل موسى - مدخل قهمز",
                "category": "National reserve",
                "url": "http://www.jabalmoussa.org/",
                "img": "https://lh5.googleusercontent.com/p/AF1QipNP-7lyqrOVykCSi_LKlaVlVP-say5vO-TDVaix=w148-h148-n-k-no"
            },
            {
                "title": "Al Midan (Dany Chamoun) Square",
                "category": "Historical landmark",
                "img": "https://lh5.googleusercontent.com/p/AF1QipM8Eizb7HHSRxcc3pvCDrznJIduMBCjI-q2ggER=w148-h148-n-k-no"
            },
            {
                "title": "Tyre",
                "category": "Locality",
                "img": "https://lh5.googleusercontent.com/p/AF1QipNp06EuJ6fP65McPCtaPU_ennaf-aX5c-5r7l3Q=w148-h148-n-k-no"
            }
        ],
        "Tripoli": [
            {
                "title": "Tripoli Citadel",
                "category": "Castle",
                "img": "https://lh5.googleusercontent.com/p/AF1QipN5eryf5mofLfXLr03Qi1l3nCdZ8YPhHfAIEKyk=w148-h148-n-k-no"
            },
            {
                "title": "Taynal Mosque",
                "category": "Mosque",
                "img": "https://lh5.googleusercontent.com/p/AF1QipMCM1vNro_8okPQGBXLuCN4F3SUgmrlSoMPudxI=w148-h148-n-k-no"
            },
            {
                "title": "Rachid Karami International Fair by Oscar Niemeyer",
                "category": "Exhibition and trade centre",
                "url": "http://www.lebanon-fair.com/",
                "img": "https://lh5.googleusercontent.com/p/AF1QipOe5PWYpb8KyGieH2mfI8LmInNm5NSIAjR4p9Xe=w148-h148-n-k-no"
            },
            {
                "title": "Al Mansouri Great Mosque",
                "category": "Mosque",
                "img": "https://lh5.googleusercontent.com/p/AF1QipOaYN2JOLPzj7H8IhFnkzmwTZuvtc7_7mY3N7xI=w148-h148-n-k-no"
            },
            {
                "title": "Khan El Khayatin restaurant - حمص وفول",
                "category": "Restaurant",
                "img": "https://lh5.googleusercontent.com/p/AF1QipPZTWVHjxXX7H-44nUyCEQqDCKxyieOUQ94esQc=w148-h148-n-k-no"
            },
            {
                "title": "Warche 13",
                "category": "Coffee shop",
                "img": "https://lh5.googleusercontent.com/p/AF1QipPqOHeRsZ9cFDVG_l3gxgBHGbeEUI4eynVrnNCh=w148-h148-n-k-no"
            },
            {
                "title": "Mina",
                "category": "Locality",
                "img": "https://lh5.googleusercontent.com/p/AF1QipN1z_AoI-jNHWyrh9aSRdUWYO1-siH8bQzVE8aY=w148-h148-n-k-no"
            },
            {
                "title": "Hammam Al Jadid",
                "category": "Public Baths",
                "img": "https://lh5.googleusercontent.com/p/AF1QipPsp9072Petly8r3AVL_lGRShu02GDMX3HlMDx9=w148-h148-n-k-no"
            },
            {
                "title": "Mseilha Fort",
                "category": "Castle",
                "img": "https://lh5.googleusercontent.com/p/AF1QipNYjzh6OVkP2FhLmEluoUS6beEp34gZczPEKaND=w148-h148-n-k-no"
            },
            {
                "title": "Martyrs' Square",
                "category": "Plaza",
                "img": "https://lh5.googleusercontent.com/p/AF1QipPOlQKY9RjKdPtMwlCSZ0UFWaZMWOT467twfJkU=w148-h148-n-k-no"
            }
        ]
    },
    "sights": [
        {
            "title": "National Museum of Beirut",
            "category": "National museum",
            "img": "https://lh5.googleusercontent.com/p/AF1QipMbHUhX4dw8efpxEF8B80iKxz0ancanI5VSa3x0=w148-h148-n-k-no"
        },
        {
            "title": "Zaitunay Bay",
            "category": "Promenade",
            "url": "http://zaitunaybay.com/",
            "img": "https://lh5.googleusercontent.com/p/AF1QipP8vc1r7btvPOrlRFqQfnrvsh5sNYIIianj7Dli=w148-h148-n-k-no"
        },
        {
            "title": "Al Raouche Rocks",
            "category": "Tourist attraction",
            "img": "https://lh5.googleusercontent.com/p/AF1QipPBSuXxcNJ8oN-Dl7vCjDdYTa0s4uvWW41ICFcH=w148-h148-n-k-no"
        },
        {
            "title": "Baalbek Roman Ruins",
            "category": "Historical landmark",
            "img": "https://lh5.googleusercontent.com/p/AF1QipNOx3rwIyRz2kVB-pqPxyYna61Ouvo7y_0hPQQt=w148-h148-n-k-no"
        },
        {
            "title": "Mohammad Al Amin Mosque",
            "category": "Mosque",
            "img": "https://lh5.googleusercontent.com/proxy/h2t8OBN7rYn1z8fIBv0_ozHeWOhyhc-TRL2CKYJLjwIR6ME-IUScGH9C_5JFDzh2ngvrPbWSEFFEi_mZkavJI9gY4VwKw1AROABE2cT2loURN9Qxp6KeAJCrPp2-ujNMZHOat8H9jfREoeQjevK2m9xY7Nk9vEo=w148-h148-n-k-no"
        },
        {
            "title": "Our Lady of Lebanon بازيليك سيدة لبنان",
            "category": "Catholic church",
            "url": "http://www.ololb.org/",
            "img": "https://lh5.googleusercontent.com/p/AF1QipOGFzrzgo18RqUClFJ2KAc8ixDZVc_36WpvmgC2=w148-h148-n-k-no"
        },
        {
            "title": "Beiteddine Palace",
            "category": "Historical landmark",
            "url": "http://www.beiteddine.org/the-palace/",
            "img": "https://lh5.googleusercontent.com/p/AF1QipMDmnzpeRqeKleb9acjeaCL_rmd4DuCm8u8-Vz8=w148-h148-n-k-no"
        },
        {
            "title": "Nicolas Sursock Museum",
            "category": "Art museum",
            "url": "http://www.sursock.museum/",
            "img": "https://lh5.googleusercontent.com/p/AF1QipNAU51936Z0kOohnfgAZ7U1vYsLAbYfjkMSzfL7=w148-h148-n-k-no"
        },
        {
            "title": "Tripoli Citadel",
            "category": "Castle",
            "img": "https://lh5.googleusercontent.com/p/AF1QipN5eryf5mofLfXLr03Qi1l3nCdZ8YPhHfAIEKyk=w148-h148-n-k-no"
        },
        {
            "title": "Byblos Citadel",
            "category": "Castle",
            "img": "https://lh5.googleusercontent.com/p/AF1QipP3wwNKahgQsusA1Liua0mURPhofmMpjbv6r8RV=w148-h148-n-k-no"
        },
        {
            "title": "MIM Mineral Museum",
            "category": "Museum",
            "url": "https://www.mim.museum/",
            "img": "https://lh5.googleusercontent.com/p/AF1QipOGs2279vRFFzOBtiQG2iXBenU5QkeD8VLQnKrG=w148-h148-n-k-no"
        },
        {
            "title": "Jeita Grotto",
            "category": "Tourist attraction",
            "url": "http://www.jeitagrotto.com/",
            "img": "https://lh5.googleusercontent.com/p/AF1QipMsFTNZjPIr-0gaGNrGi2mVdDYMRnv7Ao_SMIEc=w148-h148-n-k-no"
        },
        {
            "title": "Martyrs' Square",
            "category": "Plaza",
            "img": "https://lh5.googleusercontent.com/p/AF1QipPOlQKY9RjKdPtMwlCSZ0UFWaZMWOT467twfJkU=w148-h148-n-k-no"
        },
        {
            "title": "Temple of Bacchus",
            "category": "Historical landmark",
            "img": "https://lh5.googleusercontent.com/p/AF1QipPXKI1G77pNXwTrEBjG_-f43G0dSdPQ8vDMAk6e=w148-h148-n-k-no"
        },
        {
            "title": "Cedars of God Bsharri",
            "category": "Nature reserve",
            "img": "https://lh5.googleusercontent.com/p/AF1QipNPPQy9zWGBVLla1S3Rz8jXQ_OUD7fArb8nXL55=w148-h148-n-k-no"
        },
        {
            "title": "Beirut",
            "category": "Locality",
            "img": "https://lh5.googleusercontent.com/p/AF1QipP6mEmF_dD_8Zih-V1jOINH8vAGyJ-uzZSVd7T2=w148-h148-n-k-no"
        }
    ]
}