{
    "cities": {
        "Luxembourg": [
            {
                "title": "Vianden Castle",
                "category": "Castle",
                "url": "https://castle-vianden.lu/",
                "img": "https://lh5.googleusercontent.com/p/AF1QipNqDDEvmL74HuAcU9TqAwj1KIwBwPbTpBCT8Jo3=w148-h148-n-k-no"
            },
            {
                "title": "Palais Grand-Ducal",
                "category": "Historical landmark",
                "url": "https://monarchie.lu/en/visit-grand-ducal-palace",
                "img": "https://lh5.googleusercontent.com/proxy/4CgZnQDq4id6wxJORtfEuCJPLKK37oVAr--23FiZZGplygGQb6b1KsUxrtVdpkjgQd4-7M5YXv5a_TpDHsAfGzmeG3cGW0IXDph3LWtrwwSVjqUAzDVG-KGM1mYi2qZwIilU_wFcmUaTCDfZxk3pVkGNFzgc148=w148-h148-n-k-no"
            },
            {
                "title": "Pont Adolphe",
                "category": "Bridge",
                "url": "https://www.luxembourg-city.com/fr/adresse/monument/pont-adolphe",
                "img": "https://lh5.googleusercontent.com/p/AF1QipNuzWa8wsWYEYgoiOSMa8Zpe9ESkfzeRp7pLiAW=w148-h148-n-k-no"
            },
            {
                "title": "Cathédrale Notre-Dame",
                "category": "Catholic cathedral",
                "img": "https://lh5.googleusercontent.com/p/AF1QipMDIUitCb9PsOq-ocw27jqL-IYk0RzHjBPnU1Qu=w148-h148-n-k-no"
            },
            {
                "title": "Panoramic Elevator of the Pfaffenthal",
                "category": "Transportation service",
                "url": "https://www.luxembourg-city.com/en/place/monuments/panoramic-elevator-of-the-pfaffenthal",
                "img": "https://lh5.googleusercontent.com/p/AF1QipPGfPZusSVXz4n_TIwIhMaBdGoqyWH7z-RfErRN=w148-h148-n-k-no"
            },
            {
                "title": "Bock Casemates",
                "category": "Historical landmark",
                "url": "https://www.luxembourg-city.com/en/place/fortifications/bock-casemates",
                "img": "https://lh5.googleusercontent.com/p/AF1QipMb4sF4uukPFm4ZWogKrwGS7Ot257H5BO9S_ztM=w148-h148-n-k-no"
            },
            {
                "title": "National Art and History Museum",
                "category": "National museum",
                "url": "https://www.nationalmusee.lu/",
                "img": "https://lh5.googleusercontent.com/p/AF1QipNjJjwHe6dFyYGaZxnT8OwGNnM8GfC5C0QCnBTB=w148-h148-n-k-no"
            },
            {
                "title": "Medieval Castle Beaufort",
                "category": "Historical landmark",
                "url": "http://www.beaufortcastles.com/",
                "img": "https://lh5.googleusercontent.com/p/AF1QipMajKx0D2tcZXN8Rvk0fjlBlNRqm6sUpDl5om_e=w148-h148-n-k-no"
            },
            {
                "title": "Bourscheid Castle",
                "category": "Castle",
                "url": "https://www.castle-bourscheid.lu/",
                "img": "https://lh5.googleusercontent.com/p/AF1QipNuevRCqelX3VuFZKqYTyDBh3Lv6xkMETMQ_L3b=w148-h148-n-k-no"
            },
            {
                "title": "William Square",
                "category": "Tourist attraction",
                "url": "https://www.luxembourg-city.com/fr/adresse/monument/place-guillaume-ii",
                "img": "https://lh5.googleusercontent.com/p/AF1QipMoucDpQaLSP107XJyt362UZk60uNJnpnop1T6w=w148-h148-n-k-no"
            },
            {
                "title": "Parc Merveilleux",
                "category": "Zoo",
                "url": "https://parc-merveilleux.lu/",
                "img": "https://lh5.googleusercontent.com/p/AF1QipPmWevB9c9ee2gStZNQbs-UzbZ3BSCbDpR-NGPq=w148-h148-n-k-no"
            },
            {
                "title": "Mudam Museum of Modern Art",
                "category": "Modern art museum",
                "url": "https://www.mudam.com/",
                "img": "https://lh3.googleusercontent.com/proxy/I0PUna9IMsYyfo5twI-OZGHq8qBc9fabxzxPVJ3XUxSyncDEHYTgRpEBnWP7kys_Ej4sm8JusCtGGe5vRTG__kDp4VfvjIqnQQ7fuAmVz5jutydBPL_Pztr-rSmM6d7piayUtBhALEhMCY9pahxwMwhmNOltyPo=w148-h148-n-k-no"
            },
            {
                "title": "Mullerthal Trail",
                "category": "Hiking area",
                "url": "http://www.mullerthal-trail.lu/",
                "img": "https://lh5.googleusercontent.com/p/AF1QipPnx5pQJGFz4NUqBpyJ-E0XA0UAvyizHqpFF3Zz=w148-h148-n-k-no"
            },
            {
                "title": "La Passerelle",
                "category": "Bridge",
                "img": "https://lh5.googleusercontent.com/p/AF1QipMmoS0NHe8eL_hv8VwaF02aJSu-RArxa6sJZql4=w148-h148-n-k-no"
            },
            {
                "title": "Place de la Constitution",
                "category": "Tourist attraction",
                "url": "https://www.luxembourg-city.com/fr/adresse/monument/place-de-la-constitution",
                "img": "https://lh5.googleusercontent.com/p/AF1QipOZcrvUEm4FoIZMT7ZMODT_txioNlsUvrXejW4p=w148-h148-n-k-no"
            },
            {
                "title": "Luxembourg City History Museum",
                "category": "Cultural centre",
                "url": "https://www.citymuseum.lu/",
                "img": "https://lh5.googleusercontent.com/p/AF1QipMsKbGVeMVQTZ4wlyN6rbIt28ZLIByskNG3HD4s=w148-h148-n-k-no"
            }
        ]
    },
    "sights": [
        {
            "title": "Vianden Castle",
            "category": "Castle",
            "url": "https://castle-vianden.lu/",
            "img": "https://lh5.googleusercontent.com/p/AF1QipNqDDEvmL74HuAcU9TqAwj1KIwBwPbTpBCT8Jo3=w148-h148-n-k-no"
        },
        {
            "title": "Palais Grand-Ducal",
            "category": "Historical landmark",
            "url": "https://monarchie.lu/en/visit-grand-ducal-palace",
            "img": "https://lh5.googleusercontent.com/proxy/4CgZnQDq4id6wxJORtfEuCJPLKK37oVAr--23FiZZGplygGQb6b1KsUxrtVdpkjgQd4-7M5YXv5a_TpDHsAfGzmeG3cGW0IXDph3LWtrwwSVjqUAzDVG-KGM1mYi2qZwIilU_wFcmUaTCDfZxk3pVkGNFzgc148=w148-h148-n-k-no"
        },
        {
            "title": "Medieval Castle Beaufort",
            "category": "Historical landmark",
            "url": "http://www.beaufortcastles.com/",
            "img": "https://lh5.googleusercontent.com/p/AF1QipMajKx0D2tcZXN8Rvk0fjlBlNRqm6sUpDl5om_e=w148-h148-n-k-no"
        },
        {
            "title": "Bourscheid Castle",
            "category": "Castle",
            "url": "https://www.castle-bourscheid.lu/",
            "img": "https://lh5.googleusercontent.com/p/AF1QipNuevRCqelX3VuFZKqYTyDBh3Lv6xkMETMQ_L3b=w148-h148-n-k-no"
        },
        {
            "title": "William Square",
            "category": "Tourist attraction",
            "url": "https://www.luxembourg-city.com/fr/adresse/monument/place-guillaume-ii",
            "img": "https://lh5.googleusercontent.com/p/AF1QipPHyR_79Hf8i2enN7OQLAXhp790bH6SI8QhvIuD=w148-h148-n-k-no"
        },
        {
            "title": "National Art and History Museum",
            "category": "National museum",
            "url": "https://www.nationalmusee.lu/",
            "img": "https://lh5.googleusercontent.com/p/AF1QipNjJjwHe6dFyYGaZxnT8OwGNnM8GfC5C0QCnBTB=w148-h148-n-k-no"
        },
        {
            "title": "Pont Adolphe",
            "category": "Bridge",
            "url": "https://www.luxembourg-city.com/fr/adresse/monument/pont-adolphe",
            "img": "https://lh5.googleusercontent.com/p/AF1QipNuzWa8wsWYEYgoiOSMa8Zpe9ESkfzeRp7pLiAW=w148-h148-n-k-no"
        },
        {
            "title": "Mudam Museum of Modern Art",
            "category": "Modern art museum",
            "url": "https://www.mudam.com/",
            "img": "https://lh3.googleusercontent.com/proxy/I0PUna9IMsYyfo5twI-OZGHq8qBc9fabxzxPVJ3XUxSyncDEHYTgRpEBnWP7kys_Ej4sm8JusCtGGe5vRTG__kDp4VfvjIqnQQ7fuAmVz5jutydBPL_Pztr-rSmM6d7piayUtBhALEhMCY9pahxwMwhmNOltyPo=w148-h148-n-k-no"
        },
        {
            "title": "Cathédrale Notre-Dame",
            "category": "Catholic cathedral",
            "img": "https://lh5.googleusercontent.com/p/AF1QipMDIUitCb9PsOq-ocw27jqL-IYk0RzHjBPnU1Qu=w148-h148-n-k-no"
        },
        {
            "title": "Panoramic Elevator of the Pfaffenthal",
            "category": "Transportation service",
            "url": "https://www.luxembourg-city.com/en/place/monuments/panoramic-elevator-of-the-pfaffenthal",
            "img": "https://lh5.googleusercontent.com/p/AF1QipPGfPZusSVXz4n_TIwIhMaBdGoqyWH7z-RfErRN=w148-h148-n-k-no"
        },
        {
            "title": "Bock Casemates",
            "category": "Historical landmark",
            "url": "https://www.luxembourg-city.com/en/place/fortifications/bock-casemates",
            "img": "https://lh5.googleusercontent.com/p/AF1QipMb4sF4uukPFm4ZWogKrwGS7Ot257H5BO9S_ztM=w148-h148-n-k-no"
        },
        {
            "title": "Luxembourg City History Museum",
            "category": "Cultural centre",
            "url": "https://www.citymuseum.lu/",
            "img": "https://lh5.googleusercontent.com/p/AF1QipMsKbGVeMVQTZ4wlyN6rbIt28ZLIByskNG3HD4s=w148-h148-n-k-no"
        },
        {
            "title": "La Passerelle",
            "category": "Bridge",
            "img": "https://lh5.googleusercontent.com/p/AF1QipMmoS0NHe8eL_hv8VwaF02aJSu-RArxa6sJZql4=w148-h148-n-k-no"
        },
        {
            "title": "Mullerthal Trail",
            "category": "Hiking area",
            "url": "http://www.mullerthal-trail.lu/",
            "img": "https://lh5.googleusercontent.com/p/AF1QipPnx5pQJGFz4NUqBpyJ-E0XA0UAvyizHqpFF3Zz=w148-h148-n-k-no"
        },
        {
            "title": "Parc Merveilleux",
            "category": "Zoo",
            "url": "https://parc-merveilleux.lu/",
            "img": "https://lh5.googleusercontent.com/p/AF1QipPmWevB9c9ee2gStZNQbs-UzbZ3BSCbDpR-NGPq=w148-h148-n-k-no"
        },
        {
            "title": "Schiessentümpel/ Schéissendëmpel Waterfall",
            "category": "Tourist attraction",
            "url": "http://www.mullerthal.lu/en/fiche/lakesrivers/schiessentumpel-waterfalls",
            "img": "https://lh5.googleusercontent.com/p/AF1QipMrQUSCL18nS2x4MBNdA-y-1yH2K9h5ZBLTXSf5=w148-h148-n-k-no"
        }
    ]
}