{
    "cities": {
        "Antananarivo": [
            {
                "title": "Madagascar Photography Museum",
                "category": "Museum",
                "url": "http://www.photo-madagascar.com/",
                "img": "https://lh5.googleusercontent.com/p/AF1QipPNESeZmuj9bzmlO3I4K3P-b0zMVI5JONOMJCYD=w148-h148-n-k-no"
            },
            {
                "title": "Is´art Galerie",
                "category": "Art gallery",
                "url": "https://www.facebook.com/Isart.Galerie.Ampasanimalo/?locale=fr_FR",
                "img": "https://lh5.googleusercontent.com/p/AF1QipP-m5G2fOw62V9oSc6Flj-frp77IBj3qjBqJsM-=w148-h148-n-k-no"
            },
            {
                "title": "Tsarasaotra Park",
                "category": "Park and Garden",
                "url": "https://hitamasoko.blogspot.com/2018/06/parc-tsarasaotra-une-zone-humide-au-cur.html",
                "img": "https://lh5.googleusercontent.com/p/AF1QipPSwbsrsKmwuGLgAdvdjzxxYxgak9CW6Q9M-EUz=w148-h148-n-k-no"
            },
            {
                "title": "Cathedrale catholique d Andohalo",
                "category": "Catholic cathedral",
                "url": "http://www.cathedraleandohalo.com/",
                "img": "https://lh5.googleusercontent.com/p/AF1QipPMAn0VjuWnRM8nAXEWoU__6QjD2Zcq0dqVlmay=w148-h148-n-k-no"
            },
            {
                "title": "Analakely Market",
                "category": "Market",
                "img": "https://lh5.googleusercontent.com/p/AF1QipO2GN9AuEnY8rarBWHbh74eQOwo29CjN_JDmL34=w148-h148-n-k-no"
            },
            {
                "title": "Queen's Palace",
                "category": "Heritage museum",
                "img": "https://lh4.googleusercontent.com/proxy/CW3HVihfST3vwRRHmE8qS-EKF3WaY-tAFJv7dk9acsXxpy6qOlFvlJ_zgt6w36t-c5Uo-wZSkn9PntiDVi9o9Dp8AQCQr3NYvm7gJVzQBkku0FShF5KFU5YABdISzB5GKabqeZDUpOat6EC8qTBOk26KQGeJuBM=w148-h148-n-k-no"
            },
            {
                "title": "Croc Farm Ivato",
                "category": "Agricultural",
                "img": "https://lh5.googleusercontent.com/p/AF1QipNAWeTUTSP_XCWo7l-dToj2gVZU2KLway9Tjbfv=w148-h148-n-k-no"
            },
            {
                "title": "Digue Market",
                "category": "Shopping Centre",
                "url": "https://www.madacamp.com/Digue_Market",
                "img": "https://lh5.googleusercontent.com/p/AF1QipM46LHwGlnFiholSWEI7agOLUurvck-WmOoW4jh=w148-h148-n-k-no"
            },
            {
                "title": "Tana Water Front",
                "category": "Shopping Centre",
                "url": "https://www.tanawaterfront.mg/",
                "img": "https://lh5.googleusercontent.com/p/AF1QipPL5wECrprJpYXkGSAUWuPwBznvZIgmsC3kkZpB=w148-h148-n-k-no"
            },
            {
                "title": "Tsimbazaza Zoo and Botanical Gardens",
                "category": "Zoo",
                "url": "http://pbzt.recherches.gov.mg/",
                "img": "https://lh5.googleusercontent.com/p/AF1QipNBv9rqKFsTEvzuYfP1YubDvNNpquEQYczDHUlz=w148-h148-n-k-no"
            },
            {
                "title": "Lake Anosy",
                "category": "Lake",
                "img": "https://lh5.googleusercontent.com/p/AF1QipNbNgUOQ-_-g7SrgDCwALEQw5oUmuVYJoyJqkTJ=w148-h148-n-k-no"
            },
            {
                "title": "Rovan' Ambohimanga",
                "category": "Castle",
                "img": "https://lh5.googleusercontent.com/p/AF1QipP3oHc_WzdCOHiINirZwOQ5RrVSBLcjf7blchLs=w148-h148-n-k-no"
            },
            {
                "title": "Sunni Mosque شان اسلام",
                "category": "Mosque",
                "img": "https://lh5.googleusercontent.com/p/AF1QipMo3dj6g8m1zQrQYHKaptlR9k10QHPvDB3NGHmX=w148-h148-n-k-no"
            },
            {
                "title": "Croc Farm Conservatoire Botanique de Madagascar",
                "category": "Animal park",
                "url": "https://www.conservatoirebotanique.mg/",
                "img": "https://lh5.googleusercontent.com/p/AF1QipMJjBwAQS7Xq_S-QrRvOdLzkH4Sz4fnJ8XzBD_8=w148-h148-n-k-no"
            },
            {
                "title": "Isoraka",
                "category": "Neighborhood",
                "img": "https://lh5.googleusercontent.com/p/AF1QipNWujOa5Fz5Qzlpuf9plNhggBR5BmSsiXUKInwo=w148-h148-n-k-no"
            },
            {
                "title": "Andafiavaratra Palace",
                "category": "Museum",
                "img": "https://lh5.googleusercontent.com/p/AF1QipPhZvPdLgm3G2AaUZn_BGh3zEAwi6Jeu_UWwSgg=w148-h148-n-k-no"
            }
        ],
        "Imerintsiatosika": [
            {
                "title": "Andasibe-Mantadia National Park",
                "category": "National park",
                "img": "https://lh5.googleusercontent.com/p/AF1QipNDUpDa2EMNx7nuwPSdFtNAEJztViaIvx7Juknv=w148-h148-n-k-no"
            },
            {
                "title": "Lake Tritriva",
                "category": "Lake",
                "img": "https://lh5.googleusercontent.com/p/AF1QipP_re80_8ugxoPTADPlamF_XcUqOplWtPRSuvdC=w148-h148-n-k-no"
            },
            {
                "title": "Sunni Mosque شان اسلام",
                "category": "Mosque",
                "img": "https://lh5.googleusercontent.com/p/AF1QipMo3dj6g8m1zQrQYHKaptlR9k10QHPvDB3NGHmX=w148-h148-n-k-no"
            },
            {
                "title": "Croc Farm Ivato",
                "category": "Agricultural",
                "img": "https://lh5.googleusercontent.com/p/AF1QipNAWeTUTSP_XCWo7l-dToj2gVZU2KLway9Tjbfv=w148-h148-n-k-no"
            },
            {
                "title": "Isoraka",
                "category": "Neighborhood",
                "img": "https://lh5.googleusercontent.com/p/AF1QipNWujOa5Fz5Qzlpuf9plNhggBR5BmSsiXUKInwo=w148-h148-n-k-no"
            },
            {
                "title": "Ambohitsorohitra Palace",
                "category": "Historical landmark",
                "img": "https://lh5.googleusercontent.com/p/AF1QipPbFzYS3gbclkS3v4O8CY7J88Bhs3yvU7RIZfXy=w148-h148-n-k-no"
            },
            {
                "title": "Lemurs Park",
                "category": "Park and Garden",
                "url": "http://www.lemurspark.com/",
                "img": "https://lh5.googleusercontent.com/p/AF1QipORTiIU7BPabNv_JsZyz9fE5kXUesnQwXOx3O0F=w148-h148-n-k-no"
            },
            {
                "title": "Antananarivo",
                "category": "Locality",
                "img": "https://lh5.googleusercontent.com/p/AF1QipPWg6exUvwVm_OIYGIeCxWCfiQXctv1XyCsxMmU=w148-h148-n-k-no"
            },
            {
                "title": "Is´art Galerie",
                "category": "Art gallery",
                "url": "https://www.facebook.com/Isart.Galerie.Ampasanimalo/?locale=fr_FR",
                "img": "https://lh5.googleusercontent.com/p/AF1QipP-m5G2fOw62V9oSc6Flj-frp77IBj3qjBqJsM-=w148-h148-n-k-no"
            },
            {
                "title": "Madagascar Photography Museum",
                "category": "Museum",
                "url": "http://www.photo-madagascar.com/",
                "img": "https://lh5.googleusercontent.com/p/AF1QipPNESeZmuj9bzmlO3I4K3P-b0zMVI5JONOMJCYD=w148-h148-n-k-no"
            },
            {
                "title": "Tsarasaotra Park",
                "category": "Park and Garden",
                "url": "https://hitamasoko.blogspot.com/2018/06/parc-tsarasaotra-une-zone-humide-au-cur.html",
                "img": "https://lh5.googleusercontent.com/p/AF1QipPSwbsrsKmwuGLgAdvdjzxxYxgak9CW6Q9M-EUz=w148-h148-n-k-no"
            },
            {
                "title": "Antsirabe",
                "category": "Train station",
                "img": "https://lh5.googleusercontent.com/p/AF1QipMD0d_o4mBR8SwlB7Cg8xCur66rUjkfpol5bFa4=w148-h148-n-k-no"
            },
            {
                "title": "Analakely Market",
                "category": "Market",
                "img": "https://lh5.googleusercontent.com/p/AF1QipO2GN9AuEnY8rarBWHbh74eQOwo29CjN_JDmL34=w148-h148-n-k-no"
            },
            {
                "title": "Réserve Peyrieras Madagascar Exotic",
                "category": "Park and Garden",
                "img": "https://lh5.googleusercontent.com/p/AF1QipMKnagFEpXx_BZudWv9-Ebx_L9ij7hOBmopIYIp=w148-h148-n-k-no"
            },
            {
                "title": "Le Palais de Justice d'Ambatondrafandrana",
                "category": "Museum",
                "img": "https://lh5.googleusercontent.com/p/AF1QipMRQGh72JtP9_TCVVTOL9e8dKYVExzKiWN-CEpc=w148-h148-n-k-no"
            },
            {
                "title": "Our Lady of La Salette",
                "category": "Catholic church",
                "img": "https://lh5.googleusercontent.com/p/AF1QipM6y0CqTHbvZNggwMVY0uq1lot1cpMZXVwr3USe=w148-h148-n-k-no"
            }
        ],
        "Hell-Ville": [],
        "Morondava": [
            {
                "title": "Plage Morondava Ville",
                "category": "Tourist attraction",
                "img": "https://lh5.googleusercontent.com/p/AF1QipPtuRohDcAcoQUhZaIAGoDJFw4_BDc2UgpsvUnK=w148-h148-n-k-no"
            },
            {
                "title": "Morondava Beach",
                "category": "Beach",
                "img": "https://lh5.googleusercontent.com/p/AF1QipPCnINRtA2i_QmXwwUp5MRuWjtJQxI5dgWuzUtO=w148-h148-n-k-no"
            },
            {
                "title": "FJKM Mahagaga Morondava",
                "category": "Protestant church",
                "url": "http://www.fjkm.mg/",
                "img": "https://lh5.googleusercontent.com/p/AF1QipM7K-SQnpBjBRDgDaWg15mnsXYzWwZ8qwEHpLTp=w148-h148-n-k-no"
            },
            {
                "title": "NOFY BE",
                "category": "Cruise agency",
                "url": "https://nofy-be.com/",
                "img": "https://lh5.googleusercontent.com/p/AF1QipOKKq6t3BSS38MQMcKNU5CdbBTrwv7DhjwDmMTC=w148-h148-n-k-no"
            },
            {
                "title": "Kirindy Mitea National Park",
                "category": "National park",
                "url": "http://www.parcs-madagascar.com/parcs/kirindy-mite.php",
                "img": "https://lh5.googleusercontent.com/p/AF1QipNjg464e4zMaUxqUD5zWQ1qd6hZA3ehDYqEbFbv=w148-h148-n-k-no"
            },
            {
                "title": "Avenue of the Baobabs",
                "category": "National forest",
                "img": "https://lh5.googleusercontent.com/p/AF1QipOxO0frM6C8rLSqvdTH33IHAQrZPwcCkowfL9S-=w148-h148-n-k-no"
            }
        ],
        "Antalaha": [],
        "Sambava": [],
        "Ambanja": [
            {
                "title": "Tsingy Rouge",
                "category": "Tourist attraction",
                "img": "https://lh5.googleusercontent.com/p/AF1QipPcRoLHwi2nEJtnDfvzlR2I1r2czRgb3LKD6sgf=w148-h148-n-k-no"
            },
            {
                "title": "Nosy Tanikely",
                "category": "Island",
                "url": "http://www.actu-vacances-nosybe.com/iles-nosybe/nosy-tanikely/",
                "img": "https://lh5.googleusercontent.com/p/AF1QipM9EdSx0ADTZHQBVx6eVbOP9infsaKCIpKOAiJr=w148-h148-n-k-no"
            },
            {
                "title": "Mahatsingo Sacred Tree",
                "category": "Place of worship",
                "url": "https://nosybe-island.com/guide/arbre-sacre-mahatsinjo/",
                "img": "https://lh5.googleusercontent.com/p/AF1QipNoNkVt0AVn8Dnh7fOVvWcOb-GF1tL7MBqI_Ds=w148-h148-n-k-no"
            },
            {
                "title": "Lokobe Nature Special Reserve",
                "category": "Nature reserve",
                "img": "https://lh5.googleusercontent.com/p/AF1QipMNysFDat0KVk6yzpgNiVeAptUOcFE96r8xTXeN=w148-h148-n-k-no"
            },
            {
                "title": "Nosy Sakatia",
                "category": "Island",
                "url": "http://www.actu-vacances-nosybe.com/iles-nosybe/nosy-sakatia/",
                "img": "https://lh5.googleusercontent.com/p/AF1QipNXp1mG5grmmOyDZlMN1MPhZkEHNDU2SwFKS-JS=w148-h148-n-k-no"
            }
        ],
        "Fianarantsoa": [
            {
                "title": "Ranomafana Arboretum",
                "category": "Garden",
                "img": "https://lh5.googleusercontent.com/p/AF1QipPp5SK6JunzUJTEYJ2pPQxiLqGJ6onv9AOUYIdM=w148-h148-n-k-no"
            },
            {
                "title": "Anja Community Reserve",
                "category": "Tourist attraction",
                "url": "http://anjareserve.angelfire.com/index.html",
                "img": "https://lh5.googleusercontent.com/p/AF1QipMGCS5oyOiD8GosgRA2177iQjTNMMTRvQ95w8Q5=w148-h148-n-k-no"
            },
            {
                "title": "Ranomafana National Park",
                "category": "National park",
                "url": "https://www.parcs-madagascar.com/parcs/ranomafana.php",
                "img": "https://lh5.googleusercontent.com/p/AF1QipNi-evo5iiKX871-AmvPxdplexcR3atG_Im9heW=w148-h148-n-k-no"
            },
            {
                "title": "Andringitra National Park",
                "category": "National park",
                "url": "http://travelmadagascar.org/PARKS/Andringitra-National-Park.html",
                "img": "https://lh5.googleusercontent.com/p/AF1QipMeOzhPJN4rYtSO2LXWgQrNfrZ41GWXJ3GO8kVQ=w148-h148-n-k-no"
            }
        ],
        "Ambovombe": [],
        "Toliara": [
            {
                "title": "Musée Rabesandratana",
                "category": "Museum",
                "img": "https://lh5.googleusercontent.com/p/AF1QipMxf50VwT83dDJOcmSG6lh9hQPpTOppxquzgt0b=w148-h148-n-k-no"
            },
            {
                "title": "Ferber Enterprises Madagascar",
                "category": "Investment company",
                "url": "https://www.ferberenterprises.com/",
                "img": "https://lh5.googleusercontent.com/p/AF1QipPvWMa8gnZIGwmeiQss-9t9hx_j0xruqwSFkE--=w148-h148-n-k-no"
            },
            {
                "title": "Alliance Française Tuléar",
                "category": "Entertainment",
                "url": "https://www.facebook.com/af.tulear",
                "img": "https://lh5.googleusercontent.com/p/AF1QipMY4djvtWDWWimA33mAGvnrd0LKM7WGS4Z9Gw1i=w148-h148-n-k-no"
            },
            {
                "title": "Anakao Express",
                "category": "Boat tour agency",
                "url": "http://anakaoexpress.com/",
                "img": "https://lh5.googleusercontent.com/p/AF1QipNWFeNhLz4aUnM3VcusR6_5rUYaCeux89n8cogO=w148-h148-n-k-no"
            },
            {
                "title": "Andaboy",
                "category": "Tourist attraction",
                "img": "https://lh5.googleusercontent.com/p/AF1QipP1Hu1ZPaA17eS9EgnQL3qcoFHiy-sWrHhjLF4g=w148-h148-n-k-no"
            },
            {
                "title": "Arboretum d'Antsokay",
                "category": "Botanical garden",
                "url": "http://www.antsokayarboretum.org/",
                "img": "https://lh5.googleusercontent.com/p/AF1QipNPpm7-N2eBwudnqzH4kBIOby4a3uq96-WPIw2o=w148-h148-n-k-no"
            },
            {
                "title": "Tsimanampetsotse National Park",
                "category": "National park",
                "url": "https://www.parcs-madagascar.com/parcs/tsimanapesotse.php",
                "img": "https://lh5.googleusercontent.com/p/AF1QipMmoEyMj4VtL4pkD5ymC6zIpGbHOSYrXel2QpS9=w148-h148-n-k-no"
            },
            {
                "title": "Lake Tsimanampetsotsa",
                "category": "Lake",
                "img": "https://lh5.googleusercontent.com/p/AF1QipNZwq7xOyrRT18YHhFTxiXsOQCPiJUYBahOfwfZ=w148-h148-n-k-no"
            },
            {
                "title": "Zombitse-Vohibasia National Park",
                "category": "National park",
                "img": "https://lh5.googleusercontent.com/p/AF1QipNDjoRgl_Sk3u-G6YQ7fMvtXo1APzkcCGFdK6-f=w148-h148-n-k-no"
            },
            {
                "title": "Isalo window",
                "category": "Tourist attraction",
                "img": "https://lh5.googleusercontent.com/p/AF1QipN-Gf0FKfGCaRhjEA2h_g_pwDCDXwPCuGml06El=w148-h148-n-k-no"
            }
        ],
        "Moramanga": [
            {
                "title": "Réserve spéciale d'Analamazoatra",
                "category": "Nature reserve",
                "img": "https://lh5.googleusercontent.com/p/AF1QipNBIj4iGlv-3owSCzIzOI3HsbV9yHLMjy3JL4Ru=w148-h148-n-k-no"
            },
            {
                "title": "Réserve Peyrieras Madagascar Exotic",
                "category": "Park and Garden",
                "img": "https://lh5.googleusercontent.com/p/AF1QipMKnagFEpXx_BZudWv9-Ebx_L9ij7hOBmopIYIp=w148-h148-n-k-no"
            },
            {
                "title": "Lemurs Park",
                "category": "Park and Garden",
                "url": "http://www.lemurspark.com/",
                "img": "https://lh5.googleusercontent.com/p/AF1QipORTiIU7BPabNv_JsZyz9fE5kXUesnQwXOx3O0F=w148-h148-n-k-no"
            },
            {
                "title": "Andasibe-Mantadia National Park",
                "category": "National park",
                "img": "https://lh5.googleusercontent.com/p/AF1QipNDUpDa2EMNx7nuwPSdFtNAEJztViaIvx7Juknv=w148-h148-n-k-no"
            },
            {
                "title": "Cathedrale catholique d Andohalo",
                "category": "Catholic cathedral",
                "url": "http://www.cathedraleandohalo.com/",
                "img": "https://lh5.googleusercontent.com/p/AF1QipPMAn0VjuWnRM8nAXEWoU__6QjD2Zcq0dqVlmay=w148-h148-n-k-no"
            },
            {
                "title": "Our Lady of La Salette",
                "category": "Catholic church",
                "img": "https://lh5.googleusercontent.com/p/AF1QipM6y0CqTHbvZNggwMVY0uq1lot1cpMZXVwr3USe=w148-h148-n-k-no"
            },
            {
                "title": "Lake Anosy",
                "category": "Lake",
                "img": "https://lh5.googleusercontent.com/p/AF1QipNbNgUOQ-_-g7SrgDCwALEQw5oUmuVYJoyJqkTJ=w148-h148-n-k-no"
            },
            {
                "title": "Andafiavaratra Palace",
                "category": "Museum",
                "img": "https://lh5.googleusercontent.com/p/AF1QipPhZvPdLgm3G2AaUZn_BGh3zEAwi6Jeu_UWwSgg=w148-h148-n-k-no"
            },
            {
                "title": "Antsirabe",
                "category": "Train station",
                "img": "https://lh5.googleusercontent.com/p/AF1QipMD0d_o4mBR8SwlB7Cg8xCur66rUjkfpol5bFa4=w148-h148-n-k-no"
            },
            {
                "title": "Queen's Palace",
                "category": "Heritage museum",
                "img": "https://lh4.googleusercontent.com/proxy/CW3HVihfST3vwRRHmE8qS-EKF3WaY-tAFJv7dk9acsXxpy6qOlFvlJ_zgt6w36t-c5Uo-wZSkn9PntiDVi9o9Dp8AQCQr3NYvm7gJVzQBkku0FShF5KFU5YABdISzB5GKabqeZDUpOat6EC8qTBOk26KQGeJuBM=w148-h148-n-k-no"
            },
            {
                "title": "Fort Manda",
                "category": "Historical landmark",
                "url": "http://www.madamagazine.com/fort-manda/",
                "img": "https://lh5.googleusercontent.com/p/AF1QipMaZjaUpaAtFhWD9SD1_DfRWIPAu5_AkDiHrbI_=w148-h148-n-k-no"
            },
            {
                "title": "Gare Soarano",
                "category": "Train station",
                "img": "https://lh5.googleusercontent.com/p/AF1QipPkSre-vSqp5qWv4zutyInj2LEMt_31194cDWex=w148-h148-n-k-no"
            }
        ],
        "Mahajanga": [
            {
                "title": "CIRQUE ROUGE",
                "category": "National reserve",
                "url": "https://www.tongavatours.mg/",
                "img": "https://lh5.googleusercontent.com/p/AF1QipMknZs6AfJf0KBe1bTmDtQVPls78WKAYZM3CB5T=w148-h148-n-k-no"
            },
            {
                "title": "Phare de katsepy",
                "category": "Tourist attraction",
                "img": "https://lh5.googleusercontent.com/p/AF1QipNQkue_Xwi6urmtDJ6xCYwzcWWg1MlT3VxgnSvK=w148-h148-n-k-no"
            },
            {
                "title": "Tsingy de Namoroka National Park",
                "category": "National park",
                "img": "https://lh5.googleusercontent.com/p/AF1QipNLzpxw7jSEH-etAAkHsKllyQHl02PNLYsNN445=w148-h148-n-k-no"
            },
            {
                "title": "Park Narodowy Ankarafantsika",
                "category": "National park",
                "img": "https://lh5.googleusercontent.com/p/AF1QipNy1Q6_k-3tuPKLHlYSIJxC4I59XFm3bHiC4tyY=w148-h148-n-k-no"
            },
            {
                "title": "Antsanitia Beach",
                "category": "Beach",
                "img": "https://lh5.googleusercontent.com/p/AF1QipNbKapES_hN0v8ybW5NBcqEZJBVQmcS9mwZEVkW=w148-h148-n-k-no"
            }
        ],
        "Toamasina": [
            {
                "title": "Chrismiatours Madagascar",
                "category": "Travel Agent",
                "img": "https://lh5.googleusercontent.com/p/AF1QipMp1V_XuCVBEcBaogPQqHc6WkvrxkoHouMz5Q8c=w148-h148-n-k-no"
            },
            {
                "title": "CLUB NAUTIQUE ET DE TENNIS",
                "category": "Bar",
                "img": "https://lh5.googleusercontent.com/p/AF1QipPxvDbbt4i6xIn2sTMHmTy9yL_iydmOVY5vt9Jw=w148-h148-n-k-no"
            },
            {
                "title": "Rent 501 Madagascar",
                "category": "ATV rental service",
                "url": "https://www.rent501-madagascar.com/",
                "img": "https://lh5.googleusercontent.com/p/AF1QipNg_HO_ASUvRRAIgCOcfoZw9g7Cq4z9ZuushVHj=w148-h148-n-k-no"
            },
            {
                "title": "FANILO TOUR MADAGASCAR",
                "category": "Tour operator",
                "img": "https://lh5.googleusercontent.com/p/AF1QipN0_sMTX9GDso0jI7sfU4OxR0mk26OwlxFGAeK6=w148-h148-n-k-no"
            },
            {
                "title": "Soul Of Madagascar Tours",
                "category": "Tour operator",
                "url": "https://www.soul-of-madagascar-tours.com/",
                "img": "https://lh5.googleusercontent.com/p/AF1QipPDi3F6qfMHLGy-Q893TdmqUkLO61748HTEZjkA=w148-h148-n-k-no"
            },
            {
                "title": "Parc Ivoloina",
                "category": "Zoo",
                "url": "https://www.seemadagascar.org/",
                "img": "https://lh5.googleusercontent.com/p/AF1QipPn3ME2wvgNdn5DpH2Zh-RFqHV_29SuX3aT7KWZ=w148-h148-n-k-no"
            },
            {
                "title": "Fort Manda",
                "category": "Historical landmark",
                "url": "http://www.madamagazine.com/fort-manda/",
                "img": "https://lh5.googleusercontent.com/p/AF1QipMaZjaUpaAtFhWD9SD1_DfRWIPAu5_AkDiHrbI_=w148-h148-n-k-no"
            },
            {
                "title": "Réserve spéciale d'Analamazoatra",
                "category": "Nature reserve",
                "img": "https://lh5.googleusercontent.com/p/AF1QipNBIj4iGlv-3owSCzIzOI3HsbV9yHLMjy3JL4Ru=w148-h148-n-k-no"
            },
            {
                "title": "Park VOIMMA",
                "category": "Park and Garden",
                "img": "https://lh5.googleusercontent.com/p/AF1QipOWqR7Tz0G7FcU89m71IT66KqiafnNk74myOW96=w148-h148-n-k-no"
            },
            {
                "title": "Andasibe-Mantadia National Park",
                "category": "National park",
                "img": "https://lh5.googleusercontent.com/p/AF1QipNDUpDa2EMNx7nuwPSdFtNAEJztViaIvx7Juknv=w148-h148-n-k-no"
            }
        ],
        "Ambilobe": [
            {
                "title": "Réserve spéciale d’Ankarana",
                "category": "National park",
                "img": "https://lh5.googleusercontent.com/p/AF1QipNgxLpAkAXcLifcI32WWYsf9Mj3NTnOt2VtowkV=w148-h148-n-k-no"
            },
            {
                "title": "Lemuria Land",
                "category": "Animal park",
                "url": "http://www.lemurialand.com/",
                "img": "https://lh5.googleusercontent.com/p/AF1QipOPplNAIvBnUZmK2Jj9cfOIbgcAhZPON7kUx3a4=w148-h148-n-k-no"
            },
            {
                "title": "Nosy Komba Plongée",
                "category": "SCUBA instructor",
                "url": "http://www.nosykombaplongee.com/",
                "img": "https://lh5.googleusercontent.com/p/AF1QipNRp1nxXHZW2obbKm2tqKM6ZjJjZNtKXru3Q43-=w148-h148-n-k-no"
            },
            {
                "title": "Nosy Be Original",
                "category": "Boat tour agency",
                "img": "https://lh5.googleusercontent.com/p/AF1QipP1enocYismUJPGCb-ol2JavA3rwr9svryuBQeS=w148-h148-n-k-no"
            },
            {
                "title": "Nosy Tanikely",
                "category": "Island",
                "url": "http://www.actu-vacances-nosybe.com/iles-nosybe/nosy-tanikely/",
                "img": "https://lh5.googleusercontent.com/p/AF1QipM9EdSx0ADTZHQBVx6eVbOP9infsaKCIpKOAiJr=w148-h148-n-k-no"
            },
            {
                "title": "Nosy Sakatia",
                "category": "Island",
                "url": "http://www.actu-vacances-nosybe.com/iles-nosybe/nosy-sakatia/",
                "img": "https://lh5.googleusercontent.com/p/AF1QipNXp1mG5grmmOyDZlMN1MPhZkEHNDU2SwFKS-JS=w148-h148-n-k-no"
            },
            {
                "title": "Lokobe Nature Special Reserve",
                "category": "Nature reserve",
                "img": "https://lh5.googleusercontent.com/p/AF1QipMNysFDat0KVk6yzpgNiVeAptUOcFE96r8xTXeN=w148-h148-n-k-no"
            },
            {
                "title": "Tsingy Rouge",
                "category": "Tourist attraction",
                "img": "https://lh5.googleusercontent.com/p/AF1QipPcRoLHwi2nEJtnDfvzlR2I1r2czRgb3LKD6sgf=w148-h148-n-k-no"
            },
            {
                "title": "Nosy Be",
                "category": "Island",
                "img": "https://lh5.googleusercontent.com/p/AF1QipNQGrFv0jTIc3gXWEdDQLIW7VZCnHqxhlqe4wmm=w148-h148-n-k-no"
            },
            {
                "title": "Mahatsingo Sacred Tree",
                "category": "Place of worship",
                "url": "https://nosybe-island.com/guide/arbre-sacre-mahatsinjo/",
                "img": "https://lh5.googleusercontent.com/p/AF1QipNoNkVt0AVn8Dnh7fOVvWcOb-GF1tL7MBqI_Ds=w148-h148-n-k-no"
            }
        ],
        "Antsirabe": [
            {
                "title": "Antsirabe",
                "category": "Train station",
                "img": "https://lh5.googleusercontent.com/p/AF1QipMD0d_o4mBR8SwlB7Cg8xCur66rUjkfpol5bFa4=w148-h148-n-k-no"
            },
            {
                "title": "Madagascar Tropic Voyage",
                "category": "Travel Agent",
                "url": "http://www.madagascar-tropic-voyage.com/",
                "img": "https://lh5.googleusercontent.com/p/AF1QipMTX_-jYaH9S8mdfmZwx_yTTviXFkOutgyajLxQ=w148-h148-n-k-no"
            },
            {
                "title": "Madagascar Green Tours",
                "category": "Tours",
                "url": "http://www.madagascar-green-tours.com/",
                "img": "https://lh5.googleusercontent.com/p/AF1QipPqZjo0gPUtGeNQhGOAV2stP1Xxgf4tCGBCjKaT=w148-h148-n-k-no"
            },
            {
                "title": "Our Lady of La Salette",
                "category": "Catholic church",
                "img": "https://lh5.googleusercontent.com/p/AF1QipM6y0CqTHbvZNggwMVY0uq1lot1cpMZXVwr3USe=w148-h148-n-k-no"
            },
            {
                "title": "Lovasoa Cross-Cultural Competence Center (L4C)",
                "category": "Cultural centre",
                "url": "http://www.lovasoa.mg/",
                "img": "https://lh5.googleusercontent.com/p/AF1QipOAT_W7_6f9Erog2NOBLzOiXwRYf0AYfaYDdWNi=w148-h148-n-k-no"
            },
            {
                "title": "CODE 110",
                "category": "Shisha bar",
                "url": "http://www.facebook.com/CODE-110-KaraokeBar-Shisha-1470290673271429/",
                "img": "https://lh5.googleusercontent.com/p/AF1QipNhhEVjC_xaW0fWZOvPdM_RhY5ZSRKeti_GEMhj=w148-h148-n-k-no"
            },
            {
                "title": "Lake Andraikiba",
                "category": "Lake",
                "img": "https://lh5.googleusercontent.com/p/AF1QipMh-0EqrAaPgjgvXadXZj2E6LKuJg7KGErKcr1G=w148-h148-n-k-no"
            },
            {
                "title": "Lake Tritriva",
                "category": "Lake",
                "img": "https://lh5.googleusercontent.com/p/AF1QipP_re80_8ugxoPTADPlamF_XcUqOplWtPRSuvdC=w148-h148-n-k-no"
            },
            {
                "title": "Monument Fahaleovantena",
                "category": "Museum",
                "img": "https://lh5.googleusercontent.com/p/AF1QipNYE-dxbS7lfNrXGwyZU_1PfeQ_NTaOWw69y5jT=w148-h148-n-k-no"
            },
            {
                "title": "Lemurs Park",
                "category": "Park and Garden",
                "url": "http://www.lemurspark.com/",
                "img": "https://lh5.googleusercontent.com/p/AF1QipORTiIU7BPabNv_JsZyz9fE5kXUesnQwXOx3O0F=w148-h148-n-k-no"
            },
            {
                "title": "Ranomafana",
                "category": "Locality",
                "img": "https://lh5.googleusercontent.com/p/AF1QipMdOZ21f-Vb0ZNo3p_eHOJxGTmNUu6zgVmJoqOq=w148-h148-n-k-no"
            },
            {
                "title": "TATAMARINA",
                "category": "Lake",
                "img": "https://lh5.googleusercontent.com/p/AF1QipMKjNFykchBlmwOBsKRCN-4P5OSZH6Q8vCtxR6f=w148-h148-n-k-no"
            }
        ],
        "Antsiranana": [
            {
                "title": "Plage de Ramena",
                "category": "Beach",
                "url": "http://plagederamena.com/",
                "img": "https://lh5.googleusercontent.com/p/AF1QipNzf8r90k27CMhZQkJrVsh7QNbeo-7o3mdknocJ=w148-h148-n-k-no"
            },
            {
                "title": "Tsingy Rouge",
                "category": "Tourist attraction",
                "img": "https://lh5.googleusercontent.com/p/AF1QipPcRoLHwi2nEJtnDfvzlR2I1r2czRgb3LKD6sgf=w148-h148-n-k-no"
            },
            {
                "title": "Réserve spéciale d’Ankarana",
                "category": "National park",
                "img": "https://lh5.googleusercontent.com/p/AF1QipNgxLpAkAXcLifcI32WWYsf9Mj3NTnOt2VtowkV=w148-h148-n-k-no"
            },
            {
                "title": "Montagne D'Ambre nationalpark",
                "category": "National reserve",
                "url": "http://www.travelmadagascar.org/PARKS/Amber-Mountain-National-Park.html",
                "img": "https://lh5.googleusercontent.com/p/AF1QipN-n4nh5vKSIn9EZiKoIJa2DvFocjhKtvPy2ktX=w148-h148-n-k-no"
            },
            {
                "title": "Les Baleines Rand'Eau",
                "category": "Whale watching tour agency",
                "url": "https://baleinesrandeau.com/",
                "img": "https://lh5.googleusercontent.com/p/AF1QipM2zenroaytd67zMZMJv6sMcoB97Fdh9SQHPp8x=w148-h148-n-k-no"
            },
            {
                "title": "Scuba Nosy Be",
                "category": "SCUBA tour agency",
                "url": "http://www.scubanosybe.com/",
                "img": "https://lh5.googleusercontent.com/p/AF1QipPh0zdUH76W0bDFZpaORA_gUN6glqQJlPZ14QLP=w148-h148-n-k-no"
            },
            {
                "title": "Diving Cattitude",
                "category": "Cruise agency",
                "url": "http://www.diving-cattitude-nosybe.com/",
                "img": "https://lh5.googleusercontent.com/p/AF1QipNtO_gmL7L2ngSnxOo3uWYo0M1C_qG4t4yxLwnJ=w148-h148-n-k-no"
            },
            {
                "title": "SAKALAV' DIVING",
                "category": "Diving Club",
                "url": "http://www.sakalav-diving.com/",
                "img": "https://lh5.googleusercontent.com/p/AF1QipOwvMHjbMrLvL0Lhsb0z2LHDrGKRyZ2CaWq9jS_=w148-h148-n-k-no"
            },
            {
                "title": "Ramena",
                "category": "Locality",
                "img": "https://lh5.googleusercontent.com/p/AF1QipObh9TAhGyd1eVkCnTN2LvhDiWoonw0SNoDUVl4=w148-h148-n-k-no"
            },
            {
                "title": "Nosy Sakatia",
                "category": "Island",
                "url": "http://www.actu-vacances-nosybe.com/iles-nosybe/nosy-sakatia/",
                "img": "https://lh5.googleusercontent.com/p/AF1QipNXp1mG5grmmOyDZlMN1MPhZkEHNDU2SwFKS-JS=w148-h148-n-k-no"
            },
            {
                "title": "Lokobe Nature Special Reserve",
                "category": "Nature reserve",
                "img": "https://lh5.googleusercontent.com/p/AF1QipMNysFDat0KVk6yzpgNiVeAptUOcFE96r8xTXeN=w148-h148-n-k-no"
            },
            {
                "title": "Mer d'Emeraude",
                "category": "Sea",
                "img": "https://lh5.googleusercontent.com/p/AF1QipNwdnHfwZxYZEoAxXsOZ9QsrngZt-gEZouEpAmI=w148-h148-n-k-no"
            },
            {
                "title": "Nosy Tanikely",
                "category": "Island",
                "url": "http://www.actu-vacances-nosybe.com/iles-nosybe/nosy-tanikely/",
                "img": "https://lh5.googleusercontent.com/p/AF1QipM9EdSx0ADTZHQBVx6eVbOP9infsaKCIpKOAiJr=w148-h148-n-k-no"
            },
            {
                "title": "Ambaro Ranch",
                "category": "Horse-Riding Service",
                "url": "http://nosybe-island.com/listing/excursions-randonnees-cheval/",
                "img": "https://lh5.googleusercontent.com/p/AF1QipN_S2nlHWDDMxyP98pJ1vHZ-v0QvSHeB3Qa38nX=w148-h148-n-k-no"
            },
            {
                "title": "Double Deep Diving center",
                "category": "Diving Centre",
                "url": "http://www.doubledeepdiving.com/",
                "img": "https://lh5.googleusercontent.com/p/AF1QipPIHdxa0U8-dRlsRZuGQMVLgY_ntkx8C7rWjIE=w148-h148-n-k-no"
            },
            {
                "title": "Nosy Be Original",
                "category": "Boat tour agency",
                "img": "https://lh5.googleusercontent.com/p/AF1QipP1enocYismUJPGCb-ol2JavA3rwr9svryuBQeS=w148-h148-n-k-no"
            }
        ],
        "Antanifotsy": [
            {
                "title": "Digue Market",
                "category": "Shopping Centre",
                "url": "https://www.madacamp.com/Digue_Market",
                "img": "https://lh5.googleusercontent.com/p/AF1QipM46LHwGlnFiholSWEI7agOLUurvck-WmOoW4jh=w148-h148-n-k-no"
            },
            {
                "title": "Ranomafana National Park",
                "category": "National park",
                "url": "https://www.parcs-madagascar.com/parcs/ranomafana.php",
                "img": "https://lh5.googleusercontent.com/p/AF1QipNi-evo5iiKX871-AmvPxdplexcR3atG_Im9heW=w148-h148-n-k-no"
            },
            {
                "title": "Andasibe-Mantadia National Park",
                "category": "National park",
                "img": "https://lh5.googleusercontent.com/p/AF1QipNDUpDa2EMNx7nuwPSdFtNAEJztViaIvx7Juknv=w148-h148-n-k-no"
            },
            {
                "title": "Our Lady of La Salette",
                "category": "Catholic church",
                "img": "https://lh5.googleusercontent.com/p/AF1QipM6y0CqTHbvZNggwMVY0uq1lot1cpMZXVwr3USe=w148-h148-n-k-no"
            },
            {
                "title": "Lake Anosy",
                "category": "Lake",
                "img": "https://lh5.googleusercontent.com/p/AF1QipNbNgUOQ-_-g7SrgDCwALEQw5oUmuVYJoyJqkTJ=w148-h148-n-k-no"
            },
            {
                "title": "Lake Tritriva",
                "category": "Lake",
                "img": "https://lh5.googleusercontent.com/p/AF1QipP_re80_8ugxoPTADPlamF_XcUqOplWtPRSuvdC=w148-h148-n-k-no"
            },
            {
                "title": "Antananarivo",
                "category": "Locality",
                "img": "https://lh5.googleusercontent.com/p/AF1QipPWg6exUvwVm_OIYGIeCxWCfiQXctv1XyCsxMmU=w148-h148-n-k-no"
            },
            {
                "title": "Andafiavaratra Palace",
                "category": "Museum",
                "img": "https://lh5.googleusercontent.com/p/AF1QipPhZvPdLgm3G2AaUZn_BGh3zEAwi6Jeu_UWwSgg=w148-h148-n-k-no"
            },
            {
                "title": "Croc Farm Ivato",
                "category": "Agricultural",
                "img": "https://lh5.googleusercontent.com/p/AF1QipNAWeTUTSP_XCWo7l-dToj2gVZU2KLway9Tjbfv=w148-h148-n-k-no"
            },
            {
                "title": "Rova d'Ambohidratrimo",
                "category": "Historical place",
                "img": "https://lh5.googleusercontent.com/p/AF1QipOJ0N38R97z-4lmSYZRfWAMPzAuCqwFa2uU2vbt=w148-h148-n-k-no"
            },
            {
                "title": "Le Palais de Justice d'Ambatondrafandrana",
                "category": "Museum",
                "img": "https://lh5.googleusercontent.com/p/AF1QipMRQGh72JtP9_TCVVTOL9e8dKYVExzKiWN-CEpc=w148-h148-n-k-no"
            },
            {
                "title": "Maison de Jean Laborde",
                "category": "Tourist attraction",
                "img": "https://lh5.googleusercontent.com/p/AF1QipOY6egbYP1_pMserE411D8ACstcZnL4yxgnTVZs=w148-h148-n-k-no"
            },
            {
                "title": "Gare Soarano",
                "category": "Train station",
                "img": "https://lh5.googleusercontent.com/p/AF1QipPkSre-vSqp5qWv4zutyInj2LEMt_31194cDWex=w148-h148-n-k-no"
            },
            {
                "title": "Cathedrale catholique d Andohalo",
                "category": "Catholic cathedral",
                "url": "http://www.cathedraleandohalo.com/",
                "img": "https://lh5.googleusercontent.com/p/AF1QipPMAn0VjuWnRM8nAXEWoU__6QjD2Zcq0dqVlmay=w148-h148-n-k-no"
            },
            {
                "title": "Is´art Galerie",
                "category": "Art gallery",
                "url": "https://www.facebook.com/Isart.Galerie.Ampasanimalo/?locale=fr_FR",
                "img": "https://lh5.googleusercontent.com/p/AF1QipP-m5G2fOw62V9oSc6Flj-frp77IBj3qjBqJsM-=w148-h148-n-k-no"
            },
            {
                "title": "Rovan' Ambohimanga",
                "category": "Castle",
                "img": "https://lh5.googleusercontent.com/p/AF1QipP3oHc_WzdCOHiINirZwOQ5RrVSBLcjf7blchLs=w148-h148-n-k-no"
            }
        ],
        "Tôlanaro": [
            {
                "title": "Surf Born Naked Surf School",
                "category": "School",
                "img": "https://lh5.googleusercontent.com/p/AF1QipPhr2QC9gQw1drhd8sNKifKCwc4D5yH45xU-G6d=w148-h148-n-k-no"
            },
            {
                "title": "Libanona Beach",
                "category": "Beach",
                "img": "https://lh5.googleusercontent.com/p/AF1QipNUi-KBe9Kt_RgLqdPZHO0IkxwluF0CoayMDD3D=w148-h148-n-k-no"
            },
            {
                "title": "Saïadi Botanical Garden",
                "category": "Ecological park",
                "img": "https://lh5.googleusercontent.com/p/AF1QipNswrOwaR1VHWABvaJCe_9PxdK-FVXYfYEq1iwF=w148-h148-n-k-no"
            },
            {
                "title": "Nationalpark Andohahela",
                "category": "Tourist attraction",
                "url": "http://travelmadagascar.org/PARKS/Andohahela-National-Park.html",
                "img": "https://lh5.googleusercontent.com/p/AF1QipM_HTYNsg_OeLzMoMUTczAwUICke6G7aYXlvXTU=w148-h148-n-k-no"
            },
            {
                "title": "Nahampoana Reserve",
                "category": "Park and Garden",
                "url": "http://www.airfortservices.com/",
                "img": "https://lh5.googleusercontent.com/p/AF1QipPFWDfmxNheGJxaVUdzgrhvm5-FT05gTx80hqU=w148-h148-n-k-no"
            },
            {
                "title": "Domaine de la Cascade | Plantation Lansargues",
                "category": "Nature reserve",
                "url": "https://www.domainedelacascade.com/",
                "img": "https://lh5.googleusercontent.com/p/AF1QipM4ihllWFCIvTzCltDGHp3r5KP1t6XQ1uBAzlPG=w148-h148-n-k-no"
            }
        ],
        "Ambatondrazaka": [
            {
                "title": "Andasibe-Mantadia National Park",
                "category": "National park",
                "img": "https://lh5.googleusercontent.com/p/AF1QipNDUpDa2EMNx7nuwPSdFtNAEJztViaIvx7Juknv=w148-h148-n-k-no"
            },
            {
                "title": "Rovan' Ambohimanga",
                "category": "Castle",
                "img": "https://lh5.googleusercontent.com/p/AF1QipP3oHc_WzdCOHiINirZwOQ5RrVSBLcjf7blchLs=w148-h148-n-k-no"
            },
            {
                "title": "Réserve Peyrieras Madagascar Exotic",
                "category": "Park and Garden",
                "img": "https://lh5.googleusercontent.com/p/AF1QipMKnagFEpXx_BZudWv9-Ebx_L9ij7hOBmopIYIp=w148-h148-n-k-no"
            },
            {
                "title": "Madagascar Photography Museum",
                "category": "Museum",
                "url": "http://www.photo-madagascar.com/",
                "img": "https://lh5.googleusercontent.com/p/AF1QipPNESeZmuj9bzmlO3I4K3P-b0zMVI5JONOMJCYD=w148-h148-n-k-no"
            },
            {
                "title": "Is´art Galerie",
                "category": "Art gallery",
                "url": "https://www.facebook.com/Isart.Galerie.Ampasanimalo/?locale=fr_FR",
                "img": "https://lh5.googleusercontent.com/p/AF1QipP-m5G2fOw62V9oSc6Flj-frp77IBj3qjBqJsM-=w148-h148-n-k-no"
            },
            {
                "title": "Tsarasaotra Park",
                "category": "Park and Garden",
                "url": "https://hitamasoko.blogspot.com/2018/06/parc-tsarasaotra-une-zone-humide-au-cur.html",
                "img": "https://lh5.googleusercontent.com/p/AF1QipPSwbsrsKmwuGLgAdvdjzxxYxgak9CW6Q9M-EUz=w148-h148-n-k-no"
            },
            {
                "title": "Analakely Market",
                "category": "Market",
                "img": "https://lh5.googleusercontent.com/p/AF1QipO2GN9AuEnY8rarBWHbh74eQOwo29CjN_JDmL34=w148-h148-n-k-no"
            },
            {
                "title": "Lemurs Park",
                "category": "Park and Garden",
                "url": "http://www.lemurspark.com/",
                "img": "https://lh5.googleusercontent.com/p/AF1QipORTiIU7BPabNv_JsZyz9fE5kXUesnQwXOx3O0F=w148-h148-n-k-no"
            },
            {
                "title": "Croc Farm Ivato",
                "category": "Agricultural",
                "img": "https://lh5.googleusercontent.com/p/AF1QipNAWeTUTSP_XCWo7l-dToj2gVZU2KLway9Tjbfv=w148-h148-n-k-no"
            },
            {
                "title": "Tsimbazaza Zoo and Botanical Gardens",
                "category": "Zoo",
                "url": "http://pbzt.recherches.gov.mg/",
                "img": "https://lh5.googleusercontent.com/p/AF1QipNBv9rqKFsTEvzuYfP1YubDvNNpquEQYczDHUlz=w148-h148-n-k-no"
            },
            {
                "title": "Fort Manda",
                "category": "Historical landmark",
                "url": "http://www.madamagazine.com/fort-manda/",
                "img": "https://lh5.googleusercontent.com/p/AF1QipMaZjaUpaAtFhWD9SD1_DfRWIPAu5_AkDiHrbI_=w148-h148-n-k-no"
            },
            {
                "title": "Lake Anosy",
                "category": "Lake",
                "img": "https://lh5.googleusercontent.com/p/AF1QipNbNgUOQ-_-g7SrgDCwALEQw5oUmuVYJoyJqkTJ=w148-h148-n-k-no"
            },
            {
                "title": "Gare Soarano",
                "category": "Train station",
                "img": "https://lh5.googleusercontent.com/p/AF1QipPkSre-vSqp5qWv4zutyInj2LEMt_31194cDWex=w148-h148-n-k-no"
            },
            {
                "title": "Andafiavaratra Palace",
                "category": "Museum",
                "img": "https://lh5.googleusercontent.com/p/AF1QipPhZvPdLgm3G2AaUZn_BGh3zEAwi6Jeu_UWwSgg=w148-h148-n-k-no"
            },
            {
                "title": "Cathedrale catholique d Andohalo",
                "category": "Catholic cathedral",
                "url": "http://www.cathedraleandohalo.com/",
                "img": "https://lh5.googleusercontent.com/p/AF1QipPMAn0VjuWnRM8nAXEWoU__6QjD2Zcq0dqVlmay=w148-h148-n-k-no"
            },
            {
                "title": "Queen's Palace",
                "category": "Heritage museum",
                "img": "https://lh4.googleusercontent.com/proxy/CW3HVihfST3vwRRHmE8qS-EKF3WaY-tAFJv7dk9acsXxpy6qOlFvlJ_zgt6w36t-c5Uo-wZSkn9PntiDVi9o9Dp8AQCQr3NYvm7gJVzQBkku0FShF5KFU5YABdISzB5GKabqeZDUpOat6EC8qTBOk26KQGeJuBM=w148-h148-n-k-no"
            }
        ]
    },
    "sights": [
        {
            "title": "Avenue of the Baobabs",
            "category": "National forest",
            "img": "https://lh5.googleusercontent.com/p/AF1QipOxO0frM6C8rLSqvdTH33IHAQrZPwcCkowfL9S-=w148-h148-n-k-no"
        },
        {
            "title": "Isalo National Park",
            "category": "National park",
            "url": "http://parcs-madagascar.com/parcs/isalo.php#en",
            "img": "https://lh5.googleusercontent.com/p/AF1QipPoNSk3R0_xh3hD6D_F8oB9KXBgqgxbZctHLdAV=w148-h148-n-k-no"
        },
        {
            "title": "Tsingy De Bemaraha National Park",
            "category": "National park",
            "url": "http://www.madacamp.com/Tsingy_de_Bemaraha_National_Park",
            "img": "https://lh5.googleusercontent.com/p/AF1QipOw5zmPAh76OvnaxL70Vrq6KkFQVVGDANHPyWcI=w148-h148-n-k-no"
        },
        {
            "title": "Nosy Be",
            "category": "Island",
            "img": "https://lh5.googleusercontent.com/p/AF1QipNQGrFv0jTIc3gXWEdDQLIW7VZCnHqxhlqe4wmm=w148-h148-n-k-no"
        },
        {
            "title": "Andasibe-Mantadia National Park",
            "category": "National park",
            "img": "https://lh5.googleusercontent.com/p/AF1QipNDUpDa2EMNx7nuwPSdFtNAEJztViaIvx7Juknv=w148-h148-n-k-no"
        },
        {
            "title": "Réserve spéciale d’Ankarana",
            "category": "National park",
            "img": "https://lh5.googleusercontent.com/p/AF1QipNgxLpAkAXcLifcI32WWYsf9Mj3NTnOt2VtowkV=w148-h148-n-k-no"
        },
        {
            "title": "Ranomafana National Park",
            "category": "National park",
            "url": "https://www.parcs-madagascar.com/parcs/ranomafana.php",
            "img": "https://lh5.googleusercontent.com/p/AF1QipNi-evo5iiKX871-AmvPxdplexcR3atG_Im9heW=w148-h148-n-k-no"
        },
        {
            "title": "Reserva natural de Tsingy de Bemaraha",
            "category": "Nature reserve",
            "url": "https://whc.unesco.org/en/list/494/gallery/",
            "img": "https://lh5.googleusercontent.com/p/AF1QipNNNVLVXBNSXJ9gz0nI9717GE_cZjZJfGudtTWw=w148-h148-n-k-no"
        },
        {
            "title": "Nosy Boraha",
            "category": "Island",
            "img": "https://lh5.googleusercontent.com/p/AF1QipMrDzGP_gqqC_fT6KsBi-n1EVhn9QfZBZmqIS8K=w148-h148-n-k-no"
        },
        {
            "title": "Antananarivo",
            "category": "Locality",
            "img": "https://lh5.googleusercontent.com/p/AF1QipPWg6exUvwVm_OIYGIeCxWCfiQXctv1XyCsxMmU=w148-h148-n-k-no"
        },
        {
            "title": "Tsingy Rouge",
            "category": "Tourist attraction",
            "img": "https://lh5.googleusercontent.com/p/AF1QipPcRoLHwi2nEJtnDfvzlR2I1r2czRgb3LKD6sgf=w148-h148-n-k-no"
        },
        {
            "title": "Réserve spéciale d'Analamazoatra",
            "category": "Nature reserve",
            "img": "https://lh5.googleusercontent.com/p/AF1QipNBIj4iGlv-3owSCzIzOI3HsbV9yHLMjy3JL4Ru=w148-h148-n-k-no"
        },
        {
            "title": "Lemurs Park",
            "category": "Park and Garden",
            "url": "http://www.lemurspark.com/",
            "img": "https://lh5.googleusercontent.com/p/AF1QipORTiIU7BPabNv_JsZyz9fE5kXUesnQwXOx3O0F=w148-h148-n-k-no"
        },
        {
            "title": "Anja Community Reserve",
            "category": "Tourist attraction",
            "url": "http://anjareserve.angelfire.com/index.html",
            "img": "https://lh5.googleusercontent.com/p/AF1QipMGCS5oyOiD8GosgRA2177iQjTNMMTRvQ95w8Q5=w148-h148-n-k-no"
        },
        {
            "title": "Antsirabe",
            "category": "Locality",
            "img": "https://lh5.googleusercontent.com/p/AF1QipPRt2YSMoxnL-8ttT7tsqsAeA9vwQ8cK-jWn3Rv=w148-h148-n-k-no"
        },
        {
            "title": "Nosy Sakatia",
            "category": "Island",
            "url": "http://www.actu-vacances-nosybe.com/iles-nosybe/nosy-sakatia/",
            "img": "https://lh5.googleusercontent.com/p/AF1QipNXp1mG5grmmOyDZlMN1MPhZkEHNDU2SwFKS-JS=w148-h148-n-k-no"
        }
    ]
}