{
    "cities": {
        "Nouméa": [
            {
                "title": "Tjibaou Cultural Centre",
                "category": "Cultural centre",
                "url": "https://centretjibaou.nc/",
                "img": "https://lh5.googleusercontent.com/p/AF1QipMnw2TWRqSazPbk8YHvxg1x1R2f_BTchbIKe-9I=w148-h148-n-k-no"
            },
            {
                "title": "Musée de la Ville de Nouméa",
                "category": "Museum",
                "url": "http://www.ville-noumea.nc/musee",
                "img": "https://lh5.googleusercontent.com/p/AF1QipOSJbOjlpGuV8UXujsrHSLWSYtIKyMciw60u5CD=w148-h148-n-k-no"
            },
            {
                "title": "Anse Vata",
                "category": "Neighborhood",
                "img": "https://lh5.googleusercontent.com/p/AF1QipMPSGcbZ_BJ9DjdmpgAzR3mYypgM1ePRJYQQb8g=w148-h148-n-k-no"
            },
            {
                "title": "Baie des Citrons",
                "category": "Neighborhood",
                "img": "https://lh5.googleusercontent.com/p/AF1QipPP9zs_sTzZqfNwQW5OReZFEP3Q0sjKI15FBad7=w148-h148-n-k-no"
            },
            {
                "title": "Plage de l'Anse Vata",
                "category": "Beach",
                "img": "https://lh5.googleusercontent.com/p/AF1QipMBzY47kqADduF-VqPmRB7VO73h3EUxSNkm6pjH=w148-h148-n-k-no"
            },
            {
                "title": "LYVAI TOURS",
                "category": "Tourist attraction",
                "url": "https://www.lyvai.com/",
                "img": "https://lh5.googleusercontent.com/p/AF1QipOnWPyp8rjI06HIYnKSZY_EA1wNjxLCGWOmAV4K=w148-h148-n-k-no"
            },
            {
                "title": "Kuendu Beach",
                "category": "Tourist attraction",
                "url": "https://kuendubeach.com/",
                "img": "https://lh5.googleusercontent.com/p/AF1QipM5F4mVjk89GaThvfF6Fr1lvCH_0k9H5iEdCoMG=w148-h148-n-k-no"
            },
            {
                "title": "Plage du Château Royal",
                "category": "Beach",
                "img": "https://lh5.googleusercontent.com/p/AF1QipPjiVIrPTsyYf1h0XXAhcAUHX7AHVSgXYBeIRWI=w148-h148-n-k-no"
            },
            {
                "title": "Place des Cocotiers",
                "category": "City park",
                "img": "https://lh5.googleusercontent.com/p/AF1QipMdJyyZAUv8y81XYOD8kCRMv88fxycHPPX65x62=w148-h148-n-k-no"
            },
            {
                "title": "Mwa Kâ",
                "category": "Park and Garden",
                "img": "https://lh5.googleusercontent.com/p/AF1QipNKNp_RjLWy1H7EvLfkJb1EE34rjDZhCY5lQDWO=w148-h148-n-k-no"
            },
            {
                "title": "Lagoon Aquarium",
                "category": "Aquarium",
                "url": "http://www.aquarium.nc/",
                "img": "https://lh5.googleusercontent.com/p/AF1QipMDiaZs8rICMExgPcP0oUR2f8QgqDF6G7E2ShN4=w148-h148-n-k-no"
            },
            {
                "title": "Musée de la Seconde Guerre mondiale",
                "category": "Museum",
                "url": "http://www.noumea.nc/musee-de-la-seconde-guerre-mondiale",
                "img": "https://lh5.googleusercontent.com/p/AF1QipPXCGULAZepMtHA8kwQHP-IdH_3YQS1YqvWEe7v=w148-h148-n-k-no"
            },
            {
                "title": "Musée de Nouvelle Calédonie",
                "category": "Museum",
                "url": "https://museenouvellecaledonie.gouv.nc/",
                "img": "https://lh5.googleusercontent.com/p/AF1QipPDTkCNcDunErf4Yg8apQ-LKY5dxbP3L2zuj35n=w148-h148-n-k-no"
            },
            {
                "title": "Blue River Provincial Park",
                "category": "National park",
                "url": "https://www.province-sud.nc/pandoreweb/app/aireProtegee/PPRB",
                "img": "https://lh5.googleusercontent.com/p/AF1QipOO4UTBzwniIksYF_c1qZwFW3_SuaUWFv8wPBS0=w148-h148-n-k-no"
            },
            {
                "title": "Anse Vata Bay",
                "category": "Bay",
                "img": "https://lh5.googleusercontent.com/p/AF1QipN6kjjeEsql21kDp6fBxFX4F-2KC3biN8SuXvaI=w148-h148-n-k-no"
            },
            {
                "title": "Maritime Museum of New Caledonia",
                "category": "Maritime museum",
                "url": "http://www.museemaritime.nc/",
                "img": "https://lh5.googleusercontent.com/p/AF1QipNXHz-M0FNmDfdvbBHibjbZPhmmi-ods_3wut6n=w148-h148-n-k-no"
            }
        ]
    },
    "sights": [
        {
            "title": "Tjibaou Cultural Centre",
            "category": "Cultural centre",
            "url": "https://centretjibaou.nc/",
            "img": "https://lh5.googleusercontent.com/p/AF1QipMnw2TWRqSazPbk8YHvxg1x1R2f_BTchbIKe-9I=w148-h148-n-k-no"
        },
        {
            "title": "Blue River Provincial Park",
            "category": "National park",
            "url": "https://www.province-sud.nc/pandoreweb/app/aireProtegee/PPRB",
            "img": "https://lh5.googleusercontent.com/p/AF1QipOO4UTBzwniIksYF_c1qZwFW3_SuaUWFv8wPBS0=w148-h148-n-k-no"
        },
        {
            "title": "Amédée Lighthouse",
            "category": "Tourist attraction",
            "url": "http://www.amedee-taxiboat.com/",
            "img": "https://lh5.googleusercontent.com/p/AF1QipMR4BZJK12eoXX6rzMizW_IzTo0rARVqNKvDHET=w148-h148-n-k-no"
        },
        {
            "title": "Heart of Voh",
            "category": "Tourist attraction",
            "img": "https://lh5.googleusercontent.com/p/AF1QipPpux5Gr1TPuLdCDFIRZ3Gz6OYhgU6r1CHARLDs=w148-h148-n-k-no"
        },
        {
            "title": "Fort Teremba",
            "category": "Historical landmark",
            "url": "https://www.fort-teremba.com/",
            "img": "https://lh5.googleusercontent.com/p/AF1QipPfBbyG9CV-qgYR_sof-xSBJxS0GoqAOyLke7MP=w148-h148-n-k-no"
        },
        {
            "title": "Lagoon Aquarium",
            "category": "Aquarium",
            "url": "http://www.aquarium.nc/",
            "img": "https://lh5.googleusercontent.com/p/AF1QipMDiaZs8rICMExgPcP0oUR2f8QgqDF6G7E2ShN4=w148-h148-n-k-no"
        },
        {
            "title": "Nouméa",
            "category": "Locality",
            "img": "https://lh5.googleusercontent.com/p/AF1QipOOk2S21xPgYIuqCIq6jSMTth9sX1DJvOIJh4OU=w148-h148-n-k-no"
        },
        {
            "title": "Parc Zoologique Et Forestier Michel Corbasson",
            "category": "Animal park",
            "url": "https://www.province-sud.nc/page-votre-province/parc-zoologique-forestier",
            "img": "https://lh5.googleusercontent.com/p/AF1QipNNjE8iKu4FWXG6Es_UmgEMCPVZ9Uz00gaN_MWg=w148-h148-n-k-no"
        },
        {
            "title": "Maritime Museum of New Caledonia",
            "category": "Maritime museum",
            "url": "http://www.museemaritime.nc/",
            "img": "https://lh5.googleusercontent.com/p/AF1QipNXHz-M0FNmDfdvbBHibjbZPhmmi-ods_3wut6n=w148-h148-n-k-no"
        },
        {
            "title": "Lifou Island",
            "category": "Island",
            "img": "https://lh5.googleusercontent.com/p/AF1QipMjn22J6J9ciqoQjSZYV5RBBdePIQA5yvfem1ja=w148-h148-n-k-no"
        },
        {
            "title": "Oro Bay",
            "category": "Bay",
            "img": "https://lh5.googleusercontent.com/p/AF1QipPzIKmWrg2jNLClXXVSIoQJnO-gp66wiofmmhZH=w148-h148-n-k-no"
        },
        {
            "title": "Kanumera Bay",
            "category": "Bay",
            "img": "https://lh5.googleusercontent.com/p/AF1QipMuW1mCHTb-atJKrWeoLWEZ3RNFdiVvxxvf-93T=w148-h148-n-k-no"
        },
        {
            "title": "Ouvéa",
            "category": "Locality",
            "img": "https://lh5.googleusercontent.com/p/AF1QipN-Bc4UBsuPzi4l94RHjQ_4JiiPLM4AgkfpYgXi=w148-h148-n-k-no"
        },
        {
            "title": "Îlot Maître",
            "category": "Island",
            "img": "https://lh5.googleusercontent.com/p/AF1QipMdsDCfYIYaomHkvirDtRrDjIeKMWm6PnrtqLPd=w148-h148-n-k-no"
        },
        {
            "title": "Jinek Bay",
            "category": "Scenic point",
            "img": "https://lh5.googleusercontent.com/p/AF1QipNAV9tr2afWWojAsR0S37VF4ifUjOKT3XtlQMH7=w148-h148-n-k-no"
        },
        {
            "title": "île aux Canards",
            "category": "Island",
            "img": "https://lh5.googleusercontent.com/p/AF1QipOBerHRgCgmjUp8VsMhUWWzc9TAOqe1Jip3WT6N=w148-h148-n-k-no"
        }
    ]
}