{
    "cities": {
        "Tromsø": [
            {
                "title": "The Polar Museum",
                "category": "History museum",
                "url": "https://uit.no/tmu/polarmuseet",
                "img": "https://lh5.googleusercontent.com/p/AF1QipNG-ZmLHjf8zr_nEVb1TP8123NU5MIbxlj2Vj4U=w148-h148-n-k-no"
            },
            {
                "title": "The Arctic University Museum of Norway",
                "category": "Museum",
                "url": "https://uit.no/tmu",
                "img": "https://lh5.googleusercontent.com/p/AF1QipOP7MwuJgXoNe99OUjTJ6lNn1ZKgCBHONfXe8e1=w148-h148-n-k-no"
            },
            {
                "title": "Arctic Cathedral",
                "category": "Cathedral",
                "url": "https://www.ishavskatedralen.no/",
                "img": "https://lh5.googleusercontent.com/p/AF1QipOZPm_vEsFRIl_jZpmxcvLBVup6aHMLFVPmOfYu=w148-h148-n-k-no"
            },
            {
                "title": "Arctic–Alpine Botanic Garden",
                "category": "Botanical garden",
                "url": "https://uit.no/tmu/botanisk",
                "img": "https://lh5.googleusercontent.com/p/AF1QipMPXMygFtuW62SGNM2gWkxDIHlsA3IlQ45u5T7G=w148-h148-n-k-no"
            },
            {
                "title": "Tromsøbadet",
                "category": "Public swimming pool",
                "url": "http://tromsobadet.no/",
                "img": "https://lh5.googleusercontent.com/p/AF1QipPNDIhKu1_kJspTp9mUDJc9mX6-0hjkTq88AnDh=w148-h148-n-k-no"
            },
            {
                "title": "Polaria",
                "category": "Aquarium",
                "url": "https://polaria.no/",
                "img": "https://lh5.googleusercontent.com/p/AF1QipPKsgCcy3pVnTKvft-SUbbdHuo-LwvyqeCsKDoT=w148-h148-n-k-no"
            },
            {
                "title": "Telegrafbukta",
                "category": "Park and Garden",
                "img": "https://lh5.googleusercontent.com/p/AF1QipPiQEJJtDU9uNdBHjZbao8bhBKYDczvoPfK8yak=w148-h148-n-k-no"
            },
            {
                "title": "Perspective Museum",
                "category": "Museum",
                "url": "https://www.perspektivet.no/",
                "img": "https://lh5.googleusercontent.com/p/AF1QipO22WfFnQK2XFnvEAeU8cY4HS79C0RFT1ZMH06W=w148-h148-n-k-no"
            },
            {
                "title": "Ølhallen",
                "category": "Microbrewery",
                "url": "http://www.mack.no/olhallen/",
                "img": "https://lh5.googleusercontent.com/p/AF1QipPcqMFstNQ9FjqDUWKdJZtMm2Ob9e_qOL8PjDMl=w148-h148-n-k-no"
            },
            {
                "title": "Troll Museum",
                "category": "Museum",
                "url": "https://trollmuseum.no/",
                "img": "https://lh5.googleusercontent.com/p/AF1QipPzrlGW4ZgOI-Twq5Pji40WfZY8tYAuqVj1yoBV=w148-h148-n-k-no"
            },
            {
                "title": "Northern Norwegian science center",
                "category": "Science museum",
                "url": "http://nordnorsk.vitensenter.no/",
                "img": "https://lh5.googleusercontent.com/p/AF1QipP1R1M4iEVu1dh9TFqa60XEQjWwla9ukRsMeRt4=w148-h148-n-k-no"
            },
            {
                "title": "MS Polstjerna",
                "category": "Museum",
                "url": "https://uit.no/tmu/polstjerna",
                "img": "https://lh5.googleusercontent.com/p/AF1QipM_pG4E_hc8v7dRXkXav0h7caJr7Vmvz2yds2bN=w148-h148-n-k-no"
            },
            {
                "title": "Tromsø",
                "category": "Locality",
                "img": "https://lh5.googleusercontent.com/p/AF1QipP1iEcPCakx9naxtymXQKghhC0Xs8Kw540ZncaN=w148-h148-n-k-no"
            },
            {
                "title": "Magic Ice Bar Tromsø",
                "category": "Bar",
                "url": "http://www.magicice.no/",
                "img": "https://lh5.googleusercontent.com/p/AF1QipN5YK_xUA9fWrGqsqKX9WezUVNO9esb73mdd81Z=w148-h148-n-k-no"
            },
            {
                "title": "Tromsø Cathedral",
                "category": "Cathedral",
                "url": "http://www.kirken.tromso.no/",
                "img": "https://lh3.googleusercontent.com/proxy/iEM-_9Vyff0LK-ANgxoU14mnZU8DvxFIEtAPe0vGFWIOs-P1BmXldLq-OFSQ21s0dR6-SYtQqpnvjYy0CA3D0iTWe5u8TzlqVTXdAOdhJe-PiQcnEo8H6tua8g3MMOrrtjUboYq8sD6n1I6xd6ixW8dxyH5b5w=w148-h148-n-k-no"
            },
            {
                "title": "Fjellheisen",
                "category": "Mountain cable car",
                "url": "http://www.fjellheisen.no/",
                "img": "https://lh5.googleusercontent.com/p/AF1QipO2KMHxYROMdM6PfTfJDmhRB0pFp81znVhHFAW2=w148-h148-n-k-no"
            }
        ],
        "Fredrikstad": [
            {
                "title": "Fredrikstad's Old Town",
                "category": "Tourist attraction",
                "url": "https://www.visitfredrikstadhvaler.com/en/the-fortified-town/",
                "img": "https://lh5.googleusercontent.com/p/AF1QipOcicGjPFA5p0MjhSsQDgqzymoM95AmJMaQg1uO=w148-h148-n-k-no"
            },
            {
                "title": "Fredrikstad Museum",
                "category": "History museum",
                "url": "https://ostfoldmuseene.no/fredrikstad/",
                "img": "https://lh5.googleusercontent.com/p/AF1QipP9Lj5KVnForJvPOt7pPnQ8kbwvPwv5nqEFaB3W=w148-h148-n-k-no"
            },
            {
                "title": "Isegran fort",
                "category": "Historical landmark",
                "url": "http://lokalhistoriewiki.no/index.php/Isegran_fort",
                "img": "https://lh5.googleusercontent.com/p/AF1QipPKRBDe6Rl_Pyi4U5Bluus3XOYE4uDzfk23dJKq=w148-h148-n-k-no"
            },
            {
                "title": "Gamlebyen Miniature Railroad",
                "category": "Point of interest",
                "img": "https://lh5.googleusercontent.com/p/AF1QipPdogzuQ5uQHrPzdyAQs57TwlOPJkay2snNa7TJ=w148-h148-n-k-no"
            },
            {
                "title": "Glasshytta",
                "category": "Glass blower",
                "url": "https://www.facebook.com/Glasshytta-i-Gamlebyen-137214643648/",
                "img": "https://lh5.googleusercontent.com/p/AF1QipPZ1-lJVm73WBU0zSKY32vZqN7dNuln8jK8NmQi=w148-h148-n-k-no"
            },
            {
                "title": "Østfold Art Center",
                "category": "Art Centre",
                "url": "http://www.ostfold-kunstsenter.no/",
                "img": "https://lh5.googleusercontent.com/p/AF1QipN9EBpEALGPq8p5h-nhOo1VCCR67JKP7YzvEg3D=w148-h148-n-k-no"
            },
            {
                "title": "Litteraturhuset Fredrikstad",
                "category": "Civic Centre",
                "url": "https://litthusfred.no/",
                "img": "https://lh5.googleusercontent.com/p/AF1QipPU_32ufKTINw4oQWQNIFGBx8Fv3XBZgFdmfqxc=w148-h148-n-k-no"
            },
            {
                "title": "Vindebroen",
                "category": "Trail",
                "img": "https://lh5.googleusercontent.com/p/AF1QipMx_5RNWKJO2gLzWKi7y_aJJLWJqL-E2LBRibE2=w148-h148-n-k-no"
            },
            {
                "title": "King Frederik II Statue",
                "category": "Sculpture",
                "img": "https://lh5.googleusercontent.com/p/AF1QipO-2oSBAHWDoj_fcESx-8FxoPtMO1MQJibuQC78=w148-h148-n-k-no"
            },
            {
                "title": "Bakeribygningen Atelier",
                "category": "Art gallery",
                "url": "https://www.kjonigsen.no/",
                "img": "https://lh5.googleusercontent.com/p/AF1QipPc-0nI48cJgMrjURxdDLz7-OuLrNBPjelgwPhN=w148-h148-n-k-no"
            },
            {
                "title": "Atelier & Galleri Tøihuset",
                "category": "Art gallery",
                "url": "https://www.visitfredrikstadhvaler.com/no/aktiviteter-og-attraksjoner/attraksjoner/Gallerier/?tlp=4362973&name=Atelier--Galleri-Toihuset",
                "img": "https://lh5.googleusercontent.com/p/AF1QipOu5vIwVBzc0LRtBMQcoHJKebuL-GoZ6ANL4CsV=w148-h148-n-k-no"
            },
            {
                "title": "Oslo Opera House",
                "category": "Opera house",
                "url": "https://operaen.no/",
                "img": "https://lh5.googleusercontent.com/p/AF1QipMwz8pUKD73kRf39ox6fhrmZ9wlvltT1MENylL3=w148-h148-n-k-no"
            },
            {
                "title": "Bjørneparken Fredrikstad, wooden carvings on the marked trail.",
                "category": "Hiking area",
                "img": "https://lh5.googleusercontent.com/p/AF1QipP2wVoiPFMDkO7Oqh66OepyMUfb_fDlZsZ5PsIf=w148-h148-n-k-no"
            },
            {
                "title": "Kråkerøy",
                "category": "Locality",
                "img": "https://lh5.googleusercontent.com/p/AF1QipMOBJe_ZHoAoSBbuDaGNdfiOuNAQWNIj8ey7rJF=w148-h148-n-k-no"
            },
            {
                "title": "Fredrikstad Domkirke",
                "category": "Evangelical church",
                "url": "http://www.fredrikstad.kirken.no/Menighetene/Domkirken",
                "img": "https://lh5.googleusercontent.com/p/AF1QipNKqGKfEEjFOB4GP9mJqwrl9Ludyd95hVTLquai=w148-h148-n-k-no"
            },
            {
                "title": "Old Town Model Train Center",
                "category": "Rail museum",
                "url": "https://www.gbmj.no/",
                "img": "https://lh5.googleusercontent.com/p/AF1QipN7GHryHlBiIcvcz5ghCMtulLvB6hns3ZL7cowJ=w148-h148-n-k-no"
            }
        ],
        "Bergen": [
            {
                "title": "Bryggen",
                "category": "Historical place",
                "url": "https://stiftelsenbryggen.no/",
                "img": "https://lh5.googleusercontent.com/p/AF1QipNLZS6OspHh2wJDxWFDK3tnK6chKG_BfVsphCD2=w148-h148-n-k-no"
            },
            {
                "title": "Troldhaugen",
                "category": "Museum",
                "url": "https://www.kodebergen.no/museene/troldhaugen",
                "img": "https://lh5.googleusercontent.com/p/AF1QipMkm2xyYAmdELrub4gOExkm9qGLUDyNL8y15b0L=w148-h148-n-k-no"
            },
            {
                "title": "Gamle Bergen Museum - Bymuseet i Bergen",
                "category": "Museum",
                "url": "https://bymuseet.no/museum/gamle-bergen-museum/",
                "img": "https://lh5.googleusercontent.com/p/AF1QipM7DNlrA73i-ejFRjN8vwc-oOsDAUt-eI5ZlACq=w148-h148-n-k-no"
            },
            {
                "title": "Bergenhus Fortress",
                "category": "Fortress",
                "url": "https://www.forsvarsbygg.no/no/festningene/finn-din-festning/bergenhus-festning/",
                "img": "https://lh5.googleusercontent.com/p/AF1QipMuphGORHdLj83JJuozhSQF3JWpkep_9cUTgUv-=w148-h148-n-k-no"
            },
            {
                "title": "Lysverket",
                "category": "Art museum",
                "url": "https://www.kodebergen.no/",
                "img": "https://lh5.googleusercontent.com/p/AF1QipMenutbaV_DtSY8zPFxDExmn6-RvyTjguAyxQq3=w148-h148-n-k-no"
            },
            {
                "title": "VilVite - Bergen Science Center",
                "category": "Science museum",
                "url": "https://www.vilvite.no/?utm_source=googlemybusiness&utm_medium=organic&utm_campaign=google%20my%20business",
                "img": "https://lh5.googleusercontent.com/p/AF1QipPWiF9H4DWQ5OYk7J1rNVRJB_HigvdDrTmp_DPg=w148-h148-n-k-no"
            },
            {
                "title": "Bryggens Museum",
                "category": "Museum",
                "url": "https://bymuseet.no/museum/bryggens-museum/",
                "img": "https://lh5.googleusercontent.com/p/AF1QipPjXc-AraIIeHBQvPe67T6p5YObCfc2bDLv7nAB=w148-h148-n-k-no"
            },
            {
                "title": "Fløibanen - mountain cable car",
                "category": "Mountain cable car",
                "url": "https://www.floyen.no/",
                "img": "https://lh3.googleusercontent.com/proxy/5KzUn4DFCf05EgW8aB-ZsstU4MAh9JBxNBmrwbMyLe6bwBaZHprKv1W8OuK_YW1NgSZTwHS_r7T_VgEDF2kCiwU-wEa8bvlHUowreprKnbUoUdcPqZjmM8AOFT4lPnAke2qcnS1L1KPIWD8eXzS1xehl37O-e80=w148-h148-n-k-no"
            },
            {
                "title": "Tourist Information in Bergen",
                "category": "Tourist Information Centre",
                "url": "http://www.visitbergen.com/",
                "img": "https://lh5.googleusercontent.com/p/AF1QipP6sY7um40ZcK-imXhGAXtYxm6tIhcj2OXYqFzD=w148-h148-n-k-no"
            },
            {
                "title": "Ulriksbanen",
                "category": "Mountain cable car",
                "url": "http://www.ulriken643.no/",
                "img": "https://lh5.googleusercontent.com/p/AF1QipOq6Ote7SUEIjaXj5OGFo7uc99PZqEFhf4r0_rD=w148-h148-n-k-no"
            },
            {
                "title": "Hanseatic Museum",
                "category": "Museum",
                "img": "https://lh5.googleusercontent.com/p/AF1QipOwJbywBoLOP4zzpgYjIqKG8D0a7X9pIL3UF5tR=w148-h148-n-k-no"
            },
            {
                "title": "Gamlehaugen",
                "category": "Museum",
                "url": "https://eur02.safelinks.protection.outlook.com/?url=https%3A%2F%2Fwww.statsbygg.no%2Fprosjekter-og-eiendommer%2Fgamlehaugen&data=05%7C01%7CTor.Christiansen%40statsbygg.no%7Cac0b1cff94ed4ac008d208db5c4c57fa%7Cdd1a5a82b9cc485596d098e8dd7e7055%7C0%7C0%7C638205255186396714%7CUnknown%7CTWFpbGZsb3d8eyJWIjoiMC4wLjAwMDAiLCJQIjoiV2luMzIiLCJBTiI6Ik1haWwiLCJXVCI6Mn0%3D%7C3000%7C%7C%7C&sdata=QzofAEvALoBcPHCFUdLVVXmdHvYfF4HFjZCZ6UOzYj0%3D&reserved=0",
                "img": "https://lh5.googleusercontent.com/p/AF1QipO6vRL3whE-JIZzZbhYuEvXVht9SOu8AgZ_0eQl=w148-h148-n-k-no"
            },
            {
                "title": "Akvariet i Bergen - The National Aquarium",
                "category": "Aquarium",
                "url": "http://www.akvariet.no/?utm_source=googlemybusiness&utm_campaign=Google%20Min%20Bedrift&utm_medium=organic",
                "img": "https://lh5.googleusercontent.com/p/AF1QipMSc45Rfif8FdZixLY5Tc3Vq5cuUuOlqi9IcPLr=w148-h148-n-k-no"
            },
            {
                "title": "Bryggen Hansa Quarter",
                "category": "Tourist attraction",
                "img": "https://lh5.googleusercontent.com/p/AF1QipM18cD_kCLg0D4p2j9ZMlc1cISoBrzNhLkolUlz=w148-h148-n-k-no"
            },
            {
                "title": "University Museum - Museum Of History",
                "category": "Museum",
                "url": "http://www.universitetsmuseet.no/",
                "img": "https://lh5.googleusercontent.com/p/AF1QipM9DpU6HWetptvr6b7KgdomHxbymJLMZpZhH7W0=w148-h148-n-k-no"
            },
            {
                "title": "Stoltzekleiven",
                "category": "Route",
                "img": "https://lh5.googleusercontent.com/p/AF1QipPIOB3MGYGcqQfKDhlQf3DhzOsosL23pE29xLCe=w148-h148-n-k-no"
            }
        ],
        "Lillestrøm": [
            {
                "title": "Adidas Outlet Lillestrøm",
                "category": "Sportswear Shop",
                "img": "https://lh5.googleusercontent.com/p/AF1QipMYGVIAVQ4bbT3Gu7y8q4hiOLuEPrE7sFDj7_8P=w148-h148-n-k-no"
            },
            {
                "title": "Oslo Opera House",
                "category": "Opera house",
                "img": "https://lh5.googleusercontent.com/p/AF1QipMwz8pUKD73kRf39ox6fhrmZ9wlvltT1MENylL3=w148-h148-n-k-no"
            },
            {
                "title": "Folkets Hus Lillestrøm",
                "category": "Function room facility",
                "img": "https://lh5.googleusercontent.com/p/AF1QipOU9A2k3xwiIhB403oDBoHgVUxDDZh578D7jQA=w148-h148-n-k-no"
            },
            {
                "title": "The Vigeland Park",
                "category": "Sculpture museum",
                "img": "https://lh6.googleusercontent.com/proxy/_ShTyymsb3SIKfPObC1_KuCEfRn1DYUFVRY7-KfIpiP7noHutBvyPkP6cvY9vIHyu_cNrwHXg_8LAS01R0CblhKQmVCecTquQt0aOJPqTRBOrVqQBLvj4t2WjqQ0oVSbhhrh30P_oKQfKouSgzOsodXpoF6UB9I=w148-h148-n-k-no"
            },
            {
                "title": "Akershus Fortress",
                "category": "Fortress",
                "img": "https://lh5.googleusercontent.com/p/AF1QipPBaXnN5dancDRMAcLReeW8rdiY1Aa2gwEzM_FQ=w148-h148-n-k-no"
            },
            {
                "title": "The Royal Palace",
                "category": "Castle",
                "img": "https://lh5.googleusercontent.com/p/AF1QipMc2lJIjL1qVsWQE8QphypTC2wioBtkwI6Lc9Rq=w148-h148-n-k-no"
            },
            {
                "title": "The Norwegian Museum of Cultural History",
                "category": "History museum",
                "img": "https://lh5.googleusercontent.com/p/AF1QipMZBqNveT61iLlO_8bYtmo7OAwoBnGhulQjn_Xo=w148-h148-n-k-no"
            },
            {
                "title": "Viking Ship Museum",
                "category": "History museum",
                "img": "https://lh5.googleusercontent.com/p/AF1QipNR3JhusYxkIwXTjqwdFHVJI_I4K7LMfg98-nWt=w148-h148-n-k-no"
            },
            {
                "title": "Munch",
                "category": "Museum",
                "img": "https://lh5.googleusercontent.com/p/AF1QipPVmT5ftckIT38HUOZUWHJ23D5ZHR4Ynf8EXOBA=w148-h148-n-k-no"
            },
            {
                "title": "National Theatre",
                "category": "Performing arts theatre",
                "img": "https://lh4.googleusercontent.com/proxy/4vGKqQoM1gs11g9bzI6ZO2VhbyR4u6p4bcITrczj_2W6TLpLPjBc8WGrCXYsDtvCfwXMT7ZV97Hk2xIQDWZ0M3BPyRkMU7cCjWNG_DAFlvwqN_4XfCqwIskxAN3xS1036h6I81B6g6ahblVGA1JmswFq0S-5WrU=w148-h148-n-k-no"
            },
            {
                "title": "Skedsmohallen",
                "category": "Athletics field",
                "img": "https://lh5.googleusercontent.com/p/AF1QipOOfKcD-NuLm6JHNJUBPdoukg363TPGfuGYT_hS=w148-h148-n-k-no"
            },
            {
                "title": "Sørum Fritidsgård",
                "category": "Horse riding school",
                "img": "https://lh5.googleusercontent.com/p/AF1QipNta1LOYr_k0n7Yd1W5AhNLoYlAG_8E7ZbGpr4i=w148-h148-n-k-no"
            },
            {
                "title": "Oslo City Hall",
                "category": "Town Hall",
                "img": "https://lh5.googleusercontent.com/p/AF1QipMOsI9biF8hYnnJ-z-IGQF97_VPO2gSu3Fi-7Bs=w148-h148-n-k-no"
            },
            {
                "title": "Unge Viken Teater",
                "category": "Performing arts theatre",
                "img": "https://lh5.googleusercontent.com/p/AF1QipMkdhCVIXWz9T82lKwVZwtND5KrD_0IvXOBW-vm=w148-h148-n-k-no"
            },
            {
                "title": "Nebbursvollen Friluftsbad",
                "category": "Water park",
                "img": "https://lh5.googleusercontent.com/p/AF1QipMOGu0FTDnPXRmmYgTUfqiz7EQwWrnkZllpiWF1=w148-h148-n-k-no"
            },
            {
                "title": "Kjeller Air Force Base",
                "category": "Air force base",
                "img": "https://lh5.googleusercontent.com/p/AF1QipO1UGTuxFwK6q_z8P8fgCR-8sO2csZ-PwHj2Rgk=w148-h148-n-k-no"
            }
        ],
        "Sandefjord": [
            {
                "title": "Sandefjord Museum",
                "category": "History museum",
                "url": "http://www.hvalfangstmuseet.no/",
                "img": "https://lh5.googleusercontent.com/p/AF1QipM7J6McGAgFrtkyT8efY_O-uIhctoHnFDHMyC39=w148-h148-n-k-no"
            },
            {
                "title": "NYTBYN",
                "category": "Property Developer",
                "url": "http://www.bakgarden.no/",
                "img": "https://lh5.googleusercontent.com/p/AF1QipPiSLKIRKWkgo76tO56g4eJtR8QEVPEsTkPgTEd=w148-h148-n-k-no"
            },
            {
                "title": "Midtåsen Banquet facilities",
                "category": "Events Venue",
                "url": "http://www.midtaasen.no/",
                "img": "https://lh5.googleusercontent.com/p/AF1QipOVIb5mtY4Xfx9ZdFPZSUz23CAUMld3wtgp7t4=w148-h148-n-k-no"
            },
            {
                "title": "Sandefjord Fotball",
                "category": "Football Club",
                "url": "http://www.sandefjordfotball.no/",
                "img": "https://lh5.googleusercontent.com/p/AF1QipNEYCe_ZfbbRsVjiKEU9UbdTmFVNT_CXDoYvMCU=w148-h148-n-k-no"
            },
            {
                "title": "Øvre Myra - selskapslokale",
                "category": "Events Venue",
                "url": "http://sandarhistorielag.no/ovre-myra/utleie/",
                "img": "https://lh5.googleusercontent.com/p/AF1QipNCcv4MG_jfqUnP2OPDEDeQdxzj81zl_tMrN9gu=w148-h148-n-k-no"
            },
            {
                "title": "Metro Bowling & Playland Sandefjord AS",
                "category": "Amusement park",
                "url": "http://www.metrosandefjord.no/",
                "img": "https://lh5.googleusercontent.com/p/AF1QipOcTk57IpnJjlpJ5_oZfo2--E6QlMkxc5R0mUjx=w148-h148-n-k-no"
            },
            {
                "title": "Sandefjord kirke",
                "category": "Church",
                "url": "http://www.sandefjord.kirken.no/",
                "img": "https://lh5.googleusercontent.com/p/AF1QipMpY8x0Uo9JiCKX979Q26XUJ7Hdc6dCWOTQafSb=w148-h148-n-k-no"
            },
            {
                "title": "Mokollen",
                "category": "Scenic point",
                "img": "https://lh5.googleusercontent.com/p/AF1QipPArP1aUnz6vnmcN1wmLlWkZH5fJ32kGz0ilqGD=w148-h148-n-k-no"
            },
            {
                "title": "Galleri ER",
                "category": "Art gallery",
                "url": "http://www.galleri-er.com/",
                "img": "https://lh5.googleusercontent.com/p/AF1QipMoNrUhtCSxz8aGNT9KpJALWtN2T8_O0IsfoTRt=w148-h148-n-k-no"
            },
            {
                "title": "Bugården ishall",
                "category": "Athletics field",
                "url": "https://www.sandefjord.kommune.no/kultur-idrett-fritid/idrett/idrettshaller/bugarden-ishall.2016.aspx",
                "img": "https://lh5.googleusercontent.com/p/AF1QipNj2i0YzSLiIbMDmLi4liWuDlP5xFup9X1DZh82=w148-h148-n-k-no"
            },
            {
                "title": "Byparken",
                "category": "Park and Garden",
                "img": "https://lh5.googleusercontent.com/p/AF1QipOIBpVi37F1ak73wwlXnhAjlzo9amIakQmvBIs=w148-h148-n-k-no"
            },
            {
                "title": "The Gokstad Mound",
                "category": "Historical landmark",
                "img": "https://lh5.googleusercontent.com/p/AF1QipM7qoWaEFThjWavt2mzdiZudY4QBrcq_2es29x2=w148-h148-n-k-no"
            },
            {
                "title": "Bakgården Café AS",
                "category": "Canteen",
                "url": "https://bakgaardencafe.no/",
                "img": "https://lh5.googleusercontent.com/p/AF1QipOqf-gdP6y3cFmBQ7gaBtgiabQT_znWNRdz38nR=w148-h148-n-k-no"
            },
            {
                "title": "Midtåsen sculpture park",
                "category": "Monument",
                "img": "https://lh5.googleusercontent.com/p/AF1QipOhQOIloq5ia1r6Psd5CrcSzmkZqHuQQECvw0YC=w148-h148-n-k-no"
            },
            {
                "title": "HKB 5/980 Vesterøen",
                "category": "Fortress",
                "img": "https://lh5.googleusercontent.com/p/AF1QipMCFRxeyS91XZQBqBkVaUIuklbGb4DAhvp__vsz=w148-h148-n-k-no"
            },
            {
                "title": "Oslofjord",
                "category": "Fjord",
                "img": "https://lh5.googleusercontent.com/p/AF1QipM8jLqF_Ijn-EJ4nFnyDNDGeXK8o-aspRAP52Vy=w148-h148-n-k-no"
            }
        ],
        "Kristiansand": [
            {
                "title": "Kristiansand Zoo and Amusement Park",
                "category": "Animal park",
                "img": "https://lh5.googleusercontent.com/p/AF1QipPII5U71DbFLoT2h-Y9VZJA_eZM0ibSJ3gBVBB4=w148-h148-n-k-no"
            },
            {
                "title": "Fish Market",
                "category": "Market",
                "img": "https://lh5.googleusercontent.com/p/AF1QipOWzeoIORGIKZ88d57l_Sf47JxvsHQRp7-qSWj7=w148-h148-n-k-no"
            },
            {
                "title": "Kristiansand Museum",
                "category": "Museum",
                "img": "https://lh5.googleusercontent.com/p/AF1QipMpUdQNCueCn7nD8A0OS6oUIhFX3mlinB_TjjPG=w148-h148-n-k-no"
            },
            {
                "title": "Kristiansand Cathedral",
                "category": "Cathedral",
                "img": "https://lh5.googleusercontent.com/p/AF1QipOiIZy2ilfNxsufkRlVejqeruxoCnrZgPvzzGRF=w148-h148-n-k-no"
            },
            {
                "title": "Ravnedalen Scene",
                "category": "Stage",
                "img": "https://lh5.googleusercontent.com/p/AF1QipP7TXyXz9DwnUozg9tPuh7R4QBfHDN1Xi8axdpX=w148-h148-n-k-no"
            },
            {
                "title": "Kristiansand Cannon Museum",
                "category": "History museum",
                "img": "https://lh5.googleusercontent.com/p/AF1QipMIq4ZjCaZgR7zLOzxyg03bQMU8j8cKxxkp44cg=w148-h148-n-k-no"
            },
            {
                "title": "Kristiansand Tourist Information",
                "category": "Tourist Information Centre",
                "img": "https://lh5.googleusercontent.com/p/AF1QipMPjErHy1E-2tWtKqPj69EDZytxh5gq5E0N7sqJ=w148-h148-n-k-no"
            },
            {
                "title": "Odderøya",
                "category": "Island",
                "img": "https://lh5.googleusercontent.com/p/AF1QipMKxquAsXS7AvWMogAmBZyQfPOFClZlhdkzoaE=w148-h148-n-k-no"
            },
            {
                "title": "Aquarama",
                "category": "Water park",
                "img": "https://lh5.googleusercontent.com/p/AF1QipOz-MzLl8xOIf7qiY0eP4W_e6udx6Gj9ZucO69M=w148-h148-n-k-no"
            },
            {
                "title": "Art Gallery Linn",
                "category": "Art gallery",
                "img": "https://lh5.googleusercontent.com/p/AF1QipNFv0mAxoAKqnbDszGAlHeDW-HOA5kfOx7vcknj=w148-h148-n-k-no"
            },
            {
                "title": "Bredalsholmen Dokk og Fartøyvernsenter // Gamlemessa",
                "category": "Historical landmark",
                "img": "https://lh5.googleusercontent.com/p/AF1QipM4ckw7OhOprtvjoztsA2ZGS73MPRCUekRcYbjm=w148-h148-n-k-no"
            },
            {
                "title": "Oddernes Kirke",
                "category": "Association or organisation",
                "img": "https://lh5.googleusercontent.com/p/AF1QipOhCri4xQELW2hcq1FzGI5XCaIC5cHnA6IZVrY=w148-h148-n-k-no"
            },
            {
                "title": "Badelandet",
                "category": "Water park",
                "img": "https://lh5.googleusercontent.com/p/AF1QipOGlo_S4heYGaG92sfbC4W4EFuLD7Q_sw8Uzn0u=w148-h148-n-k-no"
            },
            {
                "title": "Nupen Fontenen",
                "category": "Fountain",
                "img": "https://lh5.googleusercontent.com/p/AF1QipPtg2_q_TCXMxKGtXGyIXaaH6HAeb_HJ5NJx9PT=w148-h148-n-k-no"
            },
            {
                "title": "Port of Kristiansand",
                "category": "Port authority",
                "img": "https://lh5.googleusercontent.com/p/AF1QipPrld3Us6eDRlhCfq75axV_srC6PQyRN6KxFfV-=w148-h148-n-k-no"
            },
            {
                "title": "Teateret",
                "category": "Restaurant",
                "img": "https://lh5.googleusercontent.com/p/AF1QipPXaSxZaCV6gtOtuRYlaT465A1HoNE1En-_R7lj=w148-h148-n-k-no"
            }
        ],
        "Ålesund": [
            {
                "title": "Atlantic Sea-Park",
                "category": "Aquarium",
                "url": "https://www.atlanterhavsparken.no/",
                "img": "https://lh5.googleusercontent.com/p/AF1QipNLp5RgRxpk_vqAFw8Aj9EDw0p6KzmGlwkefYE4=w148-h148-n-k-no"
            },
            {
                "title": "Sunnmøre Museum",
                "category": "Museum",
                "url": "https://www.vitimusea.no/musea/sunnmoere-museum#",
                "img": "https://lh5.googleusercontent.com/p/AF1QipPItlosf26YCsKEPeoXG6IiP3JHH-a6bxw3ruPl=w148-h148-n-k-no"
            },
            {
                "title": "Fjellstua",
                "category": "Restaurant",
                "url": "https://www.fjellstua.com/",
                "img": "https://lh5.googleusercontent.com/p/AF1QipNtqZMbDpQu1yyYLfo9mNKWDoiIri5r5clQj-MQ=w148-h148-n-k-no"
            },
            {
                "title": "Brosundet",
                "category": "Hotel",
                "url": "http://brosundet.no/",
                "img": "https://lh5.googleusercontent.com/p/AF1QipOeG3PqRVV28xY0YuMtmt8OhWyf5mkf76jIick9=w148-h148-n-k-no"
            },
            {
                "title": "Jugendstilsenteret og KUBE",
                "category": "Museum",
                "url": "https://www.vitimusea.no/musea/jugendstilsenteret-kube",
                "img": "https://lh5.googleusercontent.com/p/AF1QipN9J-_FCFZXqU1W1v-qEXXaR40UlobgJXs1lyK_=w148-h148-n-k-no"
            },
            {
                "title": "Aalesunds Museum",
                "category": "Museum",
                "url": "http://www.aalesunds.museum.no/",
                "img": "https://lh5.googleusercontent.com/p/AF1QipMscKYwPRnmGTGcATM-qv36xpag8Ch76ABBw4Ik=w148-h148-n-k-no"
            },
            {
                "title": "Galleri Artifex",
                "category": "Art gallery",
                "img": "https://lh5.googleusercontent.com/p/AF1QipPUwNUx57t5aIptkKdYZ8LH6jnpatGzd4WlL5UI=w148-h148-n-k-no"
            },
            {
                "title": "Aksla Viewpoint, Alesund",
                "category": "Historical landmark",
                "img": "https://lh5.googleusercontent.com/p/AF1QipNWb4Ur8RsC6Op7Cjim1gwjSQEQW0PJ-AE2jk0q=w148-h148-n-k-no"
            },
            {
                "title": "Aksla mountain Ålesund",
                "category": "Park and Garden",
                "img": "https://lh5.googleusercontent.com/p/AF1QipPsDT81JaKbluolSCEaKyLHrZnS3_5zTpdG4vHl=w148-h148-n-k-no"
            },
            {
                "title": "Color Line Stadion",
                "category": "Sports complex",
                "url": "http://www.colorlinestadion.no/",
                "img": "https://lh5.googleusercontent.com/p/AF1QipMh15bNhg0ShT9FEboxKapX1yKmVs1xTK0Q0cwb=w148-h148-n-k-no"
            },
            {
                "title": "Molja Lighthouse",
                "category": "Tourist attraction",
                "url": "https://fyr.no/fyr/alesund-fyrstasjon",
                "img": "https://lh5.googleusercontent.com/p/AF1QipNexIVSEp_XADq9OBBOon8FkHwRsuRlvARmE96H=w148-h148-n-k-no"
            },
            {
                "title": "Fisheries Museum in Ålesund",
                "category": "Museum",
                "url": "https://www.vitimusea.no/musea/fiskerimuseet",
                "img": "https://lh5.googleusercontent.com/p/AF1QipNKt5WateezLqomHtTnD6DmNJrXbIuNL3eO1aC3=w148-h148-n-k-no"
            },
            {
                "title": "Ålesund Church",
                "category": "Church",
                "url": "http://aalesund.menighet.no/",
                "img": "https://lh5.googleusercontent.com/p/AF1QipOdSwO2jog4iGZPA7CYCv3Ej5lfURLX5ev1vBy9=w148-h148-n-k-no"
            },
            {
                "title": "Alnes Fyr",
                "category": "Tourist attraction",
                "url": "http://www.alnesfyr.no/",
                "img": "https://lh5.googleusercontent.com/p/AF1QipPdx8GE4ieL-888uQWQLegC5g-tt369RCPPQR7Q=w148-h148-n-k-no"
            },
            {
                "title": "Spjelkavik Kyrkje",
                "category": "Church",
                "url": "https://spjelkavik.menighet.no/",
                "img": "https://lh5.googleusercontent.com/p/AF1QipMG_j12TYSJRb9S6gqRhFBMvCPqcWAfwao6cyFa=w148-h148-n-k-no"
            },
            {
                "title": "The Art Nouveau Town",
                "category": "Housing Development",
                "img": "https://lh5.googleusercontent.com/p/AF1QipNdbw5fM5UMn7JpFqTG4QDYemxMxp3P6RJJOB0i=w148-h148-n-k-no"
            }
        ],
        "Asker": [
            {
                "title": "Trekanten Senter",
                "category": "Shopping Centre",
                "url": "http://trekanten.no/",
                "img": "https://lh5.googleusercontent.com/p/AF1QipPpj-Kb9h2AptOVPEXJ_qQMYFMy0Gm-CQhf9jKu=w148-h148-n-k-no"
            },
            {
                "title": "Asker library",
                "category": "Public library",
                "url": "http://www.askerbibliotekene.no/",
                "img": "https://lh5.googleusercontent.com/p/AF1QipNZRDE59MXCz_xlXskRDusA4fSeG6uYxXHgsMaT=w148-h148-n-k-no"
            },
            {
                "title": "The Norwegian Museum of Cultural History",
                "category": "History museum",
                "url": "https://norskfolkemuseum.no/",
                "img": "https://lh5.googleusercontent.com/p/AF1QipMZBqNveT61iLlO_8bYtmo7OAwoBnGhulQjn_Xo=w148-h148-n-k-no"
            },
            {
                "title": "Asker Museum",
                "category": "Museum",
                "url": "http://www.mia.no/askermuseum/",
                "img": "https://lh5.googleusercontent.com/p/AF1QipNAgdsuFK-IevaavIuE0FHq6bMs1SzHhFl3PAmc=w148-h148-n-k-no"
            },
            {
                "title": "Østenstad menighet",
                "category": "Congregation",
                "url": "http://www.ostenstadkirke.no/",
                "img": "https://lh5.googleusercontent.com/p/AF1QipNBmkOrGy2eu5SRAbOJ5SrTyd0r2fC4xWy3xVI=w148-h148-n-k-no"
            },
            {
                "title": "Asker menighet",
                "category": "Church of Norway",
                "url": "http://www.askerkirke.no/",
                "img": "https://lh5.googleusercontent.com/p/AF1QipPgwOtNvh9SyPjNfzrXY6d02VYG04n9cWDpevWW=w148-h148-n-k-no"
            },
            {
                "title": "Hvalstrand",
                "category": "Route",
                "img": "https://lh5.googleusercontent.com/p/AF1QipOnUg3sx2CSoJYFFCqhsMpLIr-adjLP-OltGfRB=w148-h148-n-k-no"
            },
            {
                "title": "Holmsbu church",
                "category": "Church",
                "url": "http://holmsbuopplevelser.no/holmsbu-kirke/",
                "img": "https://lh5.googleusercontent.com/p/AF1QipPXXd2GQ8AdZyKyD5gmlJAOEBVkEMz8uc2DC1I=w148-h148-n-k-no"
            },
            {
                "title": "tronstad gård",
                "category": "Farm Stay",
                "url": "http://www.tronstadgaard.no/",
                "img": "https://lh5.googleusercontent.com/p/AF1QipNYVaVdO_OwRxFns4jHxoYzahgrBsq3gmxK5woV=w148-h148-n-k-no"
            },
            {
                "title": "Bergvang Gård",
                "category": "Farm",
                "url": "http://www.bergvang.no/",
                "img": "https://lh5.googleusercontent.com/p/AF1QipNFT-ap35k7C5EuI53hKJVSO7NMNBQRcUOUpsWS=w148-h148-n-k-no"
            },
            {
                "title": "Nordmarka",
                "category": "Woods",
                "img": "https://lh5.googleusercontent.com/p/AF1QipO5PVilZU2_jYeHcTPQDanSeCtbXGIN0u4Df9Nz=w148-h148-n-k-no"
            },
            {
                "title": "Hurum",
                "category": "Peninsula",
                "img": "https://lh5.googleusercontent.com/p/AF1QipPnz2njuiVa3i8jj-GDAEq2WShW8l4SmZGxxyXi=w148-h148-n-k-no"
            },
            {
                "title": "Vardåsen",
                "category": "Elevated",
                "img": "https://lh5.googleusercontent.com/p/AF1QipPxozipx3PqR62N9rLKi934YsKU8X2mx9rwLzQG=w148-h148-n-k-no"
            },
            {
                "title": "Holmen Church",
                "category": "Church of Norway",
                "url": "https://kirken.no/holmen",
                "img": "https://lh5.googleusercontent.com/p/AF1QipNeLhKAbx-vlqQGCm3IYzSM29rWGSqeHOeB6eM=w148-h148-n-k-no"
            },
            {
                "title": "Semsvannet",
                "category": "Lake",
                "img": "https://lh5.googleusercontent.com/p/AF1QipMLLeWE20V6Xp0t7FcrSTGu1nQ5n97U8bgxesSD=w148-h148-n-k-no"
            },
            {
                "title": "Sand Gård",
                "category": "Farm shop",
                "url": "http://www.sand-gard.no/",
                "img": "https://lh5.googleusercontent.com/p/AF1QipNdEVV44RHOpIrakULpPnfgQaia_7c9VtxhxA2B=w148-h148-n-k-no"
            }
        ],
        "Drammen": [
            {
                "title": "Drammen Spiral",
                "category": "Scenic point",
                "img": "https://lh5.googleusercontent.com/p/AF1QipNUXfBfkcH-PuoFCt6JuwSwNoFqON5296GA_UYc=w148-h148-n-k-no"
            },
            {
                "title": "Marienlyst Stadion",
                "category": "Stadium",
                "img": "https://lh5.googleusercontent.com/p/AF1QipNCdbzqu4uHlohXwOf7Ipp2MItIrOhHkBpYTnHa=w148-h148-n-k-no"
            },
            {
                "title": "Oslo Opera House",
                "category": "Opera house",
                "img": "https://lh5.googleusercontent.com/p/AF1QipMwz8pUKD73kRf39ox6fhrmZ9wlvltT1MENylL3=w148-h148-n-k-no"
            },
            {
                "title": "Ypsilon Bridge",
                "category": "Bridge",
                "img": "https://lh5.googleusercontent.com/p/AF1QipOgSZWshk9awzi5C9cEhJM0RiMeBVZy-P_WOxTL=w148-h148-n-k-no"
            },
            {
                "title": "Drammen Museum",
                "category": "Museum",
                "img": "https://lh5.googleusercontent.com/p/AF1QipPJEBG6WZq_jIFp59U4wUkBthw2BkwT5KyBX81X=w148-h148-n-k-no"
            },
            {
                "title": "Gulskogen gård",
                "category": "Museum",
                "img": "https://lh5.googleusercontent.com/p/AF1QipPhrAkkvs2kpABKTh85P0G9MqUP50XbR4wxALbC=w148-h148-n-k-no"
            },
            {
                "title": "Galleri Athene",
                "category": "Art gallery",
                "img": "https://lh5.googleusercontent.com/p/AF1QipP5r7_Vqom5XTnn9jwYqJC7e0nHSxV8kgdPG5fQ=w148-h148-n-k-no"
            },
            {
                "title": "Bragernes Church",
                "category": "Church",
                "img": "https://lh5.googleusercontent.com/p/AF1QipOyfDGVlTx1BfMoFcNtpmFi9L8o2t4W3Ya4ljL6=w148-h148-n-k-no"
            },
            {
                "title": "Sankt Hallvard's well fountain",
                "category": "Sculpture",
                "img": "https://lh5.googleusercontent.com/p/AF1QipNXEBL8K6fj2VK7pHI0agdm17d7nuVZTTj4ZNMx=w148-h148-n-k-no"
            },
            {
                "title": "Viking Ship Museum",
                "category": "History museum",
                "img": "https://lh5.googleusercontent.com/p/AF1QipNR3JhusYxkIwXTjqwdFHVJI_I4K7LMfg98-nWt=w148-h148-n-k-no"
            },
            {
                "title": "Drammen ski center",
                "category": "Ski resort",
                "img": "https://lh5.googleusercontent.com/p/AF1QipPvIkN0-K7mh_dQbH3fhFlRi2YGx--3teGDrVMn=w148-h148-n-k-no"
            },
            {
                "title": "Åssiden Church",
                "category": "Church",
                "img": "https://lh5.googleusercontent.com/p/AF1QipMmr7afRwurygh8NmKdN_o8mUGAUnxFhs11tTw=w148-h148-n-k-no"
            },
            {
                "title": "Strømsgodset kirke",
                "category": "Church",
                "img": "https://lh5.googleusercontent.com/p/AF1QipO7exbHdygLZAISLldRjLefeFiC92esQc0jjxk=w148-h148-n-k-no"
            },
            {
                "title": "Strømsø Church",
                "category": "Historical landmark",
                "img": "https://lh5.googleusercontent.com/p/AF1QipPx9GZqVRYE3X-L6ov1Tfjm-qMTnPoh3m8c8i-3=w148-h148-n-k-no"
            },
            {
                "title": "Klatreverket Strømsø",
                "category": "Rock climbing gym",
                "img": "https://lh5.googleusercontent.com/p/AF1QipM8brqTsiSqnmx6qraClr6ljlI2nnDhnZu3JepN=w148-h148-n-k-no"
            },
            {
                "title": "Austad Manor",
                "category": "Museum",
                "img": "https://lh5.googleusercontent.com/p/AF1QipPH8Cx1qkyq9EBo1xsO4Bt1bAuIPkoCJHO-yWul=w148-h148-n-k-no"
            }
        ],
        "Sandnes": [
            {
                "title": "Kvadrat kjøpesenter",
                "category": "Shopping Centre",
                "url": "https://kvadrat.no/",
                "img": "https://lh5.googleusercontent.com/p/AF1QipNG3mqqh03pf0G1rCAhUFAVXsaZBzk4NCVN6gCl=w148-h148-n-k-no"
            },
            {
                "title": "Sandved Park",
                "category": "Park and Garden",
                "url": "https://www.sandnes.kommune.no/",
                "img": "https://lh5.googleusercontent.com/p/AF1QipM8JU2JPc5FMqfv2qvNRbcPICMl0BLcergakx2D=w148-h148-n-k-no"
            },
            {
                "title": "Vitenfabrikken",
                "category": "Museum",
                "url": "https://www.jaermuseet.no/vitenfabrikken",
                "img": "https://lh5.googleusercontent.com/p/AF1QipM8samGjAWj45gITifckBdgyO3_4D-lO34J8EKF=w148-h148-n-k-no"
            },
            {
                "title": "Actionball",
                "category": "Padel court",
                "url": "https://interpadel.no/interpadel-sandnes/",
                "img": "https://lh5.googleusercontent.com/p/AF1QipMzvVKqggkC5EfbsLzFn2seg9zmRsg_xJ0schU5=w148-h148-n-k-no"
            },
            {
                "title": "Glowing Golf Stavanger",
                "category": "Miniature golf course",
                "url": "http://www.glowinggolf.no/?utm_source=google&utm_medium=wix_google_business_profile&utm_campaign=5397467708937956386",
                "img": "https://lh5.googleusercontent.com/p/AF1QipNFxfflBEpQk-56D00s7tKwhq-3LSGqlfprbPiU=w148-h148-n-k-no"
            },
            {
                "title": "Real Escape Game",
                "category": "Escape room centre",
                "url": "http://www.realescapegame.no/",
                "img": "https://lh5.googleusercontent.com/p/AF1QipP7W8n4a13aKQx26VG04N11kIa5RrX8mCJCPsKs=w148-h148-n-k-no"
            },
            {
                "title": "Sverd i fjell",
                "category": "Monument",
                "url": "https://www.visitnorway.com/listings/swords-in-rock/1852/",
                "img": "https://lh5.googleusercontent.com/p/AF1QipMXfbx6_DHZC_cMtuC8Ap1K_pJqfRFAZBftKdIV=w148-h148-n-k-no"
            },
            {
                "title": "Highscore Arcade - Kvadrat",
                "category": "Video arcade",
                "url": "https://high-score.no/highscore-kvadrat/",
                "img": "https://lh5.googleusercontent.com/p/AF1QipOi0D2HOZuO8HBYyk_UC1cRuzFUlPym3bPMgIdi=w148-h148-n-k-no"
            },
            {
                "title": "Dalsnuten Hike",
                "category": "Hiking area",
                "img": "https://lh5.googleusercontent.com/p/AF1QipM359DKS2YNtNAp50WFu2Ju68l7_Y5hoNlLqiRh=w148-h148-n-k-no"
            },
            {
                "title": "Nordsjøvegen",
                "category": "Tourist attraction",
                "url": "http://www.nordsjovegen.no/",
                "img": "https://lh5.googleusercontent.com/p/AF1QipP9A9GHqNqt8cnD7-VfPbVypjXftTQyy4g8_gIM=w148-h148-n-k-no"
            },
            {
                "title": "Tryggvi Islandshestgård",
                "category": "Horse riding school",
                "url": "https://www.tryggvi.no/",
                "img": "https://lh5.googleusercontent.com/p/AF1QipMD-v1GYD6lJ1p6SkEc_CkkRDGJEZ_AyzYPJgb8=w148-h148-n-k-no"
            },
            {
                "title": "ØsterHus Arena",
                "category": "Stadium",
                "url": "http://osterhusarena.no/",
                "img": "https://lh5.googleusercontent.com/p/AF1QipOzNtm-7nxKi2VkGuCFN1GuICabLxnU-Y3sq9zm=w148-h148-n-k-no"
            },
            {
                "title": "Gamle Stavanger",
                "category": "Historic City Centre",
                "url": "https://www.visitnorway.no/listings/gamle-stavanger/14660/",
                "img": "https://lh5.googleusercontent.com/p/AF1QipPex1wxhJjuEHxFm-4bkFjK7bD_0946Wc5XSlmA=w148-h148-n-k-no"
            },
            {
                "title": "Sandnes Church",
                "category": "Church",
                "url": "http://www.sandnes-menighet.no/",
                "img": "https://lh5.googleusercontent.com/p/AF1QipNj_Qn8CgRbZpmb4bpPN_Qg1qLkISzDuKu3NKH0=w148-h148-n-k-no"
            },
            {
                "title": "Kongeparken",
                "category": "Amusement park",
                "url": "http://www.kongeparken.no/",
                "img": "https://lh5.googleusercontent.com/p/AF1QipO2oUYqXmQ2srAnhM48mpdR2ZODV85lSbFjNvkJ=w148-h148-n-k-no"
            },
            {
                "title": "Gand Church",
                "category": "Church",
                "url": "http://www.gand.no/",
                "img": "https://lh5.googleusercontent.com/p/AF1QipOvn2hGV3sW5e3Ls224MmaNs_8zXKLFoS1jtWu6=w148-h148-n-k-no"
            }
        ],
        "Skien": [
            {
                "title": "Gjerpen Church",
                "category": "Church",
                "url": "http://www.gjerpenkirke.no/",
                "img": "https://lh5.googleusercontent.com/p/AF1QipNo4Th1XZUw7XpqRX5_VBxxPh5gZdCKbl3AAKKL=w148-h148-n-k-no"
            },
            {
                "title": "Skien Fritidspark",
                "category": "Athletic park",
                "url": "http://www.skienfritidspark.no/",
                "img": "https://lh5.googleusercontent.com/p/AF1QipPeclslOA1ivfjD_cs-Rj7faH6Mhbfc23y583Yv=w148-h148-n-k-no"
            },
            {
                "title": "Henrik Ibsen Museum",
                "category": "Museum",
                "url": "http://www.telemarkmuseum.no/henrik-ibsen-museum",
                "img": "https://lh5.googleusercontent.com/p/AF1QipP1jSs5_eBx8XEc7kJaEHP3oLA3-u7FJtfq43r3=w148-h148-n-k-no"
            },
            {
                "title": "PARTYTELTUTLEIE AS",
                "category": "Internet shop",
                "url": "https://www.garasje-bobiltelt.no/",
                "img": "https://lh5.googleusercontent.com/p/AF1QipMT5QfCZZc0tqVuHeZZbrezmzWthUTLjEQwFe94=w148-h148-n-k-no"
            },
            {
                "title": "Ibsenhuset",
                "category": "Cultural centre",
                "url": "http://www.ibsenhuset.no/",
                "img": "https://lh5.googleusercontent.com/p/AF1QipOm6-3n-_dWoo_o24Ey2jj_YAJzMaKobLoSPJdb=w148-h148-n-k-no"
            },
            {
                "title": "Skien Town Hall",
                "category": "Town Hall",
                "url": "http://skien.kommune.no/",
                "img": "https://lh5.googleusercontent.com/p/AF1QipMp6rLAmEsREd91Htfj0kqBMBWozFCl7IZw98yr=w148-h148-n-k-no"
            },
            {
                "title": "Teater Ibsen",
                "category": "Performing arts theatre",
                "url": "http://www.teateribsen.no/",
                "img": "https://lh5.googleusercontent.com/p/AF1QipNbLAG6Ay38KkjMIIfgb1ga6EepO_lt_bqOq-Po=w148-h148-n-k-no"
            },
            {
                "title": "DuVerden Maritime Museum and Science Center",
                "category": "Science museum",
                "url": "http://www.du-verden.no/",
                "img": "https://lh5.googleusercontent.com/p/AF1QipPHXaYp1cBVL1MOPEDlfz1-js_4DP10kNwLQfRe=w148-h148-n-k-no"
            },
            {
                "title": "Gulating Ølutsalg Skien",
                "category": "Beer shop",
                "img": "https://lh5.googleusercontent.com/p/AF1QipM1B1CKN7j4DueKr7CQdV_fBI8xPoihe87d9_2S=w148-h148-n-k-no"
            },
            {
                "title": "Borgestad church",
                "category": "Church",
                "url": "https://borgestad.menighet.no/",
                "img": "https://lh5.googleusercontent.com/p/AF1QipNzRnMX8tF55ZzgmIdy4VkGAqGcaaDhbzCU-LBI=w148-h148-n-k-no"
            },
            {
                "title": "Mersmak in Skien",
                "category": "Festival",
                "url": "http://www.mersmakiskien.no/",
                "img": "https://lh5.googleusercontent.com/p/AF1QipOtxozwQkbjiTNV4svPZtl-SxF0eruG_j-kmj4u=w148-h148-n-k-no"
            },
            {
                "title": "Gimsøy church",
                "category": "Church",
                "url": "http://www.gimsoykirke.no/",
                "img": "https://lh5.googleusercontent.com/p/AF1QipNafi9E_jHhEZW6dSuYikU6vvqs56D5jqe1HV8m=w148-h148-n-k-no"
            },
            {
                "title": "Buldrekontoret",
                "category": "Rock climbing gym",
                "url": "http://www.buldrekontoret.com/",
                "img": "https://lh5.googleusercontent.com/p/AF1QipPTlUQqsO37T6DiiiYtWpZk6mtnNxBFaAjqvul2=w148-h148-n-k-no"
            },
            {
                "title": "Skien Church",
                "category": "Church",
                "url": "http://www.skienkirke.no/",
                "img": "https://lh5.googleusercontent.com/p/AF1QipM63rSCWrXrbi8aBmXtBj4iZXH-E8qs7-QPVV_f=w148-h148-n-k-no"
            },
            {
                "title": "Brekkeparken",
                "category": "Park and Garden",
                "url": "http://telemarkmuseum.no/",
                "img": "https://lh5.googleusercontent.com/p/AF1QipP3f8kYX0hb4jLiKoz12MZYYHEmCwGbkROy1GCh=w148-h148-n-k-no"
            },
            {
                "title": "Sauna Boats Telemark",
                "category": "Sauna",
                "url": "http://www.saunaboats.no/",
                "img": "https://lh5.googleusercontent.com/p/AF1QipP8yMeUpFcSR7ecTt567gO3iy7QoSt8uXFVVvw1=w148-h148-n-k-no"
            }
        ],
        "Sarpsborg": [
            {
                "title": "Greåker fort",
                "category": "Fortress",
                "url": "https://www.forsvarsbygg.no/no/verneplaner/landsverneplan-for-forsvaret/ostlandet/greaker-fort/",
                "img": "https://lh5.googleusercontent.com/p/AF1QipP6LLwnbxfDnpGc2bYpnHbOZCr88OiPJOCXpcvh=w148-h148-n-k-no"
            },
            {
                "title": "Eventyrfabrikken Sarpsborg",
                "category": "Children hall",
                "url": "https://funplays.com/no/sarpsborg",
                "img": "https://lh5.googleusercontent.com/p/AF1QipPJXGdYfub7TMWHYF-EnCCTMY4DUsYId_6fJhlk=w148-h148-n-k-no"
            },
            {
                "title": "Sarpsborg Bowling Center",
                "category": "Bowling Alley",
                "url": "http://www.sarpsborg-bowlingsenter.no/",
                "img": "https://lh5.googleusercontent.com/p/AF1QipPPK8rPLGoCiUCAPfWk9LIIMNPLARUB0DmqvV0d=w148-h148-n-k-no"
            },
            {
                "title": "Tunevannet Badeplass",
                "category": "Park and Garden",
                "img": "https://lh5.googleusercontent.com/p/AF1QipPZ3rOU7CopW7HVFil_hwA1WqMAzlcqvfrnMscC=w148-h148-n-k-no"
            },
            {
                "title": "Superland",
                "category": "Indoor playground",
                "url": "https://www.superland.no/",
                "img": "https://lh5.googleusercontent.com/p/AF1QipNM4KblQuCBsGDOIi_n0Ysk3odroM2gppYkuGg=w148-h148-n-k-no"
            },
            {
                "title": "Inspiria Science Center",
                "category": "Science museum",
                "url": "http://www.inspiria.no/",
                "img": "https://lh5.googleusercontent.com/p/AF1QipPP87FgFUhZmeIhUJJXBu3RjllMUSYUenxmgjnz=w148-h148-n-k-no"
            },
            {
                "title": "Oslo Opera House",
                "category": "Opera house",
                "url": "https://operaen.no/",
                "img": "https://lh5.googleusercontent.com/p/AF1QipPbDuWIiI6I4lYS39PKcDjHaG4zFVWhArEhkmp2=w148-h148-n-k-no"
            },
            {
                "title": "Borgarsyssel Museum",
                "category": "History museum",
                "url": "https://ostfoldmuseene.no/borgarsyssel/",
                "img": "https://lh5.googleusercontent.com/p/AF1QipN4saBEmJwFja9fif_oQ_FIJxQyY3lr_oMIynxg=w148-h148-n-k-no"
            },
            {
                "title": "A-porten Kunsthus",
                "category": "Corporate office",
                "img": "https://lh5.googleusercontent.com/p/AF1QipPca7nW0_jolG5RxzUqYrkldrH3jFDCXFABLdhw=w148-h148-n-k-no"
            },
            {
                "title": "The Royal Palace",
                "category": "Castle",
                "url": "https://www.kongehuset.no/seksjon.html?tid=27160&sek=26983",
                "img": "https://lh5.googleusercontent.com/p/AF1QipMc2lJIjL1qVsWQE8QphypTC2wioBtkwI6Lc9Rq=w148-h148-n-k-no"
            },
            {
                "title": "Østfoldmuseene administration",
                "category": "Museum",
                "url": "https://ostfoldmuseene.no/",
                "img": "https://lh5.googleusercontent.com/p/AF1QipMzqRSzsM1FKD-5bLNnZl4y4hPDzepbWzhcPXXe=w148-h148-n-k-no"
            },
            {
                "title": "Sarpsborg Stadion",
                "category": "Stadium",
                "url": "https://www.sarpsborg08.no/om-stadion",
                "img": "https://lh5.googleusercontent.com/p/AF1QipMkIpE5oXlSMLFC5DD-Adpp50MFpQF3rvar8d0G=w148-h148-n-k-no"
            },
            {
                "title": "Hafslund hovedgård & konferansesenter",
                "category": "Convention centre",
                "url": "http://hafslundhovedgaard.no/",
                "img": "https://lh5.googleusercontent.com/p/AF1QipN7J0TiSVSILHxcwy9yyZQo9lb4_P1j9DUeIKSb=w148-h148-n-k-no"
            },
            {
                "title": "Svev Trampolinepark Sarpsborg",
                "category": "Amusement Centre",
                "url": "http://www.svev.no/",
                "img": "https://lh5.googleusercontent.com/p/AF1QipMcuTk4rcYusMxApruj0ymi0oZSab_ZOFmUf0Eu=w148-h148-n-k-no"
            },
            {
                "title": "Munch",
                "category": "Museum",
                "url": "http://munchmuseet.no/",
                "img": "https://lh5.googleusercontent.com/p/AF1QipPVmT5ftckIT38HUOZUWHJ23D5ZHR4Ynf8EXOBA=w148-h148-n-k-no"
            },
            {
                "title": "Sarpsborg church",
                "category": "Church",
                "url": "https://kirken.no/sarpsborg-menighet",
                "img": "https://lh5.googleusercontent.com/p/AF1QipPTg1wKfwq-LFbcofgPRCedFWsy4L6dGfEwQpkz=w148-h148-n-k-no"
            }
        ],
        "Oslo": [
            {
                "title": "The Vigeland Park",
                "category": "Sculpture museum",
                "url": "https://vigeland.museum.no/no/vigelandsparken",
                "img": "https://lh6.googleusercontent.com/proxy/_ShTyymsb3SIKfPObC1_KuCEfRn1DYUFVRY7-KfIpiP7noHutBvyPkP6cvY9vIHyu_cNrwHXg_8LAS01R0CblhKQmVCecTquQt0aOJPqTRBOrVqQBLvj4t2WjqQ0oVSbhhrh30P_oKQfKouSgzOsodXpoF6UB9I=w148-h148-n-k-no"
            },
            {
                "title": "Akershus Fortress",
                "category": "Fortress",
                "img": "https://lh5.googleusercontent.com/p/AF1QipPBaXnN5dancDRMAcLReeW8rdiY1Aa2gwEzM_FQ=w148-h148-n-k-no"
            },
            {
                "title": "The Fram Museum",
                "category": "History museum",
                "url": "https://frammuseum.no/",
                "img": "https://lh5.googleusercontent.com/p/AF1QipMiTjAmGmMG3AW9npZhN_6LNRqxKOlDurlQ3QUJ=w148-h148-n-k-no"
            },
            {
                "title": "The National Museum",
                "category": "Art museum",
                "url": "http://www.nasjonalmuseet.no/",
                "img": "https://lh5.googleusercontent.com/p/AF1QipOOudYnDgol7YKxr2txY97KnIwwEa76pzZw0wY-=w148-h148-n-k-no"
            },
            {
                "title": "The Norwegian Museum of Cultural History",
                "category": "History museum",
                "url": "https://norskfolkemuseum.no/",
                "img": "https://lh5.googleusercontent.com/p/AF1QipMZBqNveT61iLlO_8bYtmo7OAwoBnGhulQjn_Xo=w148-h148-n-k-no"
            },
            {
                "title": "Munch",
                "category": "Museum",
                "url": "http://munchmuseet.no/",
                "img": "https://lh5.googleusercontent.com/p/AF1QipPVmT5ftckIT38HUOZUWHJ23D5ZHR4Ynf8EXOBA=w148-h148-n-k-no"
            },
            {
                "title": "Holmenkollen Ski Museum",
                "category": "Museum",
                "url": "http://www.holmenkollen.com/",
                "img": "https://lh5.googleusercontent.com/p/AF1QipNfCdeI7rCzwH_qtUV4He2HqeBy7jZowaTtJpk=w148-h148-n-k-no"
            },
            {
                "title": "Nobel Peace Center",
                "category": "Museum",
                "url": "http://www.nobelpeacecenter.org/",
                "img": "https://lh5.googleusercontent.com/p/AF1QipOlao41lfJbDqbG70elYwkUkyyKLS2Gp13BF-Y2=w148-h148-n-k-no"
            },
            {
                "title": "The Norwegian Opera and Ballet",
                "category": "Opera house",
                "url": "http://operaen.no/",
                "img": "https://lh5.googleusercontent.com/p/AF1QipN5CVHPDWuS7H7kQ3iLKFlPtrPBZXJvdS68Qbr3=w148-h148-n-k-no"
            },
            {
                "title": "Frognerparken",
                "category": "Park and Garden",
                "url": "https://www.oslo.kommune.no/natur-kultur-og-fritid/tur-og-friluftsliv/parker-og-friomrader/frognerparken/",
                "img": "https://lh5.googleusercontent.com/p/AF1QipNXzIUScaOT4NmZucS1wZD4b2sKh1SbH5U0ZYSI=w148-h148-n-k-no"
            },
            {
                "title": "Viking Ship Museum",
                "category": "History museum",
                "url": "https://www.khm.uio.no/besok-oss/vikingskipshuset/",
                "img": "https://lh5.googleusercontent.com/p/AF1QipNR3JhusYxkIwXTjqwdFHVJI_I4K7LMfg98-nWt=w148-h148-n-k-no"
            },
            {
                "title": "Oslo Opera House",
                "category": "Opera house",
                "url": "https://operaen.no/",
                "img": "https://lh5.googleusercontent.com/p/AF1QipMwz8pUKD73kRf39ox6fhrmZ9wlvltT1MENylL3=w148-h148-n-k-no"
            },
            {
                "title": "Holmenkollbakken",
                "category": "Ski jumping hill",
                "url": "https://www.skiforeningen.no/holmenkollen/",
                "img": "https://lh5.googleusercontent.com/p/AF1QipN8LCLe1cbfX2iE5O_DXqUJK1I021XUh19FtKGT=w148-h148-n-k-no"
            },
            {
                "title": "The Botanical Garden",
                "category": "Botanical garden",
                "url": "http://nhm.uio.no/",
                "img": "https://lh5.googleusercontent.com/p/AF1QipO9s_zVA0V9WvZOxK8RX5kEycI560ejRiDyGNvj=w148-h148-n-k-no"
            },
            {
                "title": "The Royal Palace",
                "category": "Castle",
                "url": "https://www.kongehuset.no/seksjon.html?tid=27160&sek=26983",
                "img": "https://lh5.googleusercontent.com/p/AF1QipMc2lJIjL1qVsWQE8QphypTC2wioBtkwI6Lc9Rq=w148-h148-n-k-no"
            },
            {
                "title": "Kon-Tiki Museum",
                "category": "History museum",
                "url": "https://www.kon-tiki.no/",
                "img": "https://lh5.googleusercontent.com/p/AF1QipPYgT7bm4AMZ1mZkGUAar1dxPA0c5UiPq1XW3K-=w148-h148-n-k-no"
            }
        ],
        "Stavanger": [
            {
                "title": "Norwegian Petroleum Museum",
                "category": "Museum",
                "url": "http://www.norskolje.museum.no/",
                "img": "https://lh5.googleusercontent.com/p/AF1QipNzFfH49Wh9Fv7f2nok8fmOUSfiPn3F32XgscBg=w148-h148-n-k-no"
            },
            {
                "title": "Gamle Stavanger",
                "category": "Historic City Centre",
                "url": "https://www.visitnorway.no/listings/gamle-stavanger/14660/",
                "img": "https://lh5.googleusercontent.com/p/AF1QipPex1wxhJjuEHxFm-4bkFjK7bD_0946Wc5XSlmA=w148-h148-n-k-no"
            },
            {
                "title": "Norwegian Canning Museum",
                "category": "Museum",
                "url": "http://iddismuseum.no/",
                "img": "https://lh5.googleusercontent.com/p/AF1QipOfLnL9ILIVPbhsmdVPL3oshzJo18d46U7LkFOv=w148-h148-n-k-no"
            },
            {
                "title": "Stavanger Maritime Museum",
                "category": "Maritime museum",
                "url": "http://www.stavangermaritimemuseum.no/",
                "img": "https://lh5.googleusercontent.com/p/AF1QipNoaWnaPiPd02SC5_nt05f956Wc9hjgEfkEAlf_=w148-h148-n-k-no"
            },
            {
                "title": "Museum of Archaeology, University of Stavanger",
                "category": "Museum",
                "url": "https://www.uis.no/nb/arkeologisk-museum",
                "img": "https://lh5.googleusercontent.com/p/AF1QipNLcg8r_N4-AtRm2NE63nVf9o_yLRgKoY5ElJI=w148-h148-n-k-no"
            },
            {
                "title": "Stavanger Cathedral",
                "category": "Cathedral",
                "url": "https://domkirkenogpetri.no/",
                "img": "https://lh5.googleusercontent.com/p/AF1QipOGUtq7PiZaBMGtfiA0tRfzs2B3J9ebcZ5kuNg=w148-h148-n-k-no"
            },
            {
                "title": "Sverd i fjell",
                "category": "Monument",
                "url": "https://www.visitnorway.com/listings/swords-in-rock/1852/",
                "img": "https://lh5.googleusercontent.com/p/AF1QipMXfbx6_DHZC_cMtuC8Ap1K_pJqfRFAZBftKdIV=w148-h148-n-k-no"
            },
            {
                "title": "Stavanger tourist Information",
                "category": "Tourist Information Centre",
                "url": "http://www.regionstavanger.com/",
                "img": "https://lh5.googleusercontent.com/p/AF1QipP6eTmxN1H6UrZq5Y5RtGirVcY7mCmmyTc-h-5G=w148-h148-n-k-no"
            },
            {
                "title": "Stavanger City Museum",
                "category": "Museum",
                "url": "https://www.stavangermuseum.no/",
                "img": "https://lh5.googleusercontent.com/p/AF1QipNdSCP-jZ4O1ZSHWyKBarVk-QtukgTsEfNjasFQ=w148-h148-n-k-no"
            },
            {
                "title": "Stavanger Art Museum",
                "category": "Art gallery",
                "url": "http://stavangerkunstmuseum.no/",
                "img": "https://lh5.googleusercontent.com/p/AF1QipPFqmh1cpVcZz5XzAN17PgxElLyjcbGQPEFfVF8=w148-h148-n-k-no"
            },
            {
                "title": "Ledaal",
                "category": "Museum",
                "url": "https://ledaal.no/",
                "img": "https://lh5.googleusercontent.com/p/AF1QipOjpKlaKAD9mcqV_iqIrl4quqdXK0cMUem9bhJ0=w148-h148-n-k-no"
            },
            {
                "title": "Breidablikk museum",
                "category": "Museum",
                "url": "http://breidablikkmuseum.no/",
                "img": "https://lh5.googleusercontent.com/p/AF1QipMnPo1dCERcJz83M1kOOzwdJnLf8n1UtgQA6-aP=w148-h148-n-k-no"
            },
            {
                "title": "Øvre Holmegate",
                "category": "Notable street",
                "img": "https://lh5.googleusercontent.com/p/AF1QipN1K2wfvN_diWcknlh9eFA3BXwqs3WN1UebeMSe=w148-h148-n-k-no"
            },
            {
                "title": "Iron Age Farm",
                "category": "History museum",
                "url": "https://www.uis.no/nb/arkeologisk-museum/besok-jernaldergarden-pa-ullandhaug",
                "img": "https://lh5.googleusercontent.com/p/AF1QipMf48kpERRskWGz5CCwJ1bs4u8Vd5IgjAbJ8ycX=w148-h148-n-k-no"
            },
            {
                "title": "Scandic Stavanger City",
                "category": "Hotel",
                "url": "https://www.scandichotels.no/hotell/norge/stavanger/scandic-stavanger-city?utm_campaign=gmb&utm_source=google&utm_medium=organic&utm_content=stavanger-city",
                "img": "https://lh3.googleusercontent.com/proxy/tMQdHLlODGf6Q5hchmkU9DiDTplUKq6SL8lBwB8P3QQktHFH0h8HvFuufJX66pS2GvlTB5W6_2NTHNIWyvICPY_ldQ9Fp74oxCKGR_GsboVgbyysTIypb2pl8xdkWYEQdOgXCHabCEn_PGGnK_g3QaJna2I_iw=w148-h148-n-k-no"
            },
            {
                "title": "Clarion Hotel Energy",
                "category": "Hotel",
                "url": "https://www.strawberry.no/hotell/norge/stavanger/clarion-hotel-energy/?utm_campaign=gmb-listing&utm_medium=organic&utm_source=google",
                "img": "https://lh5.googleusercontent.com/p/AF1QipPx4o9E0thVovX90PuE_uBO_OClyV3CkEfXRjDP=w148-h148-n-k-no"
            }
        ],
        "Trondheim": [
            {
                "title": "Nidaros Cathedral",
                "category": "Cathedral",
                "url": "https://www.nidarosdomen.no/",
                "img": "https://lh5.googleusercontent.com/p/AF1QipN4T24PRlOF5LaJ24bdpshU8G6L-suzOFKoyWC1=w148-h148-n-k-no"
            },
            {
                "title": "Old Town Bridge",
                "category": "Bridge",
                "url": "https://en.wikipedia.org/wiki/Old_Town_Bridge",
                "img": "https://lh5.googleusercontent.com/p/AF1QipMnpGDNqYVrm_L1-kCOTmkJoE_s_AePipID1LBX=w148-h148-n-k-no"
            },
            {
                "title": "Kristiansten Fortress",
                "category": "Fortress",
                "url": "https://www.forsvarsbygg.no/no/festningene/finn-din-festning/kristiansten-festning/",
                "img": "https://lh5.googleusercontent.com/p/AF1QipPEbiwskbLiqAmB1DwX-eyodmOLXDFkEpRvU8YB=w148-h148-n-k-no"
            },
            {
                "title": "Rockheim",
                "category": "Heritage museum",
                "img": "https://lh5.googleusercontent.com/p/AF1QipN0i12LQqwUY4EeHJv_U1rgDgjsrirhehdRU5yZ=w148-h148-n-k-no"
            },
            {
                "title": "Ringve Music Museum",
                "category": "National museum",
                "url": "http://www.ringve.no/",
                "img": "https://lh5.googleusercontent.com/p/AF1QipO45oEmFqi3_E_4sooht9k9mt6UKatzn7XxuwUO=w148-h148-n-k-no"
            },
            {
                "title": "Sverresborg Trøndelag Folk Museum",
                "category": "Museum",
                "url": "https://sverresborg.no/",
                "img": "https://lh5.googleusercontent.com/p/AF1QipPLuqKxzhEJmRdbSkkSIzSjjkn2RJqbV9LBm39Z=w148-h148-n-k-no"
            },
            {
                "title": "KōH i NōR",
                "category": "Indian restaurant",
                "url": "http://www.kohinor.no/",
                "img": "https://lh5.googleusercontent.com/p/AF1QipM5_djFN8vAPwxmz2HfDs5xpjr6nF-5gM4QpHBC=w148-h148-n-k-no"
            },
            {
                "title": "Archbishop's Palace, Trondheim",
                "category": "Museum",
                "img": "https://lh5.googleusercontent.com/p/AF1QipPa1UbBi3fMpO4ZE3I0FgTvP_S0AHP1FJ3WlDk7=w148-h148-n-k-no"
            },
            {
                "title": "Pirbadet",
                "category": "Aquatic centre",
                "url": "http://www.pirbadet.no/",
                "img": "https://lh5.googleusercontent.com/p/AF1QipO6FQwta67YUQpl3Lzn6mJqzK3_RFjAVGlWg8O4=w148-h148-n-k-no"
            },
            {
                "title": "Stiftsgården",
                "category": "Castle",
                "url": "https://nkim.no/stiftsgarden",
                "img": "https://lh5.googleusercontent.com/p/AF1QipMGVRIycfjDKt_CnhTfJks8lxLodBP2vwoCX1h9=w148-h148-n-k-no"
            },
            {
                "title": "Trondheim Kunstmuseum",
                "category": "Art museum",
                "url": "http://www.trondheimkunstmuseum.no/",
                "img": "https://lh5.googleusercontent.com/p/AF1QipOzemJOdJi0vehfNY8E9qyMPJ6MbTU1bhd385Y8=w148-h148-n-k-no"
            },
            {
                "title": "National Museum of Decorative Arts",
                "category": "Art museum",
                "url": "http://www.nkim.no/",
                "img": "https://lh5.googleusercontent.com/p/AF1QipOTZTbSugeYLr7N23w51kd7J3qpy6EWauzTs_TK=w148-h148-n-k-no"
            },
            {
                "title": "The Armoury",
                "category": "Museum",
                "url": "http://www.rustkammeret.no/",
                "img": "https://lh5.googleusercontent.com/p/AF1QipOq7t0yKxd8XaRDl_Gdbn-6ODSxjmlzQoSRBXqs=w148-h148-n-k-no"
            },
            {
                "title": "Solsiden Senter",
                "category": "Shopping Centre",
                "url": "https://www.solsidensenter.no/",
                "img": "https://lh5.googleusercontent.com/p/AF1QipNp91m_Mvwz5zPnQMje6P9mpWmYHS3x9suLVB9P=w148-h148-n-k-no"
            },
            {
                "title": "NTNU Vitenskapsmuseet",
                "category": "Museum",
                "url": "http://vitenskapsmuseet.no/",
                "img": "https://lh5.googleusercontent.com/p/AF1QipOHqgoQNIfWz_Z_XUs_wkt142WrxudhYua7wrEV=w148-h148-n-k-no"
            },
            {
                "title": "Vitensenteret i Trondheim",
                "category": "Science museum",
                "url": "https://www.vitensenteret.com/",
                "img": "https://lh5.googleusercontent.com/p/AF1QipNPRA13YpXXtYyxV1NgrZkzarUBvoWfX5eW434O=w148-h148-n-k-no"
            }
        ]
    },
    "sights": [
        {
            "title": "The Vigeland Park",
            "category": "Sculpture museum",
            "url": "https://vigeland.museum.no/no/vigelandsparken",
            "img": "https://lh6.googleusercontent.com/proxy/_ShTyymsb3SIKfPObC1_KuCEfRn1DYUFVRY7-KfIpiP7noHutBvyPkP6cvY9vIHyu_cNrwHXg_8LAS01R0CblhKQmVCecTquQt0aOJPqTRBOrVqQBLvj4t2WjqQ0oVSbhhrh30P_oKQfKouSgzOsodXpoF6UB9I=w148-h148-n-k-no"
        },
        {
            "title": "Akershus Fortress",
            "category": "Fortress",
            "img": "https://lh5.googleusercontent.com/p/AF1QipPBaXnN5dancDRMAcLReeW8rdiY1Aa2gwEzM_FQ=w148-h148-n-k-no"
        },
        {
            "title": "The Fram Museum",
            "category": "History museum",
            "url": "https://frammuseum.no/",
            "img": "https://lh5.googleusercontent.com/p/AF1QipMiTjAmGmMG3AW9npZhN_6LNRqxKOlDurlQ3QUJ=w148-h148-n-k-no"
        },
        {
            "title": "Bryggen",
            "category": "Historical place",
            "url": "https://stiftelsenbryggen.no/",
            "img": "https://lh5.googleusercontent.com/p/AF1QipNLZS6OspHh2wJDxWFDK3tnK6chKG_BfVsphCD2=w148-h148-n-k-no"
        },
        {
            "title": "Viking Ship Museum",
            "category": "History museum",
            "url": "https://www.khm.uio.no/besok-oss/vikingskipshuset/",
            "img": "https://lh5.googleusercontent.com/p/AF1QipNR3JhusYxkIwXTjqwdFHVJI_I4K7LMfg98-nWt=w148-h148-n-k-no"
        },
        {
            "title": "The Norwegian Museum of Cultural History",
            "category": "History museum",
            "url": "https://norskfolkemuseum.no/",
            "img": "https://lh5.googleusercontent.com/p/AF1QipMZBqNveT61iLlO_8bYtmo7OAwoBnGhulQjn_Xo=w148-h148-n-k-no"
        },
        {
            "title": "The National Museum",
            "category": "Art museum",
            "url": "http://www.nasjonalmuseet.no/",
            "img": "https://lh5.googleusercontent.com/p/AF1QipOOudYnDgol7YKxr2txY97KnIwwEa76pzZw0wY-=w148-h148-n-k-no"
        },
        {
            "title": "Holmenkollen Ski Museum",
            "category": "Museum",
            "url": "http://www.holmenkollen.com/",
            "img": "https://lh5.googleusercontent.com/p/AF1QipNfCdeI7rCzwH_qtUV4He2HqeBy7jZowaTtJpk=w148-h148-n-k-no"
        },
        {
            "title": "North Cape",
            "category": "Historical place",
            "url": "http://www.visitnordkapp.net/",
            "img": "https://lh5.googleusercontent.com/p/AF1QipPtXtmGoAI-2OsRNdmQpmRPLAAe8bYaySp7JqI=w148-h148-n-k-no"
        },
        {
            "title": "Munch",
            "category": "Museum",
            "url": "http://munchmuseet.no/",
            "img": "https://lh5.googleusercontent.com/p/AF1QipPVmT5ftckIT38HUOZUWHJ23D5ZHR4Ynf8EXOBA=w148-h148-n-k-no"
        },
        {
            "title": "Oslo Opera House",
            "category": "Opera house",
            "url": "https://operaen.no/",
            "img": "https://lh5.googleusercontent.com/p/AF1QipMwz8pUKD73kRf39ox6fhrmZ9wlvltT1MENylL3=w148-h148-n-k-no"
        },
        {
            "title": "Fløibanen - mountain cable car",
            "category": "Mountain cable car",
            "url": "https://www.floyen.no/",
            "img": "https://lh3.googleusercontent.com/proxy/5KzUn4DFCf05EgW8aB-ZsstU4MAh9JBxNBmrwbMyLe6bwBaZHprKv1W8OuK_YW1NgSZTwHS_r7T_VgEDF2kCiwU-wEa8bvlHUowreprKnbUoUdcPqZjmM8AOFT4lPnAke2qcnS1L1KPIWD8eXzS1xehl37O-e80=w148-h148-n-k-no"
        },
        {
            "title": "Oslo",
            "category": "Locality",
            "img": "https://lh5.googleusercontent.com/p/AF1QipPDNSYz6bLqX2tPmz1pAEFApyjZW0mL9sCNxHfD=w148-h148-n-k-no"
        },
        {
            "title": "Pulpit Rock",
            "category": "Cliff",
            "url": "http://www.regionstavanger.com/no/ATTRAKSJONER/Fjell/?TLp=40142&Preikestolen=",
            "img": "https://lh5.googleusercontent.com/p/AF1QipMZdL1iXyMwB7uvDsixPttfBi2amdyLgHG1zOBR=w148-h148-n-k-no"
        },
        {
            "title": "Stavanger",
            "category": "Locality",
            "img": "https://lh5.googleusercontent.com/p/AF1QipNGi_XEmEhj38CpR22wSqPTJBpmrGXCekdWLsHr=w148-h148-n-k-no"
        },
        {
            "title": "Lofoten",
            "category": "Archipelago",
            "img": "https://lh5.googleusercontent.com/p/AF1QipPjCov5K-8-GMCg-HFmfjoaapXgNc-B9fqKQvnr=w148-h148-n-k-no"
        }
    ]
}