{
    "cities": {
        "Bharatpur": [
            {
                "title": "Devghat Dham",
                "category": "Hindu temple",
                "url": "http://www.devghat.org.np/",
                "img": "https://lh5.googleusercontent.com/p/AF1QipN4tIDEeV0AP017VxdlAsq9XiOu9m8Nqu484Y2j=w148-h148-n-k-no"
            },
            {
                "title": "Kathmandu Durbar Square",
                "category": "Plaza",
                "img": "https://lh5.googleusercontent.com/p/AF1QipN_hWdqAyQSObA_nbuYo6-oe7Y84tQqekseZ_Xk=w148-h148-n-k-no"
            },
            {
                "title": "New Sauraha Tharu Cultural House",
                "category": "Cultural centre",
                "img": "https://lh5.googleusercontent.com/p/AF1QipOrbhh-CagOKxjCL1fBCUPPhlnzyRPUZoCfUtVS=w148-h148-n-k-no"
            },
            {
                "title": "Manakamana Temple",
                "category": "Hindu temple",
                "url": "https://www.facebook.com/profile.php?id=61557545273724",
                "img": "https://lh5.googleusercontent.com/p/AF1QipOshZ8IVDzPkpvTj77ZmzE7OD_dfy5808nydLaJ=w148-h148-n-k-no"
            },
            {
                "title": "Tikauli Jungle",
                "category": "National park",
                "img": "https://lh5.googleusercontent.com/p/AF1QipM_7itiRG3zPabFGEBPrPGzJ9Z1LbDGFHje7gFm=w148-h148-n-k-no"
            },
            {
                "title": "Tharu Cultural Museum & Research Center",
                "category": "National museum",
                "img": "https://lh5.googleusercontent.com/p/AF1QipMnDhAvoqUt4iFa9Y4lWbCAI8IPp100TrjVCmpt=w148-h148-n-k-no"
            },
            {
                "title": "SAURAHA THARU VILLAGE PVT LTD",
                "category": "Museum",
                "img": "https://lh5.googleusercontent.com/p/AF1QipNHRif92NsHUKBLArJ0aLoNtRS0Bp4CLnHW4QTu=w148-h148-n-k-no"
            },
            {
                "title": "Elephant Breeding Center",
                "category": "Wildlife rescue service",
                "url": "http://junglesafarilodge.com/visit-to-elephant-breeding-center-chitwan/",
                "img": "https://lh5.googleusercontent.com/p/AF1QipOUm1FZIuTEsnjyOEIn8Id7iTy3pzXwkWihfOBU=w148-h148-n-k-no"
            },
            {
                "title": "Bis Hazari Lake",
                "category": "Lake",
                "img": "https://lh5.googleusercontent.com/p/AF1QipPcrlCXgbrAwDcTnFbv_YT9hvuET7GRFavZNV2b=w148-h148-n-k-no"
            },
            {
                "title": "irene spa",
                "category": "Spa and health club",
                "url": "https://www.facebook.com/IreneSpanepal",
                "img": "https://lh5.googleusercontent.com/p/AF1QipO9bEIq9DarTPU7RFitn4d7UCZznMLJ_YLJAQnq=w148-h148-n-k-no"
            },
            {
                "title": "Senses Spa and Wellness - Siraichuli Hotel",
                "category": "Spa",
                "url": "https://www.thesensesspa.com/chitwan",
                "img": "https://lh5.googleusercontent.com/p/AF1QipONmA-62LxanfTjWZB1Na-nsvekqcgbJoYy4sA=w148-h148-n-k-no"
            },
            {
                "title": "Phewa Lake",
                "category": "Lake",
                "img": "https://lh5.googleusercontent.com/p/AF1QipNdu5OF1YucfXVyRjuv12dExGX_RHewGeo0oeEE=w148-h148-n-k-no"
            },
            {
                "title": "Senses Spa and Wellness",
                "category": "Health spa",
                "url": "http://www.thesensesspa.com/",
                "img": "https://lh5.googleusercontent.com/p/AF1QipMSdt4FwTnW0Hu7NhXRFqEaDNVrG8f8iCBNduCs=w148-h148-n-k-no"
            },
            {
                "title": "CG Shashwatdham",
                "category": "Religious destination",
                "url": "https://shashwatdham.org/",
                "img": "https://lh5.googleusercontent.com/p/AF1QipOlT8EcDlRooRUFJOGQcR_2o6mqwFqzIBzxWsXS=w148-h148-n-k-no"
            },
            {
                "title": "Chitwan National Park",
                "category": "National park",
                "url": "https://chitwannationalpark.gov.np/",
                "img": "https://lh5.googleusercontent.com/p/AF1QipONixYmcM6pbzl-vKKTPmmzEdkdWYQnUE9cFYh2=w148-h148-n-k-no"
            },
            {
                "title": "Pokhara",
                "category": "Locality",
                "img": "https://lh5.googleusercontent.com/p/AF1QipMlARoKYZoVbTqJ0WeRKuCnQhJCX8vf79T8k0we=w148-h148-n-k-no"
            }
        ],
        "Siddharthanagar": [
            {
                "title": "Pashupatinath Temple",
                "category": "Hindu temple",
                "url": "https://kathmandu.gov.np/heritage/pashupatinath-temple/?lang=en",
                "img": "https://lh5.googleusercontent.com/p/AF1QipNsDWKYCJLEyPh-rGM5PDMK-F1AN_ibmUSYh66C=w148-h148-n-k-no"
            },
            {
                "title": "Kathmandu Durbar Square",
                "category": "Plaza",
                "img": "https://lh5.googleusercontent.com/p/AF1QipN_hWdqAyQSObA_nbuYo6-oe7Y84tQqekseZ_Xk=w148-h148-n-k-no"
            },
            {
                "title": "Buddha Stupa",
                "category": "Buddhist temple",
                "img": "https://lh5.googleusercontent.com/p/AF1QipNlESw14fp4CMcfzEFMHdY-dyg8vrm_PumhDcHq=w148-h148-n-k-no"
            },
            {
                "title": "Bhaktapur Durbar Square",
                "category": "Tourist attraction",
                "img": "https://lh5.googleusercontent.com/p/AF1QipNio96g7odSWRcgSPn-QMrvKTrIwH7ukzZY6Dj1=w148-h148-n-k-no"
            },
            {
                "title": "Patan Darbar Square",
                "category": "Historical landmark",
                "url": "http://www.patanmuseum.gov.np/",
                "img": "https://lh5.googleusercontent.com/p/AF1QipNcHvhs0kjQCizhzL_DZuni04eQOrYPqGEzP2mS=w148-h148-n-k-no"
            },
            {
                "title": "World Peace Pagoda",
                "category": "Buddhist temple",
                "img": "https://lh5.googleusercontent.com/p/AF1QipMT9CaAWiO5HxQg-h1EGTkQf-IpcYQ5RC1KVrE0=w148-h148-n-k-no"
            },
            {
                "title": "Kopan Monastery",
                "category": "Research institute",
                "url": "http://www.kopanmonastery.com/",
                "img": "https://lh5.googleusercontent.com/p/AF1QipPwSmLoGcCz6EIsnvaDwIP-NC9ImGOBx0139_Aq=w148-h148-n-k-no"
            },
            {
                "title": "Swoyambhu Mahachaitya",
                "category": "Buddhist temple",
                "img": "https://lh5.googleusercontent.com/p/AF1QipP79vS0dp9iE7ij0eomO65Fb0gF_IzLwsqjv0m5=w148-h148-n-k-no"
            },
            {
                "title": "Thamel",
                "category": "Neighborhood",
                "img": "https://lh5.googleusercontent.com/p/AF1QipNHjiylUI-GTGy31u1TPn2dIHYc948mTd4e9rer=w148-h148-n-k-no"
            }
        ],
        "Triyuga": [
            {
                "title": "Patan Darbar Square",
                "category": "Historical landmark",
                "url": "http://www.patanmuseum.gov.np/",
                "img": "https://lh5.googleusercontent.com/p/AF1QipNcHvhs0kjQCizhzL_DZuni04eQOrYPqGEzP2mS=w148-h148-n-k-no"
            },
            {
                "title": "Narayanhiti Royal Palace",
                "category": "Government office",
                "url": "http://narayanhitipalacemuseum.com/",
                "img": "https://lh5.googleusercontent.com/p/AF1QipMVuoHCIQaVTgzVSMBPiAuAyQ2qyo1COMTQnEZk=w148-h148-n-k-no"
            },
            {
                "title": "Himalayan Spa",
                "category": "Spa and health club",
                "url": "http://www.himalayanbodycare.com/",
                "img": "https://lh5.googleusercontent.com/p/AF1QipN6CZpIuiiDwQ-UnsgbltWAriwFZQ0xeZBgxhP3=w148-h148-n-k-no"
            },
            {
                "title": "Nepal Yoga Home",
                "category": "Yoga studio",
                "url": "http://nepalyogahome.com/",
                "img": "https://lh5.googleusercontent.com/p/AF1QipOGTuBZRaHr4yI9IR1KYxBB7Sz62EZtkYvBcMPl=w148-h148-n-k-no"
            },
            {
                "title": "Everest Base Camp",
                "category": "Campsite",
                "img": "https://lh5.googleusercontent.com/p/AF1QipO6rJzu_sBynucwIdHbfHJezErPyAtms_mcIhUS=w148-h148-n-k-no"
            },
            {
                "title": "Serenity Spa",
                "category": "Day spa",
                "url": "http://www.tranquilityspa.com.np/",
                "img": "https://lh5.googleusercontent.com/p/AF1QipNURwS51XoHEgfeyNl7OeJKcZE3kDTxhwGtKfv1=w148-h148-n-k-no"
            },
            {
                "title": "(סוכנות טרקים בנפאל) Shalom Treks שלום טרקס",
                "category": "Travel Agent",
                "url": "https://shalomtreks.com/",
                "img": "https://lh5.googleusercontent.com/p/AF1QipNROd6tAZLo3_sZrpk75AhR2OwBZLDKFFPCWTgI=w148-h148-n-k-no"
            },
            {
                "title": "Trekkers Bar",
                "category": "Sports bar",
                "img": "https://lh5.googleusercontent.com/p/AF1QipPzG7iej4mqlH27E1-QzoX9FPLJ46YqXb_pao8c=w148-h148-n-k-no"
            },
            {
                "title": "Sawar Meditation & Yoga Center",
                "category": "Yoga Retreat Centre",
                "url": "http://www.sawaryoga.com.np/",
                "img": "https://lh5.googleusercontent.com/p/AF1QipO9Ka1hgoVu2CIdbFCZGdoPIVgTHPeFf4Xu67oT=w148-h148-n-k-no"
            },
            {
                "title": "Nepalrudraksha.com",
                "category": "Religious Goods Shop",
                "url": "https://nepalrudraksha.com/",
                "img": "https://lh5.googleusercontent.com/p/AF1QipMuzJ2sLgA9sj7q6cRH0SEq_U-38C-ExaylnhSD=w148-h148-n-k-no"
            },
            {
                "title": "Himalayan Leaders",
                "category": "Tour operator",
                "url": "https://www.himalayanleaders.com/",
                "img": "https://lh5.googleusercontent.com/p/AF1QipNqmIchnrr2uYqADes8PkWJJYBgKnr2D_tkg74d=w148-h148-n-k-no"
            },
            {
                "title": "2 Sisters Nepal Cooking School, Kathmandu",
                "category": "Cooking Class",
                "url": "https://2sistersnepalcookingschool.com/",
                "img": "https://lh5.googleusercontent.com/p/AF1QipPuOK6fim32qIj_XHV3HY2TYzAe2P4NTbZcoFPb=w148-h148-n-k-no"
            },
            {
                "title": "Ayurveda Health Home - Dhapasi Center",
                "category": "Ayurvedic clinic",
                "url": "https://ayurveda.com.np/dhapasi-center",
                "img": "https://lh5.googleusercontent.com/p/AF1QipMK2QUli1ee4xTdmlVKmbQvTzTB4U1Y__84wLsP=w148-h148-n-k-no"
            },
            {
                "title": "Kathmandu Urban Adventures",
                "category": "Tour operator",
                "img": "https://lh5.googleusercontent.com/p/AF1QipPYJ1fH3dDc5JjuEhMSeVL7Tdj868lbVqrAF0jH=w148-h148-n-k-no"
            },
            {
                "title": "Ama Dablam",
                "category": "Mountain peak",
                "img": "https://lh5.googleusercontent.com/p/AF1QipNW8-e8qnzHUPvtHX2TfRsXkXr2u3k9CGpow_CN=w148-h148-n-k-no"
            },
            {
                "title": "Changunarayan",
                "category": "Locality",
                "img": "https://lh5.googleusercontent.com/p/AF1QipO4tBhTeRSikaH-weZFiWkbimSPeJDteQxQbugN=w148-h148-n-k-no"
            }
        ],
        "Nepalgunj": [
            {
                "title": "Gayatri Mandir",
                "category": "Hindu temple",
                "img": "https://lh5.googleusercontent.com/p/AF1QipPLuwTCispbXH_IuS6KyDlcz9SLDyXWqJpECZKE=w148-h148-n-k-no"
            },
            {
                "title": "Kankre Bihar Surkhet",
                "category": "Historical landmark",
                "img": "https://lh5.googleusercontent.com/p/AF1QipPSMhEJfOoemTToVrR7oloTFSBOBMoZIWzPN2Mx=w148-h148-n-k-no"
            },
            {
                "title": "Bardiya National Park Office, Thakurdwara",
                "category": "National park",
                "img": "https://lh5.googleusercontent.com/p/AF1QipPZs7m_QIAuXKF_Re7WYPhbQUj3H-_hhumeJGFZ=w148-h148-n-k-no"
            },
            {
                "title": "वीरेन्द्र चोक Birendra Chowk",
                "category": "Park and Garden",
                "img": "https://lh5.googleusercontent.com/p/AF1QipOQYpgpBF4jKS0yTF5MS91_u_VQ_OdQnXnUbggj=w148-h148-n-k-no"
            },
            {
                "title": "Sonpathari",
                "category": "Hindu temple",
                "img": "https://lh5.googleusercontent.com/p/AF1QipOb4IJRZ3sgI6YHMWts63XkrG28ebhhOBPmuAVJ=w148-h148-n-k-no"
            },
            {
                "title": "वि.पि. चाेक",
                "category": "Historical landmark",
                "img": "https://lh5.googleusercontent.com/p/AF1QipN6Vvg4GIyWbJJ2k9-ZiG627mE2DWlx3UTmZMsE=w148-h148-n-k-no"
            },
            {
                "title": "Mahendra Stadium",
                "category": "Stadium",
                "img": "https://lh5.googleusercontent.com/p/AF1QipMYpDoSeAGmXspwEN4Q84JdiEyhpjdlYMrHPz53=w148-h148-n-k-no"
            },
            {
                "title": "Mahendra Park",
                "category": "Park and Garden",
                "img": "https://lh5.googleusercontent.com/p/AF1QipPh6SBw0a5Mh_T3LJNGnhz3bIaBJLx-t0pziQE9=w148-h148-n-k-no"
            },
            {
                "title": "Bageshwori Temple",
                "category": "Hindu temple",
                "img": "https://lh5.googleusercontent.com/p/AF1QipOOBYlFzKtDR-lT6rzhiXtJaXz5UXNaw36KOx7q=w148-h148-n-k-no"
            },
            {
                "title": "Happy World Water Park Banke",
                "category": "Amusement park",
                "img": "https://lh5.googleusercontent.com/p/AF1QipNW1i7AGKldkwWZHlRO7RaQATVpiPxi7o306L_W=w148-h148-n-k-no"
            },
            {
                "title": "QFX Cinemas, Bageshwori, Nepalgunj",
                "category": "Cinema",
                "url": "https://www.qfxcinemas.com/home",
                "img": "https://lh5.googleusercontent.com/p/AF1QipOpBX6UwUwk_z12MSm8UyfBGCZGUx3nqhVzCQdl=w148-h148-n-k-no"
            },
            {
                "title": "Wonderland Water Park",
                "category": "Water park",
                "img": "https://lh5.googleusercontent.com/p/AF1QipOxKZ3K4EiNFVoUHM_8F6ZUDLVs0l3UMzz2xJBt=w148-h148-n-k-no"
            },
            {
                "title": "Kohalpur Chowk",
                "category": "Historical landmark",
                "img": "https://lh5.googleusercontent.com/p/AF1QipOlQcohH-BQiNnBWjJXyvg0hRJdkBqnkYLGVMnu=w148-h148-n-k-no"
            },
            {
                "title": "Bardiya National Park",
                "category": "National park",
                "url": "https://bardianationalpark.gov.np/ne/",
                "img": "https://lh5.googleusercontent.com/p/AF1QipNSzxVEE3DjFdEWH0cveJswiXvDtz8y9Bgs58UV=w148-h148-n-k-no"
            }
        ],
        "Dharān": [
            {
                "title": "Tirtha भिर",
                "category": "Hiking area",
                "img": "https://lh5.googleusercontent.com/p/AF1QipNoGxhOor9JFFsY-2xy00h-2N_iLAwqbr5uRKGC=w148-h148-n-k-no"
            },
            {
                "title": "Karkichhap",
                "category": "Hiking area",
                "img": "https://lh5.googleusercontent.com/p/AF1QipN3BFDPL18TR1SjZQqcmfCd54eHBh0GKy6pNQyO=w148-h148-n-k-no"
            },
            {
                "title": "Panchkanya",
                "category": "Neighborhood",
                "img": "https://lh5.googleusercontent.com/p/AF1QipNTQex381DnAgwQwO6p2DgfBRJwRV19RaYlxgTV=w148-h148-n-k-no"
            },
            {
                "title": "DanaBari",
                "category": "Hiking area",
                "url": "https://lekbesi.com/park-garden/danabari-dharan/",
                "img": "https://lh5.googleusercontent.com/p/AF1QipPv3LLoE5cQSsOJNeYrg_gEQEEVbvu3It9kdXw9=w148-h148-n-k-no"
            },
            {
                "title": "Dantakali Temple",
                "category": "Hindu temple",
                "img": "https://lh5.googleusercontent.com/p/AF1QipPZsLxjCTLdryK2EXqmIVYBA4fhXc5WlvuTDZVN=w148-h148-n-k-no"
            },
            {
                "title": "Dharan Clock Tower",
                "category": "Park and Garden",
                "img": "https://lh5.googleusercontent.com/p/AF1QipPKyI3oaZEz4ishjEPmSi6gQLkdjxpWT6Gdg0sf=w148-h148-n-k-no"
            },
            {
                "title": "Namche Bazar",
                "category": "Neighborhood",
                "img": "https://lh5.googleusercontent.com/p/AF1QipPJmfro1Mxm4Ddps1bR5axiUxXrVY34Sd9VSBzV=w148-h148-n-k-no"
            },
            {
                "title": "Namaste Jharana",
                "category": "Tourist attraction",
                "img": "https://lh5.googleusercontent.com/p/AF1QipN0xSgfHtainzvJQHordjInAlP_Gix4--nA7Pou=w148-h148-n-k-no"
            },
            {
                "title": "Everest Base Camp Trek",
                "category": "Hiking area",
                "url": "https://www.everestbasecamptrek.info/",
                "img": "https://lh5.googleusercontent.com/p/AF1QipMkaOHVn9QLzCChrgx8EL3KTUnbYyGrIDPBUVGt=w148-h148-n-k-no"
            },
            {
                "title": "Nagarkot",
                "category": "Neighborhood",
                "img": "https://lh5.googleusercontent.com/p/AF1QipMTS2K5k-TpldixkeLwuxl0VDyx_dB4qO2QHsQK=w148-h148-n-k-no"
            },
            {
                "title": "Wow Fashion School - Dharan",
                "category": "Fashion design school",
                "url": "https://wowfashionschool.com.np/",
                "img": "https://lh5.googleusercontent.com/p/AF1QipO-JnFBQRlgUwSIZObrYuqOCVaIcSJm4U1wKH5a=w148-h148-n-k-no"
            },
            {
                "title": "VokLaagyo",
                "category": "Meal Delivery",
                "url": "https://voklaagyo.app.link/",
                "img": "https://lh5.googleusercontent.com/p/AF1QipO2U9ZEjCJZgCarMANIXLseLtSJc6YpGuGFrcLT=w148-h148-n-k-no"
            },
            {
                "title": "Budhasubba Temple",
                "category": "Hindu temple",
                "img": "https://lh5.googleusercontent.com/p/AF1QipO2K25aUncaNRCW9wRC6bWjUSDEEhtQjBj25-ZI=w148-h148-n-k-no"
            },
            {
                "title": "Shiva Jatta, Shiva Temple",
                "category": "Hindu temple",
                "img": "https://lh5.googleusercontent.com/p/AF1QipOM0bqJGcogmCKQuYw0QdETBTsodqyi0ZGkk0TC=w148-h148-n-k-no"
            },
            {
                "title": "Pindeshwor Shiva Temple",
                "category": "Hindu temple",
                "img": "https://lh5.googleusercontent.com/p/AF1QipPzsDC7MXY4FNjtrbvBwvUVzPGNNvnZsmL5jKBv=w148-h148-n-k-no"
            },
            {
                "title": "Panchakanya Temple ᤛᤣᤘᤠᤖᤥ",
                "category": "Hindu temple",
                "img": "https://lh5.googleusercontent.com/p/AF1QipPlrozMYg5kFq8LfRKy-7jDCIZqI2AxNUrcoXtv=w148-h148-n-k-no"
            }
        ],
        "Kathmandu": [
            {
                "title": "Pashupatinath Temple",
                "category": "Hindu temple",
                "url": "https://kathmandu.gov.np/heritage/pashupatinath-temple/?lang=en",
                "img": "https://lh5.googleusercontent.com/p/AF1QipNsDWKYCJLEyPh-rGM5PDMK-F1AN_ibmUSYh66C=w148-h148-n-k-no"
            },
            {
                "title": "Buddha Stupa",
                "category": "Buddhist temple",
                "img": "https://lh5.googleusercontent.com/p/AF1QipNlESw14fp4CMcfzEFMHdY-dyg8vrm_PumhDcHq=w148-h148-n-k-no"
            },
            {
                "title": "Swoyambhu Mahachaitya",
                "category": "Buddhist temple",
                "img": "https://lh5.googleusercontent.com/p/AF1QipP79vS0dp9iE7ij0eomO65Fb0gF_IzLwsqjv0m5=w148-h148-n-k-no"
            },
            {
                "title": "Kathmandu Durbar Square",
                "category": "Plaza",
                "img": "https://lh5.googleusercontent.com/p/AF1QipN_hWdqAyQSObA_nbuYo6-oe7Y84tQqekseZ_Xk=w148-h148-n-k-no"
            },
            {
                "title": "Garden of Dreams",
                "category": "Tourist attraction",
                "url": "http://www.gardenofdreams.org.np/",
                "img": "https://lh5.googleusercontent.com/p/AF1QipPBQjQmlecutMBTHp79DveB63fizSCwpKQ9P0rd=w148-h148-n-k-no"
            },
            {
                "title": "Narayanhiti Royal Palace",
                "category": "Government office",
                "url": "http://narayanhitipalacemuseum.com/",
                "img": "https://lh5.googleusercontent.com/p/AF1QipMVuoHCIQaVTgzVSMBPiAuAyQ2qyo1COMTQnEZk=w148-h148-n-k-no"
            },
            {
                "title": "Hanuman Dhoka",
                "category": "Historical landmark",
                "img": "https://lh5.googleusercontent.com/p/AF1QipMBqjTVXVqcMCap8PWWqV0WvD_RE7-eOGvHvT4b=w148-h148-n-k-no"
            },
            {
                "title": "Taleju Bhawani Temple",
                "category": "Hindu temple",
                "img": "https://lh5.googleusercontent.com/p/AF1QipMLFA_ROxVo15LtfuPE8aO9I1jGs9AddVaNj-gf=w148-h148-n-k-no"
            },
            {
                "title": "Patan Darbar Square",
                "category": "Historical landmark",
                "url": "http://www.patanmuseum.gov.np/",
                "img": "https://lh5.googleusercontent.com/p/AF1QipNcHvhs0kjQCizhzL_DZuni04eQOrYPqGEzP2mS=w148-h148-n-k-no"
            },
            {
                "title": "Kumari Ghar",
                "category": "Place of worship",
                "img": "https://lh5.googleusercontent.com/p/AF1QipOAIOV2Z97A588-cp9CWeAGTAOLEFjHvgHG-anH=w148-h148-n-k-no"
            },
            {
                "title": "Shree Kaal Bhairav Temple",
                "category": "Hindu temple",
                "img": "https://lh5.googleusercontent.com/p/AF1QipMaNEFKS6DgQ2KXzobKT8QhNc9KjJjBkF_IqemG=w148-h148-n-k-no"
            },
            {
                "title": "Asan Bazar",
                "category": "Market",
                "img": "https://lh5.googleusercontent.com/p/AF1QipMF6uOIUnXxYFkbgT5zqQL7gQ6DBvQcvlTu4Shm=w148-h148-n-k-no"
            },
            {
                "title": "National Museum of Nepal",
                "category": "National museum",
                "url": "http://www.nationalmuseum.gov.np/",
                "img": "https://lh5.googleusercontent.com/p/AF1QipMk9ko04oJOYjD8ryX4D6q7tSWTaJlsUPr8T-Ew=w148-h148-n-k-no"
            },
            {
                "title": "Kathmandu Valley",
                "category": "Ravine",
                "img": "https://lh5.googleusercontent.com/p/AF1QipPYrpjpKAK_HVERTzbSe2DHPIEHPThnu570aYWx=w148-h148-n-k-no"
            },
            {
                "title": "Budhanilkantha Temple",
                "category": "Hindu temple",
                "img": "https://lh5.googleusercontent.com/p/AF1QipMrjkHPPaKkp7qy94M1Vy07u9vPChXoPy6vq0d6=w148-h148-n-k-no"
            },
            {
                "title": "अशोक विनायक मन्दिर",
                "category": "Hindu temple",
                "img": "https://lh5.googleusercontent.com/p/AF1QipN6eCjCoxcyAEInEr04xNd6GhDBtBgoyRizQltS=w148-h148-n-k-no"
            }
        ],
        "Gulariyā": [
            {
                "title": "Blackbuck Conservation Area",
                "category": "Wildlife Refuge",
                "img": "https://lh5.googleusercontent.com/p/AF1QipM3CuZoElzVRG3vFzNAVRdXPSWGcXiMl8bXDgws=w148-h148-n-k-no"
            },
            {
                "title": "Bageshwori Temple",
                "category": "Hindu temple",
                "img": "https://lh5.googleusercontent.com/p/AF1QipOOBYlFzKtDR-lT6rzhiXtJaXz5UXNaw36KOx7q=w148-h148-n-k-no"
            },
            {
                "title": "Bardiya National Park",
                "category": "National park",
                "img": "https://lh5.googleusercontent.com/p/AF1QipNSzxVEE3DjFdEWH0cveJswiXvDtz8y9Bgs58UV=w148-h148-n-k-no"
            },
            {
                "title": "Bardiya National Park Office, Thakurdwara",
                "category": "National park",
                "img": "https://lh5.googleusercontent.com/p/AF1QipPZs7m_QIAuXKF_Re7WYPhbQUj3H-_hhumeJGFZ=w148-h148-n-k-no"
            },
            {
                "title": "Tikapur Park",
                "category": "Park and Garden",
                "img": "https://lh5.googleusercontent.com/p/AF1QipNcQYLO7S-gDoP99mYPpkK79J8i7gn6K0GTrtBv=w148-h148-n-k-no"
            },
            {
                "title": "QFX Cinemas, Bageshwori, Nepalgunj",
                "category": "Cinema",
                "img": "https://lh5.googleusercontent.com/p/AF1QipOpBX6UwUwk_z12MSm8UyfBGCZGUx3nqhVzCQdl=w148-h148-n-k-no"
            },
            {
                "title": "Kohalpur Chowk",
                "category": "Historical landmark",
                "img": "https://lh5.googleusercontent.com/p/AF1QipOlQcohH-BQiNnBWjJXyvg0hRJdkBqnkYLGVMnu=w148-h148-n-k-no"
            },
            {
                "title": "वीरेन्द्र चोक Birendra Chowk",
                "category": "Park and Garden",
                "img": "https://lh5.googleusercontent.com/p/AF1QipOQYpgpBF4jKS0yTF5MS91_u_VQ_OdQnXnUbggj=w148-h148-n-k-no"
            },
            {
                "title": "Mahendra Stadium",
                "category": "Stadium",
                "img": "https://lh5.googleusercontent.com/p/AF1QipMYpDoSeAGmXspwEN4Q84JdiEyhpjdlYMrHPz53=w148-h148-n-k-no"
            },
            {
                "title": "Wonderland Water Park",
                "category": "Water park",
                "img": "https://lh5.googleusercontent.com/p/AF1QipOxKZ3K4EiNFVoUHM_8F6ZUDLVs0l3UMzz2xJBt=w148-h148-n-k-no"
            },
            {
                "title": "World Peace Pagoda",
                "category": "Buddhist temple",
                "img": "https://lh5.googleusercontent.com/p/AF1QipMT9CaAWiO5HxQg-h1EGTkQf-IpcYQ5RC1KVrE0=w148-h148-n-k-no"
            },
            {
                "title": "Kankre Bihar Surkhet",
                "category": "Historical landmark",
                "img": "https://lh5.googleusercontent.com/p/AF1QipPSMhEJfOoemTToVrR7oloTFSBOBMoZIWzPN2Mx=w148-h148-n-k-no"
            }
        ],
        "Madhyapur Thimi": [
            {
                "title": "Balkumari Temple",
                "category": "Hindu temple",
                "img": "https://lh5.googleusercontent.com/p/AF1QipPDHZ0kPkNI8_uFqVTghO0nXRV9qocPedToUZgs=w148-h148-n-k-no"
            },
            {
                "title": "Swayambhu Buddha Park - Ring Road",
                "category": "Park and Garden",
                "img": "https://lh5.googleusercontent.com/p/AF1QipPmI3ldz1HKbWQtx3m1FIwesYZhAnhYjq7M63_J=w148-h148-n-k-no"
            },
            {
                "title": "TU Cricket Ground",
                "category": "Stadium",
                "img": "https://lh5.googleusercontent.com/p/AF1QipMuXrqi9i5-z7SyjX5hOU-z-2Q1fQtqt34MGrSI=w148-h148-n-k-no"
            },
            {
                "title": "Guhyeshwari Shaktipeeth Temple",
                "category": "Hindu temple",
                "img": "https://lh5.googleusercontent.com/p/AF1QipNhFsp2HC4ycJlTxB5OIZY4HIZoJy0DZGsI7Tkh=w148-h148-n-k-no"
            },
            {
                "title": "Gokarneshwor Mahadev",
                "category": "Hindu temple",
                "img": "https://lh5.googleusercontent.com/p/AF1QipOEULKHCOmFlQwX7sA2Kmf8IHjKf6MRV6hP8Mak=w148-h148-n-k-no"
            },
            {
                "title": "Dhanyentari Futsal",
                "category": "Futsal court",
                "img": "https://lh5.googleusercontent.com/p/AF1QipO0QO91ZdGAG_CjLbixAVQJPlLWDbZxrpPvtj6y=w148-h148-n-k-no"
            },
            {
                "title": "Shree Kaal Bhairav Temple",
                "category": "Hindu temple",
                "img": "https://lh5.googleusercontent.com/p/AF1QipMaNEFKS6DgQ2KXzobKT8QhNc9KjJjBkF_IqemG=w148-h148-n-k-no"
            },
            {
                "title": "Budhanilkantha Temple",
                "category": "Hindu temple",
                "img": "https://lh5.googleusercontent.com/p/AF1QipMrjkHPPaKkp7qy94M1Vy07u9vPChXoPy6vq0d6=w148-h148-n-k-no"
            },
            {
                "title": "Ghyampe Danda",
                "category": "Hiking area",
                "img": "https://lh5.googleusercontent.com/p/AF1QipMpFdFXydsj6qSPcS6J5lfHz5Pi_q-_tONsXu7H=w148-h148-n-k-no"
            },
            {
                "title": "Dhuku Sports Hub",
                "category": "Sports club",
                "url": "http://www.facebook.com/dhukufutsal",
                "img": "https://lh5.googleusercontent.com/p/AF1QipO_AtDoKjcFn0wqhfYa70btg8akVhhyY-k0bsXP=w148-h148-n-k-no"
            },
            {
                "title": "Velocity Arena- Nepal cricket school",
                "category": "Sports complex",
                "img": "https://lh5.googleusercontent.com/p/AF1QipO3YOHTp-CPIap6octS5vHZozogSq_apQL868mn=w148-h148-n-k-no"
            },
            {
                "title": "City Centre",
                "category": "Shopping Centre",
                "img": "https://lh5.googleusercontent.com/p/AF1QipNUreAokMYRM_Z90dJ1WvnCkkYw0Tmct4W1hik1=w148-h148-n-k-no"
            },
            {
                "title": "Shankhamul Futsal",
                "category": "Futsal court",
                "img": "https://lh5.googleusercontent.com/p/AF1QipOllJmio_w293uWC-ZbHggBmhpovjC0BMe96wPO=w148-h148-n-k-no"
            },
            {
                "title": "Dakshinkali Temple",
                "category": "Hindu temple",
                "url": "https://www.facebook.com/profile.php?id=61557757166663",
                "img": "https://lh5.googleusercontent.com/p/AF1QipNoALtsOR-7WqMZBuk3yAZMVqC1PainKgAiea9v=w148-h148-n-k-no"
            },
            {
                "title": "Kopan Monastery",
                "category": "Research institute",
                "url": "http://www.kopanmonastery.com/",
                "img": "https://lh5.googleusercontent.com/p/AF1QipPwSmLoGcCz6EIsnvaDwIP-NC9ImGOBx0139_Aq=w148-h148-n-k-no"
            },
            {
                "title": "Shivapuri Nagarjun National Park",
                "category": "National park",
                "url": "http://www.snnp.gov.np/",
                "img": "https://lh5.googleusercontent.com/p/AF1QipNZyVh-CEj-jo5qiCuhvCWhPPiYD-LJZDGYhtwl=w148-h148-n-k-no"
            }
        ],
        "Rājbirāj": [
            {
                "title": "Hanuman Dhoka",
                "category": "Historical landmark",
                "img": "https://lh5.googleusercontent.com/p/AF1QipMBqjTVXVqcMCap8PWWqV0WvD_RE7-eOGvHvT4b=w148-h148-n-k-no"
            },
            {
                "title": "Sagarmatha National Park",
                "category": "National park",
                "img": "https://lh5.googleusercontent.com/p/AF1QipMqfAXwhanpkBl0JDWyfjsMBiuXbHRBBKIHBCnO=w148-h148-n-k-no"
            },
            {
                "title": "Namo Buddha Stupa",
                "category": "Buddhist temple",
                "url": "http://namobuddha.org/",
                "img": "https://lh5.googleusercontent.com/p/AF1QipPn7YQkQUVrafqTCgSYVan-fv_t3Rgj_WnY7oEg=w148-h148-n-k-no"
            },
            {
                "title": "Dharan Clock Tower",
                "category": "Park and Garden",
                "img": "https://lh5.googleusercontent.com/p/AF1QipPKyI3oaZEz4ishjEPmSi6gQLkdjxpWT6Gdg0sf=w148-h148-n-k-no"
            },
            {
                "title": "Yippee Land Amusement & Water Park",
                "category": "Water park",
                "img": "https://lh5.googleusercontent.com/p/AF1QipPbYU3DI2wxgyuMEk0o1f3DIflH0MDIpvkweZ_n=w148-h148-n-k-no"
            },
            {
                "title": "City Motorbike: Motorcycle Tours in Nepal",
                "category": "Motorbike rental agency",
                "url": "https://citymotorbike.com/",
                "img": "https://lh5.googleusercontent.com/p/AF1QipMUzQgjp7tBJInd2HOvIt1zh4hWZQSpyFRxlDFA=w148-h148-n-k-no"
            },
            {
                "title": "Ghyampe Danda",
                "category": "Hiking area",
                "img": "https://lh5.googleusercontent.com/p/AF1QipMpFdFXydsj6qSPcS6J5lfHz5Pi_q-_tONsXu7H=w148-h148-n-k-no"
            },
            {
                "title": "Museum Of Nepali Art",
                "category": "Art museum",
                "url": "http://www.mona.com.np/",
                "img": "https://lh5.googleusercontent.com/p/AF1QipOCo361htQnNN3II5CobPd-vOwPjbcDhMLvLL8u=w148-h148-n-k-no"
            },
            {
                "title": "Third Rock Adventures",
                "category": "Travel Agent",
                "url": "https://www.thirdrockadventures.com/",
                "img": "https://lh5.googleusercontent.com/p/AF1QipOgYqTo-TQohfx0vUjZZKXSRjNwserQCWB1TgQR=w148-h148-n-k-no"
            },
            {
                "title": "Mrigasthali",
                "category": "Tourist attraction",
                "img": "https://lh5.googleusercontent.com/p/AF1QipMbwVK5_tCI-fuethgyAaBMC0zna7lQSr3ArsXx=w148-h148-n-k-no"
            },
            {
                "title": "HIMALAYAN TREKKERS PVT.LTD",
                "category": "Tour operator",
                "url": "https://himalayantrekkers.com/",
                "img": "https://lh5.googleusercontent.com/p/AF1QipP9Iq-PBeRxzCZbxOn3bnfKTGA77MH96W_t5W6d=w148-h148-n-k-no"
            },
            {
                "title": "Kankalini Temple",
                "category": "Compound grounds",
                "img": "https://lh5.googleusercontent.com/p/AF1QipPsG1p_LCl880X9j09MxnAgQDgu94cHPjupemZw=w148-h148-n-k-no"
            },
            {
                "title": "Himkala Adventure Pvt. Ltd.",
                "category": "Travel Agent",
                "url": "http://www.himkalaadventure.com/",
                "img": "https://lh5.googleusercontent.com/p/AF1QipN5imLPGc5hscyEVjrhC0TScCFppDPbVMmzC1LV=w148-h148-n-k-no"
            },
            {
                "title": "Time to Nepal Treks and Tours Pvt. Ltd.",
                "category": "Travel Agent",
                "url": "https://timetonepal.com/",
                "img": "https://lh5.googleusercontent.com/p/AF1QipNf-YPyaloU7h6DYDhvc9UKspHu2navvUnaEAt-=w148-h148-n-k-no"
            },
            {
                "title": "Footprint Adventure",
                "category": "Tour operator",
                "url": "http://www.footprintadventure.com/",
                "img": "https://lh5.googleusercontent.com/p/AF1QipOmC5QZMHBHY0MOP0cj_-LdHHNqZ_v9h7GVRRgz=w148-h148-n-k-no"
            },
            {
                "title": "Enjoy Nepal Treks Expedition & Tours Pvt. Ltd.",
                "category": "Travel Agent",
                "url": "https://www.enjoynepaltreks.com/",
                "img": "https://lh5.googleusercontent.com/p/AF1QipMzrgYawElcZs7VLZ3XjdyrDinicTvvV_fgKReo=w148-h148-n-k-no"
            }
        ],
        "Dhangaḍhi̇̄": [],
        "Bhimdatta": [],
        "Birgañj": [
            {
                "title": "Birgunj GhantaGhar",
                "category": "Historical landmark",
                "img": "https://lh5.googleusercontent.com/p/AF1QipNj3cIQOUSPqjXC6EZw6_hebxeV7peBrmS2WSsf=w148-h148-n-k-no"
            },
            {
                "title": "Bindabasini Temple Birgunj",
                "category": "Hindu temple",
                "img": "https://lh5.googleusercontent.com/p/AF1QipMuyjhyQUTLNczXr2J2gZokZaM5B6312OZNk76K=w148-h148-n-k-no"
            },
            {
                "title": "Baudi Mai Temple",
                "category": "Hindu temple",
                "img": "https://lh5.googleusercontent.com/p/AF1QipN_9h8nLKyfdsmeBwsSRa7lk5OSH98MrX4A3gsk=w148-h148-n-k-no"
            },
            {
                "title": "Patan Darbar Square",
                "category": "Historical landmark",
                "url": "http://www.patanmuseum.gov.np/",
                "img": "https://lh5.googleusercontent.com/p/AF1QipNcHvhs0kjQCizhzL_DZuni04eQOrYPqGEzP2mS=w148-h148-n-k-no"
            },
            {
                "title": "Bhaktapur Durbar Square",
                "category": "Tourist attraction",
                "img": "https://lh5.googleusercontent.com/p/AF1QipNio96g7odSWRcgSPn-QMrvKTrIwH7ukzZY6Dj1=w148-h148-n-k-no"
            },
            {
                "title": "Shahid Smarak Park",
                "category": "Park and Garden",
                "url": "http://sahidsmarak.org/",
                "img": "https://lh5.googleusercontent.com/p/AF1QipNLCwxRvHIGCM0EOUd-NTY2lUSYX_2GX5Zo3OBd=w148-h148-n-k-no"
            },
            {
                "title": "Tal Barahi Temple, Pokhara",
                "category": "Hindu temple",
                "img": "https://lh5.googleusercontent.com/p/AF1QipMDvoPnqwQvFnVrfd0J5ZNVUQ15YPBE_QUHd5jY=w148-h148-n-k-no"
            },
            {
                "title": "Thrill Factory & Water Park",
                "category": "Adventure sports centre",
                "url": "https://thrillfactorynepal.com/",
                "img": "https://lh5.googleusercontent.com/p/AF1QipOxsNHNgRLuNFubt4hGvsCIL2j8Uvjxgl2zFhlG=w148-h148-n-k-no"
            },
            {
                "title": "City Motorbike: Motorcycle Tours in Nepal",
                "category": "Motorbike rental agency",
                "url": "https://citymotorbike.com/",
                "img": "https://lh5.googleusercontent.com/p/AF1QipMUzQgjp7tBJInd2HOvIt1zh4hWZQSpyFRxlDFA=w148-h148-n-k-no"
            },
            {
                "title": "National Museum of Nepal",
                "category": "National museum",
                "url": "http://www.nationalmuseum.gov.np/",
                "img": "https://lh5.googleusercontent.com/p/AF1QipMk9ko04oJOYjD8ryX4D6q7tSWTaJlsUPr8T-Ew=w148-h148-n-k-no"
            },
            {
                "title": "Ghadiarwa Pokhari",
                "category": "Tourist attraction",
                "img": "https://lh5.googleusercontent.com/p/AF1QipOVHofCt5bsRwSWMIo-pcaqRC0cdjZASx_MANdw=w148-h148-n-k-no"
            },
            {
                "title": "Nepal Art Council",
                "category": "Arts Organisation",
                "url": "http://www.nepalartcouncil.org.np/",
                "img": "https://lh5.googleusercontent.com/p/AF1QipNfRJJnb7nMxO_abb3SXNGheqSdk-6NBL9PibGC=w148-h148-n-k-no"
            },
            {
                "title": "Mardi Himal Treks & Expedition Pvt.Ltd",
                "category": "Travel Agent",
                "url": "http://www.marditreknepal.com/",
                "img": "https://lh5.googleusercontent.com/p/AF1QipOkVUCShNdGyQ_feZ-k2n5SY5Y8RJip1N2Q_UgV=w148-h148-n-k-no"
            },
            {
                "title": "Chamling Cycle Pvt. Ltd. | Pokhara Best Mountain Bike Company | Popular Bicycle Shop | Famous MTB Store",
                "category": "Tour operator",
                "url": "http://chamlingcycle.com/",
                "img": "https://lh5.googleusercontent.com/p/AF1QipOK6ib5OZ30b3cjiltmkki7wKe13nT0e7lGJgB8=w148-h148-n-k-no"
            },
            {
                "title": "Advance Paragliding",
                "category": "Adventure sports",
                "img": "https://lh5.googleusercontent.com/p/AF1QipMIT-DZ809paHHVnDEpHPp1-1DB-6ssMJJYJJDe=w148-h148-n-k-no"
            },
            {
                "title": "Phewa Lake",
                "category": "Lake",
                "img": "https://lh5.googleusercontent.com/p/AF1QipNdu5OF1YucfXVyRjuv12dExGX_RHewGeo0oeEE=w148-h148-n-k-no"
            }
        ],
        "Pātan": [
            {
                "title": "Krishna Mandir",
                "category": "Hindu temple",
                "img": "https://lh5.googleusercontent.com/p/AF1QipOZFCV_P8bF8H7CebJQWeSQnMGpClK-mdFR7tsC=w148-h148-n-k-no"
            },
            {
                "title": "Patan Museum",
                "category": "Historical place museum",
                "url": "http://www.patanmuseum.gov.np/",
                "img": "https://lh5.googleusercontent.com/p/AF1QipNpcMiXImsTm5BZmuQgil0wOVahoYsCymjzcxSi=w148-h148-n-k-no"
            },
            {
                "title": "Hiranya Varna Mahavihar",
                "category": "Buddhist temple",
                "img": "https://lh5.googleusercontent.com/p/AF1QipMKBkQgvm6SchcE4QGkqOsP5S-MbXUPjJuS1dE2=w148-h148-n-k-no"
            },
            {
                "title": "Gallery Mcube",
                "category": "Art Centre",
                "url": "http://www.gallerymcube.com/",
                "img": "https://lh5.googleusercontent.com/p/AF1QipMbxUAIDVUKBZBSsnNBA5YuF2K3xqu5kNHiciSe=w148-h148-n-k-no"
            },
            {
                "title": "Patan Darbar Square",
                "category": "Historical landmark",
                "url": "http://www.patanmuseum.gov.np/",
                "img": "https://lh5.googleusercontent.com/p/AF1QipNcHvhs0kjQCizhzL_DZuni04eQOrYPqGEzP2mS=w148-h148-n-k-no"
            },
            {
                "title": "Mahabodhi Temple",
                "category": "Buddhist temple",
                "img": "https://lh5.googleusercontent.com/p/AF1QipP33zNQcsYuBJtk__1ogCimEf2jfTe3Xe-bRkmY=w148-h148-n-k-no"
            },
            {
                "title": "The Local Project Nepal",
                "category": "Craft shop",
                "url": "http://www.localprojectnepal.com/",
                "img": "https://lh5.googleusercontent.com/p/AF1QipPP0ydHATwt7kWwh8Pc7ATj00Ms9z4ohllVbihq=w148-h148-n-k-no"
            },
            {
                "title": "Kumbheshwor Temple",
                "category": "Compound grounds",
                "img": "https://lh5.googleusercontent.com/p/AF1QipMjlkx--5FHphfHDEhmY6AIABs0yZOUP_TDJvF6=w148-h148-n-k-no"
            },
            {
                "title": "Mangal Bazar",
                "category": "Bus stop",
                "img": "https://lh5.googleusercontent.com/p/AF1QipPP9je-Mfv5BL5F3aTVmcPg2Z3EqZTOwVe1xx8C=w148-h148-n-k-no"
            },
            {
                "title": "Oku Bahal Rudra Varna Mahavihar",
                "category": "Buddhist temple",
                "img": "https://lh5.googleusercontent.com/p/AF1QipMgOUogZBGZQk3nklwpv-Q3Xm2eqMgjBAiCvG5E=w148-h148-n-k-no"
            },
            {
                "title": "Sundari Chowk",
                "category": "Historical landmark",
                "img": "https://lh5.googleusercontent.com/p/AF1QipN4l2JzHID0GBZTQvduXBSUHS_B0XjTH2q_nBO-=w148-h148-n-k-no"
            },
            {
                "title": "Kathmandu Durbar Square",
                "category": "Plaza",
                "img": "https://lh5.googleusercontent.com/p/AF1QipN_hWdqAyQSObA_nbuYo6-oe7Y84tQqekseZ_Xk=w148-h148-n-k-no"
            },
            {
                "title": "Swoyambhu Mahachaitya",
                "category": "Buddhist temple",
                "img": "https://lh5.googleusercontent.com/p/AF1QipP79vS0dp9iE7ij0eomO65Fb0gF_IzLwsqjv0m5=w148-h148-n-k-no"
            },
            {
                "title": "Bungadyo/Rato Machhendranath Temple",
                "category": "Hindu temple",
                "img": "https://lh5.googleusercontent.com/p/AF1QipM0OPHoruWrc-aNyO1fQPGHjA0-3cd8BkOdTdYC=w148-h148-n-k-no"
            },
            {
                "title": "Sneha's Care",
                "category": "Animal shelter",
                "url": "https://www.snehacare.org/",
                "img": "https://lh5.googleusercontent.com/p/AF1QipO_SCiTwR7oqb_NJ7dyQBmGNQQAWFaTSoXm4LLS=w148-h148-n-k-no"
            },
            {
                "title": "Bhimsen Mandir",
                "category": "Hindu temple",
                "img": "https://lh5.googleusercontent.com/p/AF1QipPo9sSkmI7jjJ7zPxwUI8fZlkjZ12UDCTw7RQgd=w148-h148-n-k-no"
            }
        ],
        "Biratnagar": [
            {
                "title": "Shree Ram Janaki Mandir",
                "category": "Hindu temple",
                "img": "https://lh5.googleusercontent.com/p/AF1QipO1tbY0_lnUbiXJ6BKxfmB6R6LHUtukaYTb0Mgn=w148-h148-n-k-no"
            },
            {
                "title": "Koshi Tappu Wildlife Reserve",
                "category": "National reserve",
                "img": "https://lh5.googleusercontent.com/p/AF1QipPtABR39IGTVbYOGP-2AL-4vzj2aY2g6d9BVTWs=w148-h148-n-k-no"
            },
            {
                "title": "Airport Mode",
                "category": "Historical landmark",
                "img": "https://lh5.googleusercontent.com/p/AF1QipMjk_7jcaxkbAl3MOAgFEiH22mbpaulqsCTbk0R=w148-h148-n-k-no"
            },
            {
                "title": "Dhankuta",
                "category": "Locality",
                "img": "https://lh5.googleusercontent.com/p/AF1QipNMEqOrFnq3zjxD71NmEvvZrJqCX9f3g1KRrCpV=w148-h148-n-k-no"
            },
            {
                "title": "BIRATNAGAR JUTE MILL, BIRATNAGAR-16",
                "category": "Government office",
                "img": "https://lh5.googleusercontent.com/p/AF1QipNY3OmeRTFh_h-deF8ft0qqOPmCTrHt-hvtnVqf=w148-h148-n-k-no"
            },
            {
                "title": "Hile",
                "category": "Neighborhood",
                "img": "https://lh5.googleusercontent.com/p/AF1QipOOvg7x-oLUhlYMg_ynFlm507VZSSGGIwjW8Q=w148-h148-n-k-no"
            },
            {
                "title": "Budhasubba Temple",
                "category": "Hindu temple",
                "img": "https://lh5.googleusercontent.com/p/AF1QipO2K25aUncaNRCW9wRC6bWjUSDEEhtQjBj25-ZI=w148-h148-n-k-no"
            },
            {
                "title": "Koshi River",
                "category": "River",
                "img": "https://lh5.googleusercontent.com/p/AF1QipOK6cQQgkLnVSN6wpOg36SxYWXYV-Nd2gDEbFMN=w148-h148-n-k-no"
            },
            {
                "title": "Namaste Jharana",
                "category": "Tourist attraction",
                "img": "https://lh5.googleusercontent.com/p/AF1QipN0xSgfHtainzvJQHordjInAlP_Gix4--nA7Pou=w148-h148-n-k-no"
            },
            {
                "title": "Everest Base Camp Trek",
                "category": "Hiking area",
                "url": "https://www.everestbasecamptrek.info/",
                "img": "https://lh5.googleusercontent.com/p/AF1QipMkaOHVn9QLzCChrgx8EL3KTUnbYyGrIDPBUVGt=w148-h148-n-k-no"
            },
            {
                "title": "Dharan Clock Tower",
                "category": "Park and Garden",
                "img": "https://lh5.googleusercontent.com/p/AF1QipPKyI3oaZEz4ishjEPmSi6gQLkdjxpWT6Gdg0sf=w148-h148-n-k-no"
            },
            {
                "title": "Sakhada Bhagwati Temple ( Chinanmasta Bhagawati temple)",
                "category": "Hindu temple",
                "img": "https://lh5.googleusercontent.com/p/AF1QipNKzDYKOlrSmfWLiAkANXj129qRd1SwXWVmx6Qa=w148-h148-n-k-no"
            },
            {
                "title": "Betana Wetland",
                "category": "Park and Garden",
                "img": "https://lh5.googleusercontent.com/p/AF1QipMQi1VTTxEpPSx3rCLyvDlyZjtOmjjvZqtyVfMG=w148-h148-n-k-no"
            },
            {
                "title": "Kangchenjunga",
                "category": "Mountain peak",
                "img": "https://lh5.googleusercontent.com/p/AF1QipMSRdAoVUK9yQIerF8pR0lYft0cFChxR-hJc4g=w148-h148-n-k-no"
            },
            {
                "title": "Barahakshetra",
                "category": "Locality",
                "img": "https://lh5.googleusercontent.com/p/AF1QipNlU1XXUNnB6O5LCT7jNsKlSARYSt5727UhAPPT=w148-h148-n-k-no"
            },
            {
                "title": "QFX Cinemas, Bhatbhateni Biratnagar",
                "category": "Cinema",
                "url": "https://www.qfxcinemas.com/",
                "img": "https://lh5.googleusercontent.com/p/AF1QipPQoc2mAwXCgtI8wfZ_2ie5d2Z_r7WhXIFQ6Iik=w148-h148-n-k-no"
            }
        ],
        "Butwāl": [
            {
                "title": "Shree Siddhababa Dham, Butwal",
                "category": "Hindu temple",
                "img": "https://lh5.googleusercontent.com/p/AF1QipMebxd8bJfab6_QIZPGFNBkmytX96ybXPwy9Ivq=w148-h148-n-k-no"
            },
            {
                "title": "Manimukunda Sen Park",
                "category": "Park and Garden",
                "url": "http://www.butwalfulbari.com/",
                "img": "https://lh5.googleusercontent.com/p/AF1QipPE_NQthk5Lh_OA57Y1Yx4mLRv5aXyRZ77n2lgf=w148-h148-n-k-no"
            },
            {
                "title": "Gate to Nuwakot",
                "category": "Hiking area",
                "img": "https://lh5.googleusercontent.com/p/AF1QipM6qJ0_yZurymjMm8cu8H5uCkRcjZox5Nr3mWiL=w148-h148-n-k-no"
            },
            {
                "title": "Rani Mahal",
                "category": "Historical landmark",
                "url": "https://www.tansenmun.gov.np/en/content/rani-mahal",
                "img": "https://lh5.googleusercontent.com/p/AF1QipPToDOecCOmtChMurNRwJeTUIsjK9CBbT_tWwy9=w148-h148-n-k-no"
            },
            {
                "title": "Annapurna Sanctuary",
                "category": "Mountain peak",
                "img": "https://lh5.googleusercontent.com/p/AF1QipOvRWeJTykwFhj-9JXMaHFeuIPmFaeo-BpqwtbT=w148-h148-n-k-no"
            },
            {
                "title": "Advance Paragliding",
                "category": "Adventure sports",
                "img": "https://lh5.googleusercontent.com/p/AF1QipMIT-DZ809paHHVnDEpHPp1-1DB-6ssMJJYJJDe=w148-h148-n-k-no"
            },
            {
                "title": "Phewa Lake",
                "category": "Lake",
                "img": "https://lh5.googleusercontent.com/p/AF1QipNdu5OF1YucfXVyRjuv12dExGX_RHewGeo0oeEE=w148-h148-n-k-no"
            },
            {
                "title": "HighGround Adventures Nepal Pvt. Ltd.",
                "category": "Adventure sports",
                "url": "http://www.highgroundnepal.com/",
                "img": "https://lh5.googleusercontent.com/p/AF1QipPu8vhyImFlhwd1YDAFMlhunVp4L0DTpuOnpVEh=w148-h148-n-k-no"
            },
            {
                "title": "Pokhara Ultralight (Booking Center)",
                "category": "Recreation Centre",
                "url": "https://flypokhara.com/",
                "img": "https://lh5.googleusercontent.com/p/AF1QipP4iHAn3QuHwtholVlFG_bqhAqgen7SJSlQtBWc=w148-h148-n-k-no"
            },
            {
                "title": "sagramatha paragliding",
                "category": "Travel Agent",
                "img": "https://lh5.googleusercontent.com/p/AF1QipPloTUlo1-7YeukrlirFXh6qSCbhCZQ95QGpJl4=w148-h148-n-k-no"
            },
            {
                "title": "Ace the Himalaya",
                "category": "Tour operator",
                "url": "https://www.acethehimalaya.com/",
                "img": "https://lh5.googleusercontent.com/p/AF1QipOBriLDHVPlQMkb0g0kcuLzeNfOp6NZO1UUeGuj=w148-h148-n-k-no"
            },
            {
                "title": "Hill Park",
                "category": "Hiking area",
                "img": "https://lh5.googleusercontent.com/p/AF1QipPiMrR9G7nZ9HcYfs14xHLOFiEtLa1kMicGlX_H=w148-h148-n-k-no"
            }
        ],
        "Inaruwa": [
            {
                "title": "Dharan Clock Tower",
                "category": "Park and Garden",
                "img": "https://lh5.googleusercontent.com/p/AF1QipPKyI3oaZEz4ishjEPmSi6gQLkdjxpWT6Gdg0sf=w148-h148-n-k-no"
            },
            {
                "title": "Dantakali Temple",
                "category": "Hindu temple",
                "img": "https://lh5.googleusercontent.com/p/AF1QipPZsLxjCTLdryK2EXqmIVYBA4fhXc5WlvuTDZVN=w148-h148-n-k-no"
            },
            {
                "title": "Namaste Jharana",
                "category": "Tourist attraction",
                "img": "https://lh5.googleusercontent.com/p/AF1QipN0xSgfHtainzvJQHordjInAlP_Gix4--nA7Pou=w148-h148-n-k-no"
            },
            {
                "title": "City Cinema",
                "category": "Cinema",
                "url": "http://www.citycinemas.com.np/",
                "img": "https://lh5.googleusercontent.com/p/AF1QipO5-v-V5TdfbEPmoS0NVvXiVdXpeVCCI1sbNVJN=w148-h148-n-k-no"
            },
            {
                "title": "Central Multiplex",
                "category": "Cinema",
                "url": "https://www.centralmultiplex.com.np/",
                "img": "https://lh5.googleusercontent.com/p/AF1QipO3zCajzyKRMJCfQJNLoby2q8yF8SWagjjCDBso=w148-h148-n-k-no"
            },
            {
                "title": "Namaste Waterfall Parking Lot",
                "category": "Park and Garden",
                "img": "https://lh5.googleusercontent.com/p/AF1QipMqw_pLaw5chrEygow7kDRuQS1z8GtTW17H3wkA=w148-h148-n-k-no"
            },
            {
                "title": "Betana Wetland",
                "category": "Park and Garden",
                "img": "https://lh5.googleusercontent.com/p/AF1QipMQi1VTTxEpPSx3rCLyvDlyZjtOmjjvZqtyVfMG=w148-h148-n-k-no"
            },
            {
                "title": "Budhasubba Temple",
                "category": "Hindu temple",
                "img": "https://lh5.googleusercontent.com/p/AF1QipO2K25aUncaNRCW9wRC6bWjUSDEEhtQjBj25-ZI=w148-h148-n-k-no"
            }
        ],
        "Lahān": [
            {
                "title": "Shree Janaki Temple",
                "category": "Hindu temple",
                "img": "https://lh5.googleusercontent.com/p/AF1QipMzQZGQWBl-c6A34fI03g2IpVwd7NsO82WUAeEc=w148-h148-n-k-no"
            },
            {
                "title": "Sakhada Bhagwati Temple ( Chinanmasta Bhagawati temple)",
                "category": "Hindu temple",
                "img": "https://lh5.googleusercontent.com/p/AF1QipNKzDYKOlrSmfWLiAkANXj129qRd1SwXWVmx6Qa=w148-h148-n-k-no"
            },
            {
                "title": "Shree Ram Janaki Biwah Mandap",
                "category": "Hindu temple",
                "img": "https://lh5.googleusercontent.com/p/AF1QipMMQyxWZEovRAQ9rlaOAd8lnGR4s7AUJVfYqpVK=w148-h148-n-k-no"
            },
            {
                "title": "Everest Base Camp",
                "category": "Campsite",
                "img": "https://lh5.googleusercontent.com/p/AF1QipO6rJzu_sBynucwIdHbfHJezErPyAtms_mcIhUS=w148-h148-n-k-no"
            },
            {
                "title": "Budhanilkantha",
                "category": "Locality",
                "img": "https://lh4.googleusercontent.com/proxy/rMzTfRwMX8-lV6xVVfTEWi8JYf2k5F30L9cvZFGDexDTL1HIoz_nChpNRs3Gele8VSv3-Cm8Tkg-n8EbXJSnNwUjACETGPDWoZw4X4oqQlOTsMsyHNsoYvB0wQZp-SrY7BzaGWr7gYJCvJPZTwwUxSkn75osWqc=w148-h148-n-k-no"
            },
            {
                "title": "Janakpur",
                "category": "Locality",
                "img": "https://lh5.googleusercontent.com/p/AF1QipP81FaJ3lkg09wIwhHJZjHv1eSEIp8PPiS6J4qD=w148-h148-n-k-no"
            },
            {
                "title": "Dharan",
                "category": "Locality",
                "img": "https://lh5.googleusercontent.com/p/AF1QipOcyqwMMPtjKceQWKLKvUgjin42mEExesEACMoI=w148-h148-n-k-no"
            },
            {
                "title": "Biratnagar",
                "category": "Locality",
                "img": "https://lh5.googleusercontent.com/p/AF1QipOyCQd_A04GMrjC7F9KA6SYOu0nrvsO7HWkIH72=w148-h148-n-k-no"
            },
            {
                "title": "Lukla",
                "category": "Neighborhood",
                "img": "https://lh5.googleusercontent.com/p/AF1QipNxSQ8023mbgm53PiFzhghE1gaLKyoh6PJWCJsT=w148-h148-n-k-no"
            },
            {
                "title": "Rajdevi Panchawati Temple",
                "category": "Hindu temple",
                "url": "http://www.facebook.com/Rajdevipanchawati",
                "img": "https://lh5.googleusercontent.com/p/AF1QipNfYN4gncdMWHStnnJdUIg645ioZxIIJMFcpmeS=w148-h148-n-k-no"
            },
            {
                "title": "Namche Bazar",
                "category": "Neighborhood",
                "img": "https://lh5.googleusercontent.com/p/AF1QipPJmfro1Mxm4Ddps1bR5axiUxXrVY34Sd9VSBzV=w148-h148-n-k-no"
            },
            {
                "title": "Dhulikhel",
                "category": "Locality",
                "img": "https://lh5.googleusercontent.com/p/AF1QipMbhsJNST_XrkgWtne1ZrHXNZm-N1B1gj6rh6VF=w148-h148-n-k-no"
            },
            {
                "title": "The White Monastery Road",
                "category": "Route",
                "img": "https://lh5.googleusercontent.com/p/AF1QipPTZgBc-l8iKwEPYvWbq5dRBzCW2TZSRTrc1w9h=w148-h148-n-k-no"
            },
            {
                "title": "Kathmandu",
                "category": "Locality",
                "img": "https://lh5.googleusercontent.com/p/AF1QipMMLv3hFE_0zgEwIvdhn_N4yDLLwADpoaXMTwj3=w148-h148-n-k-no"
            },
            {
                "title": "Chitlang",
                "category": "Locality",
                "img": "https://lh5.googleusercontent.com/p/AF1QipPo15P-efCEc00nD_rQgKD6Y0XjAsafI0TQ7qyI=w148-h148-n-k-no"
            },
            {
                "title": "Patan Darbar Square",
                "category": "Historical landmark",
                "url": "http://www.patanmuseum.gov.np/",
                "img": "https://lh5.googleusercontent.com/p/AF1QipNcHvhs0kjQCizhzL_DZuni04eQOrYPqGEzP2mS=w148-h148-n-k-no"
            }
        ],
        "Janakpur": [
            {
                "title": "Shree Janaki Temple",
                "category": "Hindu temple",
                "img": "https://lh5.googleusercontent.com/p/AF1QipMzQZGQWBl-c6A34fI03g2IpVwd7NsO82WUAeEc=w148-h148-n-k-no"
            },
            {
                "title": "Kalinchowk Bhagawati Temple",
                "category": "Hindu temple",
                "url": "http://www.kalinchowkdarshan.com.np/",
                "img": "https://lh5.googleusercontent.com/p/AF1QipNqHy_HQKd_EVpOI_KHBT-gOUWxkWDXxZLtp_Xa=w148-h148-n-k-no"
            },
            {
                "title": "Stone Park",
                "category": "Park and Garden",
                "img": "https://lh5.googleusercontent.com/p/AF1QipOn1z0HIG4RxkdkXN24z5L6emPN4eV7HEcyDra4=w148-h148-n-k-no"
            },
            {
                "title": "Janakpurdham Railway Station",
                "category": "Railway services",
                "url": "http://dorw.gov.np/",
                "img": "https://lh5.googleusercontent.com/p/AF1QipOGJATKU8F1wyQkIMBBheqTvc36jAW5ScxhTqLQ=w148-h148-n-k-no"
            },
            {
                "title": "Shree Ram Janaki Biwah Mandap",
                "category": "Hindu temple",
                "img": "https://lh5.googleusercontent.com/p/AF1QipMMQyxWZEovRAQ9rlaOAd8lnGR4s7AUJVfYqpVK=w148-h148-n-k-no"
            },
            {
                "title": "Sindhuli Gadhi Small Fort",
                "category": "Historical place museum",
                "img": "https://lh5.googleusercontent.com/p/AF1QipOI-Qc7Acvw_DYyYrVAxKP9UhotpewzIG1LFsxi=w148-h148-n-k-no"
            },
            {
                "title": "Dolkha Bhimsen Mandir - Dwalkha Bhimdeu",
                "category": "Hindu temple",
                "img": "https://lh5.googleusercontent.com/p/AF1QipPRI04zC7Dbjt5WrMhXMW5MI5y5SBe-tx2MD25m=w148-h148-n-k-no"
            },
            {
                "title": "Girija Hall,NSK",
                "category": "Cinema",
                "url": "https://m.facebook.com/100063490960858/",
                "img": "https://lh5.googleusercontent.com/p/AF1QipMR6_29DgfqKA-JWdTnFFkCNZTPBNeYlbU__CIh=w148-h148-n-k-no"
            },
            {
                "title": "Hotel Yarsha",
                "category": "Tourist attraction",
                "url": "https://www.facebook.com/HotelYarsha/",
                "img": "https://lh5.googleusercontent.com/p/AF1QipM7pUf6EWlCBSXn1MvTP2-9aQ6MW4GHLwSj-iSc=w148-h148-n-k-no"
            },
            {
                "title": "Dhanush Mandir - Dhanushadham",
                "category": "Hindu temple",
                "img": "https://lh5.googleusercontent.com/p/AF1QipNfGHzqnzxkwk639l1KgX-7Vtrh8mwEQud9b5qQ=w148-h148-n-k-no"
            },
            {
                "title": "Selfie Danda (सेल्फी डाँडा)",
                "category": "Tourist attraction",
                "img": "https://lh5.googleusercontent.com/p/AF1QipMdOaVOUM7qqnh_MEprhkda6KrJ8KnMQMEL0G04=w148-h148-n-k-no"
            }
        ],
        "Banepā": [
            {
                "title": "Shree Chandeshwori Temple",
                "category": "Hindu temple",
                "img": "https://lh5.googleusercontent.com/p/AF1QipNySESZR9k2jMJFxRoH6mthGVyfXFj_AwZ9a0vO=w148-h148-n-k-no"
            },
            {
                "title": "Nyatapola Temple",
                "category": "Hindu temple",
                "url": "https://www.bhaktapur.com/facts-about-nyatapola-temple/",
                "img": "https://lh5.googleusercontent.com/p/AF1QipPFS1zSnIJYx10-qR0zjQ5RDUaOUSdkIsBwvPEe=w148-h148-n-k-no"
            },
            {
                "title": "Ghyampe Danda",
                "category": "Hiking area",
                "img": "https://lh5.googleusercontent.com/p/AF1QipMpFdFXydsj6qSPcS6J5lfHz5Pi_q-_tONsXu7H=w148-h148-n-k-no"
            },
            {
                "title": "Nepal Art Council",
                "category": "Arts Organisation",
                "url": "http://www.nepalartcouncil.org.np/",
                "img": "https://lh5.googleusercontent.com/p/AF1QipNfRJJnb7nMxO_abb3SXNGheqSdk-6NBL9PibGC=w148-h148-n-k-no"
            },
            {
                "title": "Tundikhel",
                "category": "Playground",
                "img": "https://lh5.googleusercontent.com/p/AF1QipPM7arHjnMtgCHQPB1r5HNsRiF89M1N-LhfMWLo=w148-h148-n-k-no"
            },
            {
                "title": "Outshine Adventure Pvt. Ltd",
                "category": "Travel Agent",
                "url": "http://www.outshineadventure.com/",
                "img": "https://lh5.googleusercontent.com/p/AF1QipM9biF5tGytns0FlxpaqFWPwpkwGeAuwg4knNVk=w148-h148-n-k-no"
            },
            {
                "title": "Himkala Adventure Pvt. Ltd.",
                "category": "Travel Agent",
                "url": "http://www.himkalaadventure.com/",
                "img": "https://lh5.googleusercontent.com/p/AF1QipN5imLPGc5hscyEVjrhC0TScCFppDPbVMmzC1LV=w148-h148-n-k-no"
            },
            {
                "title": "Magical Nepal (P) Ltd.",
                "category": "Travel Agent",
                "url": "https://www.magicalnepal.com/",
                "img": "https://lh5.googleusercontent.com/p/AF1QipO1vp6yQh8XZ8C1DLGCHw5tokDK8U5-OV5ToOZN=w148-h148-n-k-no"
            },
            {
                "title": "Ratna Park",
                "category": "Park and Garden",
                "img": "https://lh5.googleusercontent.com/p/AF1QipNeNuq1tPd7cTahWtVftS00WuHpgzhzKGZjCxHU=w148-h148-n-k-no"
            },
            {
                "title": "City Motorbike: Motorcycle Tours in Nepal",
                "category": "Motorbike rental agency",
                "url": "https://citymotorbike.com/",
                "img": "https://lh5.googleusercontent.com/p/AF1QipMUzQgjp7tBJInd2HOvIt1zh4hWZQSpyFRxlDFA=w148-h148-n-k-no"
            },
            {
                "title": "Ace the Himalaya",
                "category": "Tour operator",
                "url": "https://www.acethehimalaya.com/",
                "img": "https://lh5.googleusercontent.com/p/AF1QipOBriLDHVPlQMkb0g0kcuLzeNfOp6NZO1UUeGuj=w148-h148-n-k-no"
            },
            {
                "title": "Third Rock Adventures",
                "category": "Travel Agent",
                "url": "https://www.thirdrockadventures.com/",
                "img": "https://lh5.googleusercontent.com/p/AF1QipOgYqTo-TQohfx0vUjZZKXSRjNwserQCWB1TgQR=w148-h148-n-k-no"
            },
            {
                "title": "Nepal Tourism Board",
                "category": "Tourist Information Centre",
                "url": "https://ntb.gov.np/",
                "img": "https://lh5.googleusercontent.com/p/AF1QipNvHXa5POpon3rLFEVBCMhIXBwg8BC4tDa2n1I=w148-h148-n-k-no"
            },
            {
                "title": "Nepal Hiking Team",
                "category": "Travel Agent",
                "url": "https://www.nepalhikingteam.com/",
                "img": "https://lh5.googleusercontent.com/p/AF1QipM4ZidZuhj5rYFoVz3kRYNSToVOMO-NFa4qAzLQ=w148-h148-n-k-no"
            },
            {
                "title": "Garden of Dreams",
                "category": "Tourist attraction",
                "url": "http://www.gardenofdreams.org.np/",
                "img": "https://lh5.googleusercontent.com/p/AF1QipPBQjQmlecutMBTHp79DveB63fizSCwpKQ9P0rd=w148-h148-n-k-no"
            },
            {
                "title": "Buddha Stupa",
                "category": "Buddhist temple",
                "img": "https://lh5.googleusercontent.com/p/AF1QipNlESw14fp4CMcfzEFMHdY-dyg8vrm_PumhDcHq=w148-h148-n-k-no"
            }
        ],
        "Hetauda": [
            {
                "title": "Manakamana Temple",
                "category": "Hindu temple",
                "img": "https://lh5.googleusercontent.com/p/AF1QipMRNG0qEUrn0TjSVk04pytCHhpnn8GNwrxCZB3g=w148-h148-n-k-no"
            },
            {
                "title": "गुम्बा डाँडा",
                "category": "Buddhist temple",
                "img": "https://lh5.googleusercontent.com/p/AF1QipMX00ilYtfxNkMIJX8Kie2fCi71GyxixG01p2ud=w148-h148-n-k-no"
            },
            {
                "title": "Makwanpur Gadhi",
                "category": "Compound grounds",
                "img": "https://lh5.googleusercontent.com/p/AF1QipNtDsr8tnTeSNX-d8WOdxQZ5b9knJFXL0PMsguT=w148-h148-n-k-no"
            },
            {
                "title": "Makwanpurgadhi",
                "category": "Locality",
                "img": "https://lh5.googleusercontent.com/p/AF1QipPyK6RBVpAX3sohlO0OQvrnAwjO_4TnQ-_IEx2X=w148-h148-n-k-no"
            },
            {
                "title": "Manakamana Mandir Kathmandu",
                "category": "Hindu temple",
                "img": "https://lh5.googleusercontent.com/p/AF1QipOjEx3W6OwxjuRGjeoICF004c_M8633r98GhcTr=w148-h148-n-k-no"
            },
            {
                "title": "Manakamana Temple",
                "category": "Hindu temple",
                "url": "https://www.facebook.com/profile.php?id=61557545273724",
                "img": "https://lh5.googleusercontent.com/p/AF1QipOshZ8IVDzPkpvTj77ZmzE7OD_dfy5808nydLaJ=w148-h148-n-k-no"
            },
            {
                "title": "Gumbadanda",
                "category": "Shrine",
                "img": "https://lh5.googleusercontent.com/p/AF1QipPgleT9yrT7xA1DKFjwk7SNWOMc_ntbJvQzQPca=w148-h148-n-k-no"
            },
            {
                "title": "Sisneri Natural swimming pool",
                "category": "Swimming lake",
                "img": "https://lh5.googleusercontent.com/p/AF1QipNnYnBSkB6y7__vi_i-gBYo14ZyvmLrw2hsCD7u=w148-h148-n-k-no"
            },
            {
                "title": "Taudaha Lake",
                "category": "Lake",
                "img": "https://lh5.googleusercontent.com/p/AF1QipPiT9IAziFB2ZSciNhbDA1PXY4j47B2FF-_6OnR=w148-h148-n-k-no"
            },
            {
                "title": "Chitwan National Park",
                "category": "National park",
                "url": "https://chitwannationalpark.gov.np/",
                "img": "https://lh5.googleusercontent.com/p/AF1QipONixYmcM6pbzl-vKKTPmmzEdkdWYQnUE9cFYh2=w148-h148-n-k-no"
            },
            {
                "title": "Siddha Pokhari",
                "category": "Pond",
                "img": "https://lh5.googleusercontent.com/p/AF1QipNRqkXej-DmgrKFEGdhomn22vUfkr3Dz78wURmq=w148-h148-n-k-no"
            },
            {
                "title": "Chitwan Jungle Safari",
                "category": "Tourist attraction",
                "url": "http://www.chitwanjunglesafari.com/",
                "img": "https://lh5.googleusercontent.com/p/AF1QipOxcL5ytqZJItfDxkRjxIbPlbanvJceVxndV4sU=w148-h148-n-k-no"
            },
            {
                "title": "Martyrs Memorial Park",
                "category": "Historical landmark",
                "img": "https://lh5.googleusercontent.com/p/AF1QipNNODhVGWQix0gCN1uIFAogqOWNdKPLVv31rcRW=w148-h148-n-k-no"
            },
            {
                "title": "National Museum of Nepal",
                "category": "National museum",
                "url": "http://www.nationalmuseum.gov.np/",
                "img": "https://lh5.googleusercontent.com/p/AF1QipMk9ko04oJOYjD8ryX4D6q7tSWTaJlsUPr8T-Ew=w148-h148-n-k-no"
            },
            {
                "title": "Shahid Smarak Park",
                "category": "Park and Garden",
                "url": "http://sahidsmarak.org/",
                "img": "https://lh5.googleusercontent.com/p/AF1QipNLCwxRvHIGCM0EOUd-NTY2lUSYX_2GX5Zo3OBd=w148-h148-n-k-no"
            },
            {
                "title": "Buddha Stupa",
                "category": "Buddhist temple",
                "img": "https://lh5.googleusercontent.com/p/AF1QipNlESw14fp4CMcfzEFMHdY-dyg8vrm_PumhDcHq=w148-h148-n-k-no"
            }
        ],
        "Pokhara": [
            {
                "title": "Shree Bindhyabasini Temple",
                "category": "Hindu temple",
                "img": "https://lh5.googleusercontent.com/p/AF1QipN9b0Sn3Hq7O2FN8FqjoTbVUE4jteFwOtwKly9u=w148-h148-n-k-no"
            },
            {
                "title": "Tal Barahi Temple, Pokhara",
                "category": "Hindu temple",
                "img": "https://lh5.googleusercontent.com/p/AF1QipMDvoPnqwQvFnVrfd0J5ZNVUQ15YPBE_QUHd5jY=w148-h148-n-k-no"
            },
            {
                "title": "Pokhara Lakeside",
                "category": "Tourist attraction",
                "img": "https://lh5.googleusercontent.com/p/AF1QipNt6-LqxK6hJJ9JR85LJQrh4dNJXoUcyZ0hqkBZ=w148-h148-n-k-no"
            },
            {
                "title": "International Mountain Museum",
                "category": "Museum",
                "url": "http://www.internationalmountainmuseum.org/",
                "img": "https://lh5.googleusercontent.com/p/AF1QipP32_U6WfMbVuxyz73EaCDwqSt4zLr0vIcKrw1P=w148-h148-n-k-no"
            },
            {
                "title": "Gupteshwor Mahadev Cave",
                "category": "Tourist attraction",
                "img": "https://lh5.googleusercontent.com/p/AF1QipMbHkIq_yKDEU0sERkT5X5euQbPeXObLtPVVdWX=w148-h148-n-k-no"
            },
            {
                "title": "Gurkha Memorial Museum",
                "category": "Museum",
                "url": "http://gurkhamuseum.org.np/",
                "img": "https://lh5.googleusercontent.com/p/AF1QipOMTLFQhfr-_E3VBEJxLWut9LZS6m89iyMGf1Wh=w148-h148-n-k-no"
            },
            {
                "title": "Sarangkot Sunrise Pokhara",
                "category": "Tourist attraction",
                "img": "https://lh5.googleusercontent.com/p/AF1QipPD-ExQhGu86NKcMnylAVkc2ypGGkw3Mb4GAMFW=w148-h148-n-k-no"
            },
            {
                "title": "Chamere Gufa",
                "category": "Tourist attraction",
                "img": "https://lh5.googleusercontent.com/p/AF1QipPmNAX7HZ1c0l4OrUvZo3s32YvuEW0qmrkXG1aH=w148-h148-n-k-no"
            },
            {
                "title": "Basundhara Park",
                "category": "Park and Garden",
                "img": "https://lh5.googleusercontent.com/p/AF1QipOOes9pHm3w6frSgPGGc3JW7LAYe4eo_cvYra-1=w148-h148-n-k-no"
            },
            {
                "title": "Mahendra Cave",
                "category": "Tourist attraction",
                "img": "https://lh5.googleusercontent.com/p/AF1QipO-oks_aOPUnsrxzeOPMCjcYhotMbZkCcUVqA4s=w148-h148-n-k-no"
            },
            {
                "title": "Phewa Lake",
                "category": "Lake",
                "img": "https://lh5.googleusercontent.com/p/AF1QipNdu5OF1YucfXVyRjuv12dExGX_RHewGeo0oeEE=w148-h148-n-k-no"
            },
            {
                "title": "Matepani Gumba",
                "category": "Buddhist temple",
                "img": "https://lh5.googleusercontent.com/p/AF1QipPYf2nilqNtycUaNAUPwU6_5u3lO1PmWRS-NUI_=w148-h148-n-k-no"
            },
            {
                "title": "Sarangkot",
                "category": "Neighborhood",
                "img": "https://lh5.googleusercontent.com/p/AF1QipP2STsnVOHRYNF3NGIDzVL9HwnjDkyQ6ok5tc2d=w148-h148-n-k-no"
            },
            {
                "title": "Seti River Gorge",
                "category": "Tourist attraction",
                "img": "https://lh5.googleusercontent.com/p/AF1QipOpC1_R1rkmNVkF0ozqsSoUH14H8_bMibRlZR-W=w148-h148-n-k-no"
            },
            {
                "title": "Bhimsen Temple",
                "category": "Hindu temple",
                "img": "https://lh5.googleusercontent.com/p/AF1QipPNART8bqO8lxfy0MMK-_rUbbMZXQl07Ai_Mpc-=w148-h148-n-k-no"
            },
            {
                "title": "Jangchub Choeling Monastery",
                "category": "Buddhist temple",
                "img": "https://lh5.googleusercontent.com/p/AF1QipP07BCvr5VrSKAFOH9jPv9BjYW1So4wDEiyOX0f=w148-h148-n-k-no"
            }
        ]
    },
    "sights": [
        {
            "title": "Pashupatinath Temple",
            "category": "Hindu temple",
            "url": "https://kathmandu.gov.np/heritage/pashupatinath-temple/?lang=en",
            "img": "https://lh5.googleusercontent.com/p/AF1QipNsDWKYCJLEyPh-rGM5PDMK-F1AN_ibmUSYh66C=w148-h148-n-k-no"
        },
        {
            "title": "Chitwan National Park",
            "category": "National park",
            "url": "https://chitwannationalpark.gov.np/",
            "img": "https://lh5.googleusercontent.com/p/AF1QipONixYmcM6pbzl-vKKTPmmzEdkdWYQnUE9cFYh2=w148-h148-n-k-no"
        },
        {
            "title": "Buddha Stupa",
            "category": "Buddhist temple",
            "img": "https://lh5.googleusercontent.com/p/AF1QipNlESw14fp4CMcfzEFMHdY-dyg8vrm_PumhDcHq=w148-h148-n-k-no"
        },
        {
            "title": "Swoyambhu Mahachaitya",
            "category": "Buddhist temple",
            "img": "https://lh5.googleusercontent.com/p/AF1QipP79vS0dp9iE7ij0eomO65Fb0gF_IzLwsqjv0m5=w148-h148-n-k-no"
        },
        {
            "title": "International Mountain Museum",
            "category": "Museum",
            "url": "http://www.internationalmountainmuseum.org/",
            "img": "https://lh5.googleusercontent.com/p/AF1QipP32_U6WfMbVuxyz73EaCDwqSt4zLr0vIcKrw1P=w148-h148-n-k-no"
        },
        {
            "title": "Bardiya National Park",
            "category": "National park",
            "url": "https://bardianationalpark.gov.np/ne/",
            "img": "https://lh5.googleusercontent.com/p/AF1QipNSzxVEE3DjFdEWH0cveJswiXvDtz8y9Bgs58UV=w148-h148-n-k-no"
        },
        {
            "title": "Budhanilkantha Temple",
            "category": "Hindu temple",
            "img": "https://lh5.googleusercontent.com/p/AF1QipMrjkHPPaKkp7qy94M1Vy07u9vPChXoPy6vq0d6=w148-h148-n-k-no"
        },
        {
            "title": "Chandragiri Cable Car Top Station",
            "category": "Mountain cable car",
            "img": "https://lh5.googleusercontent.com/p/AF1QipPAnKPQTxKDOw9zYlXcpvwSdt0DimhHQDAGp6My=w148-h148-n-k-no"
        },
        {
            "title": "Manakamana Temple",
            "category": "Hindu temple",
            "url": "https://www.facebook.com/profile.php?id=61557545273724",
            "img": "https://lh5.googleusercontent.com/p/AF1QipOshZ8IVDzPkpvTj77ZmzE7OD_dfy5808nydLaJ=w148-h148-n-k-no"
        },
        {
            "title": "Kathmandu",
            "category": "Locality",
            "img": "https://lh5.googleusercontent.com/p/AF1QipMMLv3hFE_0zgEwIvdhn_N4yDLLwADpoaXMTwj3=w148-h148-n-k-no"
        },
        {
            "title": "Shree Bindhyabasini Temple",
            "category": "Hindu temple",
            "img": "https://lh5.googleusercontent.com/p/AF1QipN9b0Sn3Hq7O2FN8FqjoTbVUE4jteFwOtwKly9u=w148-h148-n-k-no"
        },
        {
            "title": "Everest Base Camp Trek",
            "category": "Hiking area",
            "url": "https://www.everestbasecamptrek.info/",
            "img": "https://lh5.googleusercontent.com/p/AF1QipMkaOHVn9QLzCChrgx8EL3KTUnbYyGrIDPBUVGt=w148-h148-n-k-no"
        },
        {
            "title": "Narayanhiti Royal Palace",
            "category": "Government office",
            "url": "http://narayanhitipalacemuseum.com/",
            "img": "https://lh5.googleusercontent.com/p/AF1QipMVuoHCIQaVTgzVSMBPiAuAyQ2qyo1COMTQnEZk=w148-h148-n-k-no"
        },
        {
            "title": "Shree Janaki Temple",
            "category": "Hindu temple",
            "img": "https://lh5.googleusercontent.com/p/AF1QipMzQZGQWBl-c6A34fI03g2IpVwd7NsO82WUAeEc=w148-h148-n-k-no"
        },
        {
            "title": "Langtang National Park",
            "category": "National park",
            "img": "https://lh5.googleusercontent.com/p/AF1QipMY1xnTtM45WBp5pm5Tey2jTp1yIAQosnftC8bg=w148-h148-n-k-no"
        },
        {
            "title": "Patan Museum",
            "category": "Historical place museum",
            "url": "http://www.patanmuseum.gov.np/",
            "img": "https://lh5.googleusercontent.com/p/AF1QipNpcMiXImsTm5BZmuQgil0wOVahoYsCymjzcxSi=w148-h148-n-k-no"
        }
    ]
}