{
    "cities": {
        "Auckland": [
            {
                "title": "Auckland War Memorial Museum",
                "category": "Museum",
                "url": "https://www.aucklandmuseum.com/",
                "img": "https://lh5.googleusercontent.com/p/AF1QipNhCp1d0l9G09DR_bP5bwCQYLjhX3rj36ifmy4f=w148-h148-n-k-no"
            },
            {
                "title": "Sky Tower",
                "category": "Tourist attraction",
                "url": "https://www.skycityauckland.co.nz/attractions/sky-tower/",
                "img": "https://lh4.googleusercontent.com/proxy/BSlgfc6qlNeQsF3mDzYAPpuB4rBKic4Fv_CoYst2IugVkNDnlt37iVPwRV982ncUrP1maXqjtY8cUHfhhLNDBLZtnerz6NxxBY75YWxMEPOb_w29Kfc_9mdEjqU_72opMbTjzV06FrW_aafEyDN448VyNUcn5Q=w148-h148-n-k-no"
            },
            {
                "title": "Auckland Zoo",
                "category": "Zoo",
                "url": "http://www.aucklandzoo.co.nz/",
                "img": "https://lh5.googleusercontent.com/p/AF1QipOwYlFeumtdqM0HZm0tutKaF6fxUB6D8EHBtDyc=w148-h148-n-k-no"
            },
            {
                "title": "Auckland Art Gallery",
                "category": "Art gallery",
                "url": "https://www.aucklandartgallery.com/",
                "img": "https://lh5.googleusercontent.com/proxy/XDx3q90C-RfGHw1o0w42314C_iDiK5YtswplxsjYb8NO5Nm850wN-x54naXw0A-c8SMfIRm6EK02Iofc3Y8-3QOheyFm4uGqPkfg6ZM4fP7FVSyej8R1MvtY0X2JEioLGTkqfqSpRYMH5oyaleJcWS4GrjINiMk=w148-h148-n-k-no"
            },
            {
                "title": "Cornwall Park",
                "category": "Park and Garden",
                "url": "https://cornwallpark.co.nz/",
                "img": "https://lh5.googleusercontent.com/p/AF1QipMUzoBhPj8ofyIY6wevogHBhudFc6FQHu3bcegQ=w148-h148-n-k-no"
            },
            {
                "title": "Auckland Botanic Gardens",
                "category": "Botanical garden",
                "url": "http://www.aucklandbotanicgardens.co.nz/",
                "img": "https://lh5.googleusercontent.com/p/AF1QipNqIUIoKu2fG8O1MXlSWZO_YHc9U-0lD7QIoD9i=w148-h148-n-k-no"
            },
            {
                "title": "MOTAT Museum of Transport and Technology",
                "category": "Museum",
                "url": "https://www.motat.nz/",
                "img": "https://lh5.googleusercontent.com/p/AF1QipP7Cg1YR3tfnmm9lS4yoW9vZgXo0O7AumycqX1j=w148-h148-n-k-no"
            },
            {
                "title": "Albert Park",
                "category": "Park and Garden",
                "url": "https://www.aucklandcouncil.govt.nz/parks-recreation/Pages/park-details.aspx?Location=169",
                "img": "https://lh5.googleusercontent.com/p/AF1QipPygwd8OhgK5snG8RuFb44Z7cmOaDH7uTGDFtyo=w148-h148-n-k-no"
            },
            {
                "title": "SEA LIFE Kelly Tarlton's Aquarium",
                "category": "Aquarium",
                "url": "https://www.visitsealife.com/auckland/?utm_source=gmb&utm_medium=organic&utm_campaign=yext&utm_content=2",
                "img": "https://lh5.googleusercontent.com/p/AF1QipO9kicrTp7ilzQGY1rL95juMGD24anFEr-Drjwb=w148-h148-n-k-no"
            },
            {
                "title": "New Zealand Maritime Museum",
                "category": "Maritime museum",
                "url": "http://www.maritimemuseum.co.nz/",
                "img": "https://lh5.googleusercontent.com/p/AF1QipPXkGyh4bXk43HV8RpKrpBXZ5IsoMvF3Liik2-_=w148-h148-n-k-no"
            },
            {
                "title": "Rainbow's End",
                "category": "Theme park",
                "url": "http://www.rainbowsend.co.nz/",
                "img": "https://lh5.googleusercontent.com/p/AF1QipMTlvqG7Wy3X44p0-gdKgaoLE07sT7qYKvN1FJj=w148-h148-n-k-no"
            },
            {
                "title": "Sofitel Auckland Viaduct Harbour",
                "category": "Hotel",
                "url": "https://www.sofitel-auckland.com/",
                "img": "https://lh4.googleusercontent.com/proxy/WsSxxMudogJws1kAQ_WerljGWyu6gX2u5xGTKgUlbuhSnaEdj04rVhoKIq0oheg673NdAn__Xhq501yPxfF6IP60EhiJW072u5MZufbfEgP68YOeHl9X1FnkoOOdzxAHLBC5aQeo6BKAk76c9yH8ydEU0E3rFA=w148-h148-n-k-no"
            },
            {
                "title": "Stardome Observatory & Planetarium",
                "category": "Planetarium",
                "url": "http://www.stardome.org.nz/",
                "img": "https://lh5.googleusercontent.com/p/AF1QipPJls0Ds7P8eDZK57McJQNiyL-jGM1fbejl_1ni=w148-h148-n-k-no"
            },
            {
                "title": "Silo Park",
                "category": "Park and Garden",
                "url": "https://www.silopark.co.nz/",
                "img": "https://lh5.googleusercontent.com/p/AF1QipNySwE0XgRVlJk_8NnUK6uMlpEJ9wq4pVtrlaCP=w148-h148-n-k-no"
            },
            {
                "title": "SkyCity Auckland",
                "category": "Casino",
                "url": "https://www.skycityauckland.co.nz/",
                "img": "https://lh4.googleusercontent.com/proxy/nCFAIH6woJN5Grp0PFMemuVcBMLD2dzuDytzWUCrSGvvJ45lp5v5-OBcXyEqbk6aP9FEAM_h1WtpvioDd3XxB4ISQsUIHjQ0birIcc6I0ycyKiLm972SXtP_Xk_HnSSq9OBoPJyvaQRr2TXJmnsrUFZScN8CVnE=w148-h148-n-k-no"
            },
            {
                "title": "Michael Joseph Savage Memorial Park",
                "category": "Memorial park",
                "url": "https://www.aucklandcouncil.govt.nz/parks-recreation/Pages/park-details.aspx?Location=198",
                "img": "https://lh5.googleusercontent.com/p/AF1QipPxoyn1u-LF6HPoOt_TvAqZmjZnvWyM_5tmIxLv=w148-h148-n-k-no"
            }
        ],
        "Porirua": [
            {
                "title": "Te Rauparaha Arena and Aquatic Centre",
                "category": "Aquatic centre",
                "url": "https://terauparaha-arena.co.nz/",
                "img": "https://lh5.googleusercontent.com/p/AF1QipNdhG8RQxNmPgbhBlA6JeRkNPWCuQCgzQD4NTAf=w148-h148-n-k-no"
            },
            {
                "title": "Adrenalin Forest Wellington",
                "category": "Tourist attraction",
                "url": "http://www.adrenalin-forest.co.nz/wellington",
                "img": "https://lh5.googleusercontent.com/p/AF1QipMvk2zId0aXrP_LkA3bs4Aumt5LFf_b7CrS460=w148-h148-n-k-no"
            },
            {
                "title": "Whitireia Park",
                "category": "Park and Garden",
                "url": "http://www.gw.govt.nz/whitireia-park/",
                "img": "https://lh5.googleusercontent.com/p/AF1QipPecCsCYuFDjA7r1ngmhF3ug0DOg4D2ZaeYzzLH=w148-h148-n-k-no"
            },
            {
                "title": "Awesome Bounce",
                "category": "Indoor playground",
                "url": "http://www.awesomebounce.co.nz/",
                "img": "https://lh5.googleusercontent.com/p/AF1QipOi4RQYK3e7KpHWxKaMkhy-PicjuhWTNK1KbNDT=w148-h148-n-k-no"
            },
            {
                "title": "Get Fixed Bicycle Cafè Porirua",
                "category": "Cafe",
                "url": "http://www.getfixedbicycles.co.nz/",
                "img": "https://lh5.googleusercontent.com/p/AF1QipOFSHfQPQy22bvwInKeEOcGO-c9niUbVbvOtfIQ=w148-h148-n-k-no"
            },
            {
                "title": "Southward Car Museum",
                "category": "Museum",
                "url": "https://www.southwardcarmuseum.co.nz/",
                "img": "https://lh5.googleusercontent.com/p/AF1QipOnaeMt9Dm4BEcYMDSv1WC6obCVZIgtDsRlAewj=w148-h148-n-k-no"
            },
            {
                "title": "North City Shopping Centre",
                "category": "Shopping Centre",
                "url": "http://www.north-city.co.nz/",
                "img": "https://lh5.googleusercontent.com/p/AF1QipMosHvWZe2M4WglHSbCYIL0TtdWbGTya1qZJb7n=w148-h148-n-k-no"
            },
            {
                "title": "Rangituhi / Colonial Knob",
                "category": "Mountain peak",
                "img": "https://lh5.googleusercontent.com/p/AF1QipMaU2uQd_fdVd3g9UcaZByJqhHPtNNiMJgvQDta=w148-h148-n-k-no"
            },
            {
                "title": "Wellington Cable Car",
                "category": "Transportation service",
                "url": "http://www.wellingtoncablecar.co.nz/",
                "img": "https://lh5.googleusercontent.com/p/AF1QipMMXkwAB9Y7V9A-fERZiRr43IqZfBvFdUqXDIH2=w148-h148-n-k-no"
            },
            {
                "title": "New Zealand Sea Adventures",
                "category": "Dive shop",
                "url": "http://www.scubadiving.co.nz/",
                "img": "https://lh5.googleusercontent.com/p/AF1QipMJ_LJ889SjP_MsYOslOb0jwZnp-XW9QCOdBwZF=w148-h148-n-k-no"
            },
            {
                "title": "Pataka Art + Museum",
                "category": "Art museum",
                "url": "https://pataka.org.nz/whats/",
                "img": "https://lh5.googleusercontent.com/p/AF1QipNwlqqB95T4lpjuL_9BRX3dboSxD-uFXYdTzGvk=w148-h148-n-k-no"
            },
            {
                "title": "New Zealand Police Museum",
                "category": "Museum",
                "url": "http://www.police.govt.nz/service/museum",
                "img": "https://lh5.googleusercontent.com/p/AF1QipMtTCDie061QD-7BJUe6gE2uT2aXX72MemXrNRS=w148-h148-n-k-no"
            },
            {
                "title": "Wellington Zoo",
                "category": "Zoo",
                "url": "http://wellingtonzoo.com/",
                "img": "https://lh5.googleusercontent.com/p/AF1QipMjO6tbGiuQE8GkCYY3yPmrmAJh-xfoOap5USxg=w148-h148-n-k-no"
            },
            {
                "title": "Ngati Toa Domain",
                "category": "Park and Garden",
                "img": "https://lh5.googleusercontent.com/p/AF1QipMlyrYwrovGpBah0I8k7qQbkFaQA8l-PkUI0IjL=w148-h148-n-k-no"
            },
            {
                "title": "Arena Fitness Centre",
                "category": "Gym",
                "url": "http://www.arenafitness.co.nz/",
                "img": "https://lh5.googleusercontent.com/p/AF1QipOxo7uM6zNsBso1WeufDnWQnax3Ds6K_tZQn3iP=w148-h148-n-k-no"
            },
            {
                "title": "Battle Hill Farm Forest Park",
                "category": "Campsite",
                "url": "https://www.gw.govt.nz/parks/battle-hill-farm-forest-park/#accordion-item-button-accordion0-item9",
                "img": "https://lh5.googleusercontent.com/p/AF1QipMAi6CR8SGGJa278RgXLFbRojCBegjIu3E6-zzH=w148-h148-n-k-no"
            }
        ],
        "Christchurch": [
            {
                "title": "Christchurch Botanic Gardens",
                "category": "Botanical garden",
                "url": "https://www.ccc.govt.nz/parks-and-gardens/christchurch-botanic-gardens",
                "img": "https://lh5.googleusercontent.com/p/AF1QipMCilcbPEcJTC-1nkIdD4sT65LTgOzoU63LIvFp=w148-h148-n-k-no"
            },
            {
                "title": "Hagley Park North",
                "category": "Park and Garden",
                "url": "https://ccc.govt.nz/parks-and-gardens/hagley-park",
                "img": "https://lh5.googleusercontent.com/p/AF1QipOBoiWuFmLvmekmM2_-zGTW7TyGy3hBx3sWkL95=w148-h148-n-k-no"
            },
            {
                "title": "The Margaret Mahy Family Playground",
                "category": "Playground",
                "url": "https://ccc.govt.nz/parks-and-gardens/play-in-parks/playgrounds/find-a-playground/",
                "img": "https://lh5.googleusercontent.com/p/AF1QipOu0loMrPLFZaHBnjQhEZ2zf28jzmRjpVBueZZg=w148-h148-n-k-no"
            },
            {
                "title": "Willowbank Wildlife Reserve",
                "category": "Wildlife park",
                "url": "http://www.willowbank.co.nz/",
                "img": "https://lh5.googleusercontent.com/p/AF1QipNhtll_cno47l0Oj0rb8U-w07ytgPYDtefOki0y=w148-h148-n-k-no"
            },
            {
                "title": "Canterbury Museum",
                "category": "Museum",
                "url": "https://www.canterburymuseum.com/",
                "img": "https://lh5.googleusercontent.com/p/AF1QipNaM8wjtyQOkN_wf94dl0fLO2nQ4j6JY_6O8DUL=w148-h148-n-k-no"
            },
            {
                "title": "Christchurch Gondola",
                "category": "Mountain cable car",
                "url": "https://www.christchurchattractions.nz/christchurch-gondola/",
                "img": "https://lh5.googleusercontent.com/p/AF1QipMCgVBqLb_4cjhzA_5u20r8nrd86YyRCkX13wKd=w148-h148-n-k-no"
            },
            {
                "title": "Christchurch Art Gallery Te Puna o Waiwhetū",
                "category": "Art museum",
                "url": "https://christchurchartgallery.org.nz/",
                "img": "https://lh5.googleusercontent.com/p/AF1QipPUq-tzAAeZfZatwKsp50GdUrY6DYNFLvpLTCaP=w148-h148-n-k-no"
            },
            {
                "title": "Air Force Museum of New Zealand",
                "category": "History museum",
                "url": "https://www.airforcemuseum.co.nz/",
                "img": "https://lh5.googleusercontent.com/p/AF1QipN6HRDGR4EJu_zlxmPePK5fuDRDX0V-Mo6Gy-kw=w148-h148-n-k-no"
            },
            {
                "title": "International Antarctic Centre",
                "category": "Tourist attraction",
                "url": "http://www.iceberg.co.nz/",
                "img": "https://lh5.googleusercontent.com/p/AF1QipNThoKHOtP63pisWYs8o-iLWFzX6mNw1PDSQlOi=w148-h148-n-k-no"
            },
            {
                "title": "Christchurch Tram",
                "category": "Tourist attraction",
                "url": "https://www.christchurchattractions.nz/christchurch-tram/",
                "img": "https://lh5.googleusercontent.com/p/AF1QipOr1Z1OjG9aO97rbSDF9l67AppNX1M0Hh1e1Eca=w148-h148-n-k-no"
            },
            {
                "title": "Quake City",
                "category": "Museum",
                "url": "http://www.quakecity.co.nz/",
                "img": "https://lh5.googleusercontent.com/p/AF1QipMBBNudlKTQo1Vjy5StOy4HEpg7WRmrpltxzBkH=w148-h148-n-k-no"
            },
            {
                "title": "Riccarton House and Bush",
                "category": "Park and Garden",
                "url": "http://www.riccartonhouse.co.nz/",
                "img": "https://lh5.googleusercontent.com/p/AF1QipMwF6K1Qy8hA5KqRNKtlfCF31SNT04FsCWVq8X0=w148-h148-n-k-no"
            },
            {
                "title": "Christchurch Adventure Park",
                "category": "Park and Garden",
                "url": "https://christchurchadventurepark.com/",
                "img": "https://lh5.googleusercontent.com/p/AF1QipPIZ1vlEFXfafxJX3GpSFnCU3mDW-yi0l8y7b9i=w148-h148-n-k-no"
            },
            {
                "title": "Orana Wildlife Park",
                "category": "Zoo",
                "url": "http://oranawildlifepark.co.nz/",
                "img": "https://lh5.googleusercontent.com/p/AF1QipMtoiLuPqKpzNNex-B4263UpYxzZ4TC0tB9MPma=w148-h148-n-k-no"
            },
            {
                "title": "Riverside Market",
                "category": "Market",
                "url": "https://riverside.nz/",
                "img": "https://lh5.googleusercontent.com/p/AF1QipMWRcqlMVlMQbHsa63TDNNENUb7tT_xxyTNmatr=w148-h148-n-k-no"
            },
            {
                "title": "Punting On The Avon (Antigua Boat Sheds)",
                "category": "Tourist attraction",
                "url": "https://www.christchurchattractions.nz/punting/",
                "img": "https://lh5.googleusercontent.com/p/AF1QipOYomkUbY0c9zxL7xzNHWsatYGVeNkpNhxcg4Se=w148-h148-n-k-no"
            }
        ],
        "Invercargill": [
            {
                "title": "E. Hayes & Sons",
                "category": "Hardware Shop",
                "url": "http://www.ehayes.co.nz/",
                "img": "https://lh5.googleusercontent.com/p/AF1QipOqGElg1A2hGCCZ_bE5z1DQ_ZllGwc8Q7nhd-Ue=w148-h148-n-k-no"
            },
            {
                "title": "Bill Richardson Transport World",
                "category": "Museum",
                "url": "http://www.transportworld.co.nz/",
                "img": "https://lh5.googleusercontent.com/p/AF1QipPtALnHzd_a5x4z-vx9ZT6q4w41fkKtVh06nb8P=w148-h148-n-k-no"
            },
            {
                "title": "Queens Park, Invercargill",
                "category": "Park and Garden",
                "url": "https://icc.govt.nz/",
                "img": "https://lh5.googleusercontent.com/p/AF1QipOfLBTn5NO5lhR0ljSw2jhwR80YI1tzdrtR_J_s=w148-h148-n-k-no"
            },
            {
                "title": "Classic Motorcycle Mecca",
                "category": "Museum",
                "url": "https://www.motorcyclemecca.nz/",
                "img": "https://lh5.googleusercontent.com/p/AF1QipPUus_oNTyIOM4gJV6pqmbc7cDWRfyh5ETMMM80=w148-h148-n-k-no"
            },
            {
                "title": "Civic Theatre",
                "category": "Performing arts theatre",
                "url": "http://icc.govt.nz/civic-theatre/",
                "img": "https://lh5.googleusercontent.com/p/AF1QipOK6BbytKV77pPoRev-42dIpn5dJVEoi5Bc7JuO=w148-h148-n-k-no"
            },
            {
                "title": "Splash Palace",
                "category": "Public swimming pool",
                "url": "http://www.splashpalace.co.nz/",
                "img": "https://lh5.googleusercontent.com/p/AF1QipMK3DeJ22RgwHuofiPSkY0VZQsp8yN8H69W0ArU=w148-h148-n-k-no"
            },
            {
                "title": "Dig This Invercargill",
                "category": "Tourist attraction",
                "url": "https://www.digthisinvercargill.nz/",
                "img": "https://lh5.googleusercontent.com/p/AF1QipP28pE9s5_zjxZq-c6Rxuttw4rSoksSEUQ8UZcl=w148-h148-n-k-no"
            },
            {
                "title": "Demolition World",
                "category": "Professional services",
                "url": "http://www.demoworld.co.nz/",
                "img": "https://lh5.googleusercontent.com/p/AF1QipNagYom13wzHL14DJqY4D6csgcnklJchmiIxd20=w148-h148-n-k-no"
            },
            {
                "title": "Rugby Park",
                "category": "Stadium",
                "img": "https://lh5.googleusercontent.com/p/AF1QipPn49J6WhuIDsK2PyaA9zdNpzgo7Y3-lDjcQKOj=w148-h148-n-k-no"
            },
            {
                "title": "Invercargill Cenotaph",
                "category": "Memorial park",
                "img": "https://lh5.googleusercontent.com/p/AF1QipNKpnOlrJcxmQqMuhMYJ3uqUNlNPq4yIyN3Z4P_=w148-h148-n-k-no"
            },
            {
                "title": "St Pauls Presbyterian Church",
                "category": "Presbyterian church",
                "img": "https://lh5.googleusercontent.com/p/AF1QipNEns2zis0Pdu_TB86Yka8m8qoJY4JKHPHg6bpK=w148-h148-n-k-no"
            },
            {
                "title": "Southern Farmers Market",
                "category": "Farmers' market",
                "img": "https://lh5.googleusercontent.com/p/AF1QipMz77okEOClZ_vQE-XFgAThpU2hfeVlvKD8sSOf=w148-h148-n-k-no"
            },
            {
                "title": "Invercargill Water Tower",
                "category": "Historical landmark",
                "url": "https://icc.govt.nz/",
                "img": "https://lh5.googleusercontent.com/p/AF1QipO26FmmGsheAWBlyRBpQaqesUZzSsrx2kg0yOl5=w148-h148-n-k-no"
            },
            {
                "title": "Otakaro Park",
                "category": "Park and Garden",
                "img": "https://lh5.googleusercontent.com/p/AF1QipNH865t0WePgqh-V5eI2RlD2qwn-DkKlpTG_kud=w148-h148-n-k-no"
            },
            {
                "title": "Seaward Bush Reserve",
                "category": "Nature reserve",
                "url": "https://icc.govt.nz/parks-and-reserves/visit-our-parks/seaward-bush/",
                "img": "https://lh5.googleusercontent.com/p/AF1QipMVF650NJ2PHIkgIVbkhoXZuaDJqTxKNpU22r0p=w148-h148-n-k-no"
            },
            {
                "title": "He Waka Tuia",
                "category": "Art museum",
                "url": "http://www.hewakatuia.nz/",
                "img": "https://lh5.googleusercontent.com/p/AF1QipNHBRpr3GgKxQUgK9wuYe8aPBawIUBoIV_dFDVf=w148-h148-n-k-no"
            }
        ],
        "Dunedin": [
            {
                "title": "Larnach Castle",
                "category": "Castle",
                "url": "https://www.larnachcastle.co.nz/",
                "img": "https://lh5.googleusercontent.com/p/AF1QipMhph4j1OMRyw9c2i2koopkr2zdYXkgbUF2FPyA=w148-h148-n-k-no"
            },
            {
                "title": "Otago Museum",
                "category": "Museum",
                "url": "https://otagomuseum.nz/",
                "img": "https://lh5.googleusercontent.com/p/AF1QipOWmoUVftRv-2SM07CrlmB04FpSRYFTamIYTtOn=w148-h148-n-k-no"
            },
            {
                "title": "Dunedin Railways",
                "category": "Tourist attraction",
                "url": "http://www.dunedinrailways.co.nz/",
                "img": "https://lh5.googleusercontent.com/p/AF1QipNsaL9bfzkFgGl-wnKK4Fm0a2oZh5XZnJzuHnP5=w148-h148-n-k-no"
            },
            {
                "title": "Dunedin Botanic Garden",
                "category": "Botanical garden",
                "url": "http://www.dunedinbotanicgarden.co.nz/",
                "img": "https://lh5.googleusercontent.com/p/AF1QipN50rgR8YN3l6giKK8b4JnI9HuWsKM6NfAfLNxw=w148-h148-n-k-no"
            },
            {
                "title": "Toitu Otago Settlers Museum",
                "category": "Museum",
                "url": "https://www.toituosm.com/",
                "img": "https://lh5.googleusercontent.com/p/AF1QipMwqugZ6_YcP4FHVbwvp_OuK5b0YsHKW4l9MRyT=w148-h148-n-k-no"
            },
            {
                "title": "Dunedin Public Art Gallery",
                "category": "Museum",
                "url": "http://www.dunedin.art.museum/",
                "img": "https://lh5.googleusercontent.com/p/AF1QipPBjoxAOcNDa5wlfEfMYTxGLr8jAwxv1peloEkF=w148-h148-n-k-no"
            },
            {
                "title": "Lan Yuan, Dunedin Chinese Garden",
                "category": "Garden",
                "url": "http://www.dunedinchinesegarden.com/",
                "img": "https://lh5.googleusercontent.com/p/AF1QipOHUCrcbo3IR_MliV6ZHDaWjvJ41ezn52g0soe7=w148-h148-n-k-no"
            },
            {
                "title": "Signal Hill Lookout",
                "category": "Scenic point",
                "img": "https://lh5.googleusercontent.com/p/AF1QipM-n9dVGTAhRvm8OLIu-PiplqyCprfRIs-KM-lA=w148-h148-n-k-no"
            },
            {
                "title": "Speight's Brewery",
                "category": "Brewery",
                "url": "http://speights.co.nz/",
                "img": "https://lh5.googleusercontent.com/p/AF1QipPhan1btGPdJAtSYq8u7940NlP02uA0pwk_Hty9=w148-h148-n-k-no"
            },
            {
                "title": "Olveston Historic Home",
                "category": "Art museum",
                "url": "http://www.olveston.co.nz/",
                "img": "https://lh5.googleusercontent.com/p/AF1QipO1BV_IpG-SPJbDbynSZioYMBgvFInjcXBkpauq=w148-h148-n-k-no"
            },
            {
                "title": "Emerson's Brewery",
                "category": "Restaurant",
                "url": "https://emersons.co.nz/",
                "img": "https://lh5.googleusercontent.com/p/AF1QipNv-Q3Y8rCd8nAuKmDwNxaFRkvFnJpDJRuiv_k5=w148-h148-n-k-no"
            },
            {
                "title": "Forsyth Barr Stadium",
                "category": "Stadium",
                "url": "http://www.forsythbarrstadium.co.nz/",
                "img": "https://lh5.googleusercontent.com/p/AF1QipOBIeEz_mi99bRhFCreKg6I7_JjOel021zQ_RuU=w148-h148-n-k-no"
            },
            {
                "title": "Port Chalmers",
                "category": "Locality",
                "img": "https://lh5.googleusercontent.com/p/AF1QipPpy2IAdUHo1QH3MkwwetXmvNGerHCzxWOSxl7G=w148-h148-n-k-no"
            },
            {
                "title": "Tunnel Beach",
                "category": "Beach",
                "img": "https://lh5.googleusercontent.com/p/AF1QipMyGKdn1S8BB-Y1mVookCVEfKRWF8XDCoGHN0K0=w148-h148-n-k-no"
            },
            {
                "title": "Dunedin Railway Station",
                "category": "Train station",
                "url": "http://www.dunedinrailways.co.nz/",
                "img": "https://lh5.googleusercontent.com/p/AF1QipMnbK4ylAmT_TKSpSEp-jWLmjZRFrqNq2ucFzA7=w148-h148-n-k-no"
            },
            {
                "title": "Saint Clair Beach",
                "category": "Beach",
                "url": "http://www.dunedin.govt.nz/council-online/webcams/st-clair-beach-cam",
                "img": "https://lh5.googleusercontent.com/p/AF1QipNCMaOaE4WwI7ZGU9UoUZVhMmCY-Vy-yt8JI3TB=w148-h148-n-k-no"
            }
        ],
        "Palmerston North": [
            {
                "title": "The Victoria Esplanade",
                "category": "Park and Garden",
                "url": "http://www.pncc.govt.nz/",
                "img": "https://lh5.googleusercontent.com/p/AF1QipN2M-ToxVYFKx3nKSMHRWtgcaWrJgWxq8_fOo96=w148-h148-n-k-no"
            },
            {
                "title": "Te Manawa Museum",
                "category": "Art museum",
                "url": "http://www.temanawa.co.nz/",
                "img": "https://lh5.googleusercontent.com/p/AF1QipMjhEv7Dk6RdHgoDVahpfdtw7_6eB9i3tSmiVaK=w148-h148-n-k-no"
            },
            {
                "title": "New Zealand Rugby Museum",
                "category": "Museum",
                "url": "http://www.rugbymuseum.co.nz/",
                "img": "https://lh5.googleusercontent.com/p/AF1QipPYZFKaH5bdpWw7yuw12d-oNdh6YPwj-mcG5Ly2=w148-h148-n-k-no"
            },
            {
                "title": "Lido Aquatic Centre",
                "category": "Aquatic centre",
                "url": "http://www.clmnz.co.nz/lido/?utm_source=google&utm_medium=organic&utm_campaign=mybusiness",
                "img": "https://lh5.googleusercontent.com/p/AF1QipPomhHJOg1t_aeP4aP9lABTusuOpLH0tji8fhLC=w148-h148-n-k-no"
            },
            {
                "title": "Centrepoint Theatre",
                "category": "Performing arts theatre",
                "url": "http://centrepoint.co.nz/",
                "img": "https://lh5.googleusercontent.com/p/AF1QipOEgYc3DZcDBADvfimqPvASua8sY3NR7eUkyn4r=w148-h148-n-k-no"
            },
            {
                "title": "Palmerston North isite Visitor Information Centre",
                "category": "Tourist Information Centre",
                "img": "https://lh5.googleusercontent.com/p/AF1QipMCom6ISfD2yUF7al8z9_mtt4a4MDa9Swbu-7wZ=w148-h148-n-k-no"
            },
            {
                "title": "The Cathedral of the Holy Spirit",
                "category": "Cathedral",
                "url": "https://pncathedral.org.nz/",
                "img": "https://lh5.googleusercontent.com/p/AF1QipOWwHVJJVweMrNTmBjrWm8vtAoxpZgRfx_MDT45=w148-h148-n-k-no"
            },
            {
                "title": "Arapuke Forest Mountain Bike Park",
                "category": "Park and Garden",
                "url": "https://www.arapuketrails.co.nz/",
                "img": "https://lh5.googleusercontent.com/p/AF1QipMBo48Pk2R6fEeDKH4r_UJRd_fw-BX2uTIP8-UO=w148-h148-n-k-no"
            },
            {
                "title": "Manawatu River Pathway",
                "category": "Athletic track",
                "url": "https://www.pncc.govt.nz/Parks-recreation/Walks-and-walkways/Manawatu-River-Shared-Pathway",
                "img": "https://lh5.googleusercontent.com/p/AF1QipP820OrLScGuIaBDfTqaGHQQEr4dAB5uCFQCHuP=w148-h148-n-k-no"
            },
            {
                "title": "Te Arapiki a Tane",
                "category": "Scenic point",
                "url": "https://manawatuheritage.pncc.govt.nz/item/285ae6ae-719f-44ac-84c5-b30e8c79c502",
                "img": "https://lh5.googleusercontent.com/p/AF1QipOz-rDgVPjrLad6D-w85m4ICFDrw6wCnFEYnCjK=w148-h148-n-k-no"
            },
            {
                "title": "Central Energy Trust Wildbase Recovery",
                "category": "Community centre",
                "url": "http://www.wildbaserecovery.co.nz/",
                "img": "https://lh5.googleusercontent.com/p/AF1QipP_1xO1IAMevabXQi5ehQJ-FqOqEc1tiRErPzm1=w148-h148-n-k-no"
            },
            {
                "title": "Palmerston North Clock Tower",
                "category": "Clock tower",
                "img": "https://lh5.googleusercontent.com/p/AF1QipMUa2iZPZuxJJsGb37gueEYusy8yKdcnHCfcZEK=w148-h148-n-k-no"
            },
            {
                "title": "Te Marae o Hine - The Square",
                "category": "City park",
                "url": "https://www.pncc.govt.nz/Council-city/What-were-doing/Major-capital-projects/Te-Marae-o-Hine-The-Square",
                "img": "https://lh5.googleusercontent.com/p/AF1QipMZpJpenv8b5TxY33x2PEQ3JRIZOz8Bsb-o_p7e=w148-h148-n-k-no"
            },
            {
                "title": "Ahimate Reserve",
                "category": "Park and Garden",
                "url": "https://www.pncc.govt.nz/services/parks-venues-recreation/parks-and-reserves/ahimate-reserve/",
                "img": "https://lh5.googleusercontent.com/p/AF1QipNJwt9m8LjDUQow1nc95freTGAGd69lhFngQ-TJ=w148-h148-n-k-no"
            },
            {
                "title": "Zimmerman Art Gallery",
                "category": "Art gallery",
                "url": "http://www.zimmerman.co.nz/",
                "img": "https://lh5.googleusercontent.com/p/AF1QipOy887GI55hI01hpxgLRIVBc4p9z4W6qWY2Xb0C=w148-h148-n-k-no"
            },
            {
                "title": "Museum of New Zealand Te Papa Tongarewa",
                "category": "Museum",
                "url": "https://www.tepapa.govt.nz/",
                "img": "https://lh5.googleusercontent.com/p/AF1QipPHNveRrhL4aT8fwebdP2qysMQCEsf_b3D9bwic=w148-h148-n-k-no"
            }
        ],
        "Nelson": [
            {
                "title": "Founders Heritage Park",
                "category": "Events Venue",
                "url": "http://www.founderspark.co.nz/",
                "img": "https://lh5.googleusercontent.com/p/AF1QipMCgCQqtVBTh1M-OiOEuaQFZM3KYCgcOS_IdPgs=w148-h148-n-k-no"
            },
            {
                "title": "Nelson Classic Car Museum",
                "category": "Tourist attraction",
                "url": "http://nelsonclassiccarmuseum.nz/",
                "img": "https://lh5.googleusercontent.com/p/AF1QipNNiBw0lzCN73uv4Y2MmmhOGTy-L4UZRtuYZww-=w148-h148-n-k-no"
            },
            {
                "title": "Centre of New Zealand Monument",
                "category": "Tourist attraction",
                "url": "http://nelson.govt.nz/recreation/recreation/parks-and-reserves/centre-of-nz/",
                "img": "https://lh5.googleusercontent.com/p/AF1QipOYwJ5cGkWLdVXQu_nSC1OIvWkB2tfuDhURSouA=w148-h148-n-k-no"
            },
            {
                "title": "Queen's Gardens",
                "category": "Park and Garden",
                "url": "http://nelson.govt.nz/recreation/recreation/parks-and-reserves/queens-garden/",
                "img": "https://lh5.googleusercontent.com/p/AF1QipMoCRXaNWZUmgpunnpftwC_kZFB93TMQTcv2QXj=w148-h148-n-k-no"
            },
            {
                "title": "The Nelson Market",
                "category": "Fruit and vegetable shop",
                "url": "http://www.nelsonmarket.co.nz/",
                "img": "https://lh5.googleusercontent.com/p/AF1QipOt2c3VlUZVw3ucNDR8AXN_kxD5B6mIK8NSQZUW=w148-h148-n-k-no"
            },
            {
                "title": "Abel Tasman National Park",
                "category": "National park",
                "url": "https://www.doc.govt.nz/parks-and-recreation/places-to-go/nelson-tasman/places/abel-tasman-national-park/",
                "img": "https://lh5.googleusercontent.com/p/AF1QipMZ1zq8NXbl4YWCcQwI2UUNCR7uOiBOOTRKwkPI=w148-h148-n-k-no"
            },
            {
                "title": "Christ Church Cathedral",
                "category": "Anglican church",
                "url": "https://nelsoncathedral.nz/",
                "img": "https://lh5.googleusercontent.com/p/AF1QipPQv3YwH47JBmAos_qeCs3WxynE1ijATJjSPaM1=w148-h148-n-k-no"
            },
            {
                "title": "The Suter Art Gallery",
                "category": "Art gallery",
                "url": "http://www.thesuter.org.nz/",
                "img": "https://lh5.googleusercontent.com/p/AF1QipN7jZts2T6MmLpPtiFg3B7eqE6XIzr1MICuER18=w148-h148-n-k-no"
            },
            {
                "title": "Nelson Cycle Hire and Tours",
                "category": "Bicycle hire shop",
                "url": "http://www.nelsoncyclehire.co.nz/",
                "img": "https://lh5.googleusercontent.com/p/AF1QipOBHdhQDZZwF13HVRZgnBl_7y19V17un6-dfROD=w148-h148-n-k-no"
            },
            {
                "title": "Te Waikoropupu Springs",
                "category": "Tourist attraction",
                "url": "https://www.doc.govt.nz/parks-and-recreation/places-to-go/nelson-tasman/places/takaka-area/te-waikoropupu-springs/",
                "img": "https://lh5.googleusercontent.com/p/AF1QipM8RO4-Y1Lp2XiQkhWm-4tacPA1lMAD-h52b-A=w148-h148-n-k-no"
            },
            {
                "title": "The Nelson Provincial Museum",
                "category": "Museum",
                "url": "http://www.nelsonmuseum.co.nz/",
                "img": "https://lh5.googleusercontent.com/p/AF1QipNpjpUF0MKc9VHL3Hjsv6Qs85taaCAoooqtU1vs=w148-h148-n-k-no"
            },
            {
                "title": "Nelson Fun Park - Mini Golf, Bumper Boats, Trampoline Park & Hydroslide",
                "category": "Amusement park",
                "url": "https://www.nelsonfunpark.co.nz/",
                "img": "https://lh5.googleusercontent.com/p/AF1QipORpsUlVs4B37tZv5UalcFMvfIKmF7yuq-cqsY6=w148-h148-n-k-no"
            },
            {
                "title": "Tahunanui Beach",
                "category": "Beach",
                "img": "https://lh5.googleusercontent.com/p/AF1QipMVo4wKvTs4FJJzBprJ1OdDPNRETmJ6BZTB1nTU=w148-h148-n-k-no"
            },
            {
                "title": "Broadgreen Historic House",
                "category": "Historical place",
                "url": "http://www.broadgreenhouse.nz/",
                "img": "https://lh5.googleusercontent.com/p/AF1QipM39oib6s-SScj4qoBct0cWvRcr-4TYs56-AizT=w148-h148-n-k-no"
            },
            {
                "title": "Nelson Lakes National Park",
                "category": "National park",
                "url": "https://www.doc.govt.nz/parks-and-recreation/places-to-go/nelson-tasman/places/nelson-lakes-national-park/",
                "img": "https://lh5.googleusercontent.com/p/AF1QipOx6CmK67bmpS-2OcSo4ycjNRM3XXXXlh-srgnE=w148-h148-n-k-no"
            },
            {
                "title": "Nelson Farmers' Market",
                "category": "Farmers' market",
                "url": "http://www.nelsonfarmersmarket.org.nz/",
                "img": "https://lh5.googleusercontent.com/p/AF1QipNMFTvoHWQSs216wMOMxA3389tdLesORtyFtdvY=w148-h148-n-k-no"
            }
        ],
        "Lower Hutt": [
            {
                "title": "Xcape",
                "category": "Escape room centre",
                "url": "http://xcape.nz/",
                "img": "https://lh5.googleusercontent.com/p/AF1QipMnrs_u8lr1FWWTuFuseQSzNtZVTDGDJSIy1zhP=w148-h148-n-k-no"
            },
            {
                "title": "Avalon Park",
                "category": "Park and Garden",
                "url": "http://www.huttvalleynz.com/AvalonPark",
                "img": "https://lh5.googleusercontent.com/p/AF1QipMuWLG1IXib1jMmByD9tAnnL3NZpUnOhWRdk28Q=w148-h148-n-k-no"
            },
            {
                "title": "Percy Scenic Reserve",
                "category": "Park and Garden",
                "url": "https://www.huttcity.govt.nz/environment-and-sustainability/parks-and-sportsgrounds/parks,-gardens-and-reserves/percy-scenic-reserve",
                "img": "https://lh5.googleusercontent.com/p/AF1QipNKrqSFxIoUwpphkZPWFoVU698HJOfJes4jk3Ye=w148-h148-n-k-no"
            },
            {
                "title": "The Dowse Art Museum and Dowse Square",
                "category": "Art museum",
                "url": "http://www.dowse.org.nz/",
                "img": "https://lh5.googleusercontent.com/p/AF1QipO2JilaBEQAni90PWy3Osb2lD4hBtxwIjUq1Tk6=w148-h148-n-k-no"
            },
            {
                "title": "Light House Cinema",
                "category": "Cinema",
                "url": "http://www.lighthousecinema.co.nz/",
                "img": "https://lh5.googleusercontent.com/p/AF1QipPjdCNiLesMs3OklES4pviITfQ6ejdwoPKjLr1g=w148-h148-n-k-no"
            },
            {
                "title": "Queensgate Shopping Centre",
                "category": "Shopping Centre",
                "url": "http://queensgateshopping.co.nz/",
                "img": "https://lh5.googleusercontent.com/p/AF1QipOkFIhRPuLP90HtYwDxBU3kf7ad1ybNmxUZ9MHe=w148-h148-n-k-no"
            },
            {
                "title": "Wainuiomata Summer Swimming Pool",
                "category": "Swimming pool",
                "img": "https://lh5.googleusercontent.com/p/AF1QipPFdx69QuUmNMwxYZwu6P2HrjptsIhJmiCsSsbM=w148-h148-n-k-no"
            },
            {
                "title": "Petone Foreshore",
                "category": "Tourist attraction",
                "img": "https://lh5.googleusercontent.com/p/AF1QipOrqPaA21rxzVGPhcrYhcbqKmkUzYqhbLFYf-Wh=w148-h148-n-k-no"
            },
            {
                "title": "Wildfinder | Pencarrow",
                "category": "Bicycle hire shop",
                "url": "http://www.wildfinder.co.nz/",
                "img": "https://lh5.googleusercontent.com/p/AF1QipNT1bm6h5Wh6fHNwNRpgrDWeU5FC2dv9VhMSF8T=w148-h148-n-k-no"
            },
            {
                "title": "Petone Settlers Museum",
                "category": "Museum",
                "url": "http://www.huttcity.govt.nz/arts-and-culture/museums/petone-settlers-museum",
                "img": "https://lh5.googleusercontent.com/p/AF1QipM4iEHsJk2F7HeJFsPM8L9F89qRtTpZZwNnh3Yt=w148-h148-n-k-no"
            },
            {
                "title": "Pencarrow Upper Lighthouse",
                "category": "Hiking area",
                "url": "https://www.heritage.org.nz/places/places-to-visit/wellington-region/pencarrow-lighthouse",
                "img": "https://lh5.googleusercontent.com/p/AF1QipNqnzXsfx85gRJqw6hKVQPZJsjlpdmduuCJVkja=w148-h148-n-k-no"
            },
            {
                "title": "Strike Entertainment Centre",
                "category": "Bowling Alley",
                "url": "http://www.strikenz.co.nz/",
                "img": "https://lh5.googleusercontent.com/p/AF1QipPWa1Q5jDZ8QF9T3vu8r9h4CeYu_criBtZMDnI-=w148-h148-n-k-no"
            },
            {
                "title": "Wainui Lookout",
                "category": "Motorway services",
                "img": "https://lh5.googleusercontent.com/p/AF1QipP5lDzYgkwHacB53UpfP_UR9OApHbf-MityE8y2=w148-h148-n-k-no"
            },
            {
                "title": "Wainuiomata Regional Park",
                "category": "Park and Garden",
                "url": "https://www.gw.govt.nz/parks/wainuiomata-regional-park/",
                "img": "https://lh5.googleusercontent.com/p/AF1QipMUCK5G4RyCLBRggeS1kXlcXyM3TIY1FJhNqfsF=w148-h148-n-k-no"
            },
            {
                "title": "Manor Park Golf Sanctuary",
                "category": "Golf course",
                "url": "http://www.manorparkgolf.co.nz/",
                "img": "https://lh5.googleusercontent.com/p/AF1QipPckR_YgdsajTE4D6wmdr8IGA-Xc_NsRuScY7Aa=w148-h148-n-k-no"
            },
            {
                "title": "Remutaka Forest Park.",
                "category": "National forest",
                "url": "http://www.doc.govt.nz/parks-and-recreation/places-to-go/wellington-kapiti/places/remutaka-forest-park/",
                "img": "https://lh5.googleusercontent.com/p/AF1QipNCOe4TdndN-CjNsI12KaiSPOi417tMhl2m-s8H=w148-h148-n-k-no"
            }
        ],
        "Hamilton": [
            {
                "title": "Hamilton Gardens",
                "category": "Garden",
                "url": "http://www.hamiltongardens.co.nz/",
                "img": "https://lh5.googleusercontent.com/p/AF1QipPMB9jznzqehWy-yTjgiWGOM_5ztOScuN1CQkwL=w148-h148-n-k-no"
            },
            {
                "title": "Hamilton Zoo",
                "category": "Zoo",
                "url": "http://www.hamiltonzoo.co.nz/",
                "img": "https://lh5.googleusercontent.com/p/AF1QipMIsKcAwtzqIAw9Rl4prdeZgeNNa_-sDKUDbfBa=w148-h148-n-k-no"
            },
            {
                "title": "Hamilton Lake Domain",
                "category": "Park and Garden",
                "url": "https://www.waikatonz.com/walking-and-hiking-trails/hamilton-lake-domain/",
                "img": "https://lh5.googleusercontent.com/p/AF1QipNdbpfE7WE9u31iytaXDwwY48uZ36ln7jJW3oR0=w148-h148-n-k-no"
            },
            {
                "title": "Waitomo Glowworm Caves",
                "category": "Tourist attraction",
                "url": "https://www.waitomo.com/glowworms-and-caves/waitomo-glowworm-caves?utm_source=google&utm_medium=GMB&utm_term=waitomoglowormcaves",
                "img": "https://lh5.googleusercontent.com/p/AF1QipPpSaQQ3rluApQbDNpK1iary03L7cQP11gpmYLE=w148-h148-n-k-no"
            },
            {
                "title": "Waikato Museum",
                "category": "Museum",
                "url": "http://waikatomuseum.co.nz/",
                "img": "https://lh5.googleusercontent.com/p/AF1QipMJXFVzt0t_tw_B0OP661OjH3Z6Mai6ARRVsstD=w148-h148-n-k-no"
            },
            {
                "title": "Taitua Arboretum",
                "category": "Arboretum",
                "url": "http://www.hamilton.govt.nz/our-city/parks/parksandgardens/Pages/Taitua-Arboretum.aspx",
                "img": "https://lh5.googleusercontent.com/p/AF1QipPbTfCf9KAXINh9XmwqOGyTxfovpEEa82Zl6YvA=w148-h148-n-k-no"
            },
            {
                "title": "Classics Museum",
                "category": "Museum",
                "url": "http://www.classicsmuseum.co.nz/",
                "img": "https://lh5.googleusercontent.com/p/AF1QipPkAP2qoxz7Vkj8j6w2jrsBmQBoF8faesZOqmex=w148-h148-n-k-no"
            },
            {
                "title": "FMG Stadium Waikato",
                "category": "Stadium",
                "url": "http://www.fmgstadiumwaikato.co.nz/",
                "img": "https://lh5.googleusercontent.com/p/AF1QipOMuVBv1Qsg-Myyr-P317eRwA66rGIXObqHpfXD=w148-h148-n-k-no"
            },
            {
                "title": "Zealong Tea Estate",
                "category": "Tea Manufacturer",
                "url": "https://zealong.com/",
                "img": "https://lh5.googleusercontent.com/p/AF1QipOgIyW7yTfHPeMKs0ANkdWriR_Kb3ML9Vs-YeNK=w148-h148-n-k-no"
            },
            {
                "title": "Ruakura Berry Shop",
                "category": "Pick your own farm produce",
                "url": "http://www.ruakuraberry.co.nz/",
                "img": "https://lh5.googleusercontent.com/p/AF1QipOT831mO_tULjFs6Wy7yIYUfn3LDCd21gBQD75m=w148-h148-n-k-no"
            },
            {
                "title": "Hobbiton™ Movie Set Tours",
                "category": "Tourist attraction",
                "url": "https://www.hobbitontours.com/",
                "img": "https://lh5.googleusercontent.com/p/AF1QipPeIs2v0-tAbHcTM2Hb_kM-1t3WiSUyGkJ1gUm_=w148-h148-n-k-no"
            },
            {
                "title": "Confinement Escape Rooms - Hamilton",
                "category": "Escape room centre",
                "url": "https://www.hamilton.confinement.co.nz/",
                "img": "https://lh5.googleusercontent.com/p/AF1QipPa4MegX4kO2vM_NJCeCmXF3mxb-11MAzxJY3qa=w148-h148-n-k-no"
            },
            {
                "title": "Brewaucracy Brewery & Taproom",
                "category": "Microbrewery",
                "url": "http://www.brewaucracy.co.nz/",
                "img": "https://lh5.googleusercontent.com/p/AF1QipMU9PAEtHyJYGfrZoDJQZic_KoM-5pe36WatUcG=w148-h148-n-k-no"
            },
            {
                "title": "Claudelands Park",
                "category": "Park and Garden",
                "img": "https://lh5.googleusercontent.com/p/AF1QipNlzKGDyR7R57bKQNuxsdSkibl7hj370MOTkfBK=w148-h148-n-k-no"
            },
            {
                "title": "Surrealist Garden",
                "category": "Garden",
                "url": "http://www.hamiltongardens.co.nz/",
                "img": "https://lh5.googleusercontent.com/p/AF1QipPSdmUivBot_31NLZbTypvYyGvm883tuHO_qEow=w148-h148-n-k-no"
            },
            {
                "title": "Hamilton New Zealand Temple",
                "category": "Church of Jesus Christ of Latter-day Saints (Mormon)",
                "url": "https://www.churchofjesuschrist.org/temples/details/hamilton-new-zealand-temple?utm_source=gmb&utm_medium=yext&y_source=1_MTAwMjQwOTIwMS03MTUtbG9jYXRpb24ud2Vic2l0ZQ%3D%3D",
                "img": "https://lh5.googleusercontent.com/p/AF1QipNO5I3gKf2i-ts4EXRv1BNKAxRqS_-uI80byvFm=w148-h148-n-k-no"
            }
        ],
        "Whangarei": [
            {
                "title": "Whangarei Falls",
                "category": "Tourist attraction",
                "img": "https://lh5.googleusercontent.com/p/AF1QipOFcYXYmeGj35KwqPzpukmkELP7TpLGQHx_qk8F=w148-h148-n-k-no"
            },
            {
                "title": "Kiwi North: Museum, Kiwi House and Heritage Park",
                "category": "Heritage museum",
                "img": "https://lh5.googleusercontent.com/p/AF1QipMJ5xbdD5hdnJ91qR2J4V6KdKoWPKH06164Czw4=w148-h148-n-k-no"
            },
            {
                "title": "Hundertwasser Art Centre with Wairau Māori Art Gallery",
                "category": "Art Centre",
                "img": "https://lh5.googleusercontent.com/p/AF1QipNoYypn31galNwjF9MWWNQPq8aEdA9whYv0KnpG=w148-h148-n-k-no"
            },
            {
                "title": "Whangarei Quarry Gardens",
                "category": "Park and Garden",
                "img": "https://lh5.googleusercontent.com/p/AF1QipPl0mh9otV4UMR1T4wGLU-wJR90WCuq492uBzSB=w148-h148-n-k-no"
            },
            {
                "title": "Claphams National Clock Museum",
                "category": "Museum",
                "img": "https://lh5.googleusercontent.com/p/AF1QipPzwPYCwGwXWr7MPR2y5gfu6Zz5faRUGiMUKXUw=w148-h148-n-k-no"
            },
            {
                "title": "Mair Park",
                "category": "Park and Garden",
                "img": "https://lh5.googleusercontent.com/p/AF1QipPpoYy9hAABltB_HBpNr-xL2vG7poWKZ2DkIzr5=w148-h148-n-k-no"
            },
            {
                "title": "Mount Parihaka Lookout and Memorial",
                "category": "Scenic point",
                "img": "https://lh5.googleusercontent.com/p/AF1QipPNgt_KD0uDy_Rri5kRaShWKuMEICQp1HpTdb8N=w148-h148-n-k-no"
            },
            {
                "title": "Whangarei Art Museum",
                "category": "Art museum",
                "img": "https://lh5.googleusercontent.com/p/AF1QipOIL6eqFerXlz5ZKf5PLax00QDo-pBJ5RIp319S=w148-h148-n-k-no"
            },
            {
                "title": "Whangarei Town Basin",
                "category": "Park and Garden",
                "img": "https://lh5.googleusercontent.com/p/AF1QipM7Zl9ZKq6ty45A-OGV1OrYNX0_pu3IJDfhLG8p=w148-h148-n-k-no"
            },
            {
                "title": "Reyburn House Art Gallery",
                "category": "Art gallery",
                "img": "https://lh5.googleusercontent.com/p/AF1QipPBfoqm6JdKOJvu05IM2K4tLQECUFBN2En-mzJo=w148-h148-n-k-no"
            },
            {
                "title": "Whangārei Falls",
                "category": "Waterfall",
                "img": "https://lh5.googleusercontent.com/p/AF1QipPKYcBPgkqfnpjhuu9pV1q1fyhp4nO8YlkSb61l=w148-h148-n-k-no"
            },
            {
                "title": "Abbey Caves",
                "category": "Neighborhood",
                "img": "https://lh5.googleusercontent.com/p/AF1QipMC9FEDSOjlUTDYwe13BlCw_nCC8S1lby32lInF=w148-h148-n-k-no"
            },
            {
                "title": "Aqua Restaurant and Bar (In the Hundertwasser Art Centre)",
                "category": "Restaurant",
                "img": "https://lh5.googleusercontent.com/p/AF1QipOKosBrU7SsgMkYCeQ0K9yYd1xr_67nd6LGtOiS=w148-h148-n-k-no"
            },
            {
                "title": "Whangarei Growers Market",
                "category": "Farmers' market",
                "img": "https://lh5.googleusercontent.com/p/AF1QipPeGr5fHKniVI2NWzfSterFBqZEtp05BEkPAxe-=w148-h148-n-k-no"
            },
            {
                "title": "The Quarry Arts Centre",
                "category": "Art Centre",
                "img": "https://lh5.googleusercontent.com/p/AF1QipMKoU_sUf8vJYFtiqHrw0p4pm2c29FKXwunmNVy=w148-h148-n-k-no"
            },
            {
                "title": "Packard Motor Museum",
                "category": "Museum",
                "img": "https://lh5.googleusercontent.com/p/AF1QipMbuUBvf7hytVy34UByLfcpfJsh7tt5wxXojmoH=w148-h148-n-k-no"
            }
        ],
        "Rotorua": [
            {
                "title": "Te Puia - Rotorua, NZ",
                "category": "Tourist attraction",
                "url": "http://www.tepuia.com/",
                "img": "https://lh5.googleusercontent.com/p/AF1QipNDxtvecynh-X3I_1KY0VucX_20S_d2uIWoTVtR=w148-h148-n-k-no"
            },
            {
                "title": "Redwoods Treewalk",
                "category": "Tourist attraction",
                "url": "http://www.treewalk.co.nz/",
                "img": "https://lh5.googleusercontent.com/p/AF1QipPA_Ag5aOF07qeTQa8zGPitaQjv97AeYPda9moJ=w148-h148-n-k-no"
            },
            {
                "title": "Redwoods – Whakarewarewa Forest",
                "category": "National forest",
                "url": "http://redwoods.co.nz/",
                "img": "https://lh5.googleusercontent.com/p/AF1QipNChYWSfQupYhGDK70ooyxZDilzzF4Zu0gFM-ly=w148-h148-n-k-no"
            },
            {
                "title": "Skyline Rotorua",
                "category": "Tourist attraction",
                "url": "https://rotorua.skyline.co.nz/?utm_source=gmb_listing&utm_medium=organic",
                "img": "https://lh5.googleusercontent.com/p/AF1QipO4nI1g6XRXEVAgjYTltGjnVrjyuoHE-jj5LGxU=w148-h148-n-k-no"
            },
            {
                "title": "Polynesian Spa",
                "category": "Spa",
                "url": "https://www.polynesianspa.co.nz/",
                "img": "https://lh5.googleusercontent.com/p/AF1QipNCBjGtzTl3mExpDZOJ7Yil2V6UoQ80wm1oyMvC=w148-h148-n-k-no"
            },
            {
                "title": "Kuirau Park",
                "category": "Park and Garden",
                "url": "https://www.rotoruanz.com/things-to-do/family-fun/kuirau-park",
                "img": "https://lh5.googleusercontent.com/p/AF1QipMyZLCvcZJj_bHWHNBtjTQCzEqjmxgWk7tFfrZy=w148-h148-n-k-no"
            },
            {
                "title": "Whakarewarewa - The Living Maori Village",
                "category": "Tourist attraction",
                "url": "http://www.whakarewarewa.com/",
                "img": "https://lh5.googleusercontent.com/p/AF1QipNlHrUeNwQsKoTWjsKnHomSMDVGyqe045wBU1CR=w148-h148-n-k-no"
            },
            {
                "title": "Rotorua Canopy Tours",
                "category": "Tourist attraction",
                "url": "https://www.canopytours.co.nz/",
                "img": "https://lh5.googleusercontent.com/p/AF1QipMyDL4t0HefBIee8nPLYPoP5JJ248rt-e1Yg_FK=w148-h148-n-k-no"
            },
            {
                "title": "ZORB™ Rotorua",
                "category": "Tourist attraction",
                "url": "https://www.zorb.com/",
                "img": "https://lh5.googleusercontent.com/p/AF1QipN_upLV5fZu0Zf_X5OyUeqOxJHYGuS3Jeo-xChg=w148-h148-n-k-no"
            },
            {
                "title": "Agrodome",
                "category": "Tourist attraction",
                "url": "http://www.agrodome.co.nz/?utm_source=google&utm_medium=organic&utm_campaign=Google%20My%20Business",
                "img": "https://lh5.googleusercontent.com/p/AF1QipN_dKwuNGIz0OV_BByOlfEHWOi5UFUtqrfAaoMJ=w148-h148-n-k-no"
            },
            {
                "title": "Pohutu Geyser",
                "category": "Tourist attraction",
                "url": "http://www.tepuia.com/",
                "img": "https://lh5.googleusercontent.com/p/AF1QipO6SuFPu5fwROi4-VKGhuOa0QjFw1AXdOKOPZXv=w148-h148-n-k-no"
            },
            {
                "title": "Government Gardens",
                "category": "Park and Garden",
                "url": "https://www.myguiderotorua.com/things-to-do/government-gardens",
                "img": "https://lh5.googleusercontent.com/p/AF1QipMO5KRGcuvTibhqdrmYdKbM_eEgvCnKouAI5f_6=w148-h148-n-k-no"
            },
            {
                "title": "Buried Village of Te Wairoa",
                "category": "Tourist attraction",
                "url": "https://www.buriedvillage.co.nz/",
                "img": "https://lh5.googleusercontent.com/p/AF1QipPmG1JpSHDOUOiT1qmOSA1ExqrIJUnA153ahqwl=w148-h148-n-k-no"
            },
            {
                "title": "Velocity Valley Adrenaline Park",
                "category": "Tourist attraction",
                "url": "https://velocityvalley.co.nz/",
                "img": "https://lh5.googleusercontent.com/p/AF1QipN6_IX3F_0cKYLNES8khabXI2HUyzZIKF63ZjLL=w148-h148-n-k-no"
            },
            {
                "title": "Secret Spot Hot Tubs Rotorua",
                "category": "Tourist attraction",
                "url": "https://secretspot.nz/",
                "img": "https://lh5.googleusercontent.com/p/AF1QipPq-nXHQ9XouDlYpdi4dCBy7OnvQzLEqMVy8tLg=w148-h148-n-k-no"
            },
            {
                "title": "Te Pa Tu - The Gathering Place",
                "category": "Tourist attraction",
                "url": "http://www.te-pa-tu.com/",
                "img": "https://lh5.googleusercontent.com/p/AF1QipPb-F79POPaPr9GSzDrgp2saT95U68ASnQH7NSz=w148-h148-n-k-no"
            }
        ],
        "Tauranga": [
            {
                "title": "Hobbiton™ Movie Set Tours",
                "category": "Tourist attraction",
                "url": "https://www.hobbitontours.com/",
                "img": "https://lh5.googleusercontent.com/p/AF1QipPeIs2v0-tAbHcTM2Hb_kM-1t3WiSUyGkJ1gUm_=w148-h148-n-k-no"
            },
            {
                "title": "Memorial Park",
                "category": "Park and Garden",
                "url": "https://www.tauranga.govt.nz/exploring/parks-and-reserves/parks/memorial-park",
                "img": "https://lh5.googleusercontent.com/p/AF1QipPoYnsPNkfgJCaQIaUECaKwPHoJPJexJDAkjTpd=w148-h148-n-k-no"
            },
            {
                "title": "Waiotapu Thermal Wonderland",
                "category": "Tourist attraction",
                "url": "http://www.waiotapu.co.nz/",
                "img": "https://lh5.googleusercontent.com/p/AF1QipPgzfTTTBx4-z1IwqqcinM0mt9iT5MWzKqDcoZC=w148-h148-n-k-no"
            },
            {
                "title": "Bay Explorer - Dolphin and Wildlife Cruises",
                "category": "Tourist attraction",
                "url": "http://bayexplorer.co.nz/",
                "img": "https://lh5.googleusercontent.com/p/AF1QipMS4dUmtnS4muSt7FAYBfP8Zpb2GgbhaiutViIC=w148-h148-n-k-no"
            },
            {
                "title": "Waimarino Water & Adventure Park",
                "category": "Amusement park",
                "url": "https://www.waimarino.com/",
                "img": "https://lh5.googleusercontent.com/p/AF1QipMRUWJ2WrJNr--28alOQD7IwwR_uA2jCBncSQ-w=w148-h148-n-k-no"
            },
            {
                "title": "Dolphin Seafaris NZ Ltd",
                "category": "Tourist attraction",
                "url": "http://www.nzdolphin.com/",
                "img": "https://lh5.googleusercontent.com/p/AF1QipMdsB6vuO_vBEmltqpMKHJ6BF5Jo80N9myBHOnz=w148-h148-n-k-no"
            },
            {
                "title": "Mauao / Mount Maunganui summit",
                "category": "Tourist attraction",
                "url": "https://www.tauranga.govt.nz/exploring/parks-and-reserves/walkways/mauao-walkway",
                "img": "https://lh5.googleusercontent.com/p/AF1QipNlNLoGsfm9qhF2Z7BaHTwxeYVrF2j-x88m78j-=w148-h148-n-k-no"
            },
            {
                "title": "Classic Flyers Aviation Museum & Cafe",
                "category": "Museum",
                "url": "http://www.classicflyersnz.com/",
                "img": "https://lh5.googleusercontent.com/p/AF1QipNtRBv592ydaSPtdjyJwwSWvx6jbmT0ZsxMtgvi=w148-h148-n-k-no"
            },
            {
                "title": "Whakarewarewa - The Living Maori Village",
                "category": "Tourist attraction",
                "url": "http://www.whakarewarewa.com/",
                "img": "https://lh5.googleusercontent.com/p/AF1QipNlHrUeNwQsKoTWjsKnHomSMDVGyqe045wBU1CR=w148-h148-n-k-no"
            },
            {
                "title": "Te Puia - Rotorua, NZ",
                "category": "Tourist attraction",
                "url": "http://www.tepuia.com/",
                "img": "https://lh5.googleusercontent.com/p/AF1QipNDxtvecynh-X3I_1KY0VucX_20S_d2uIWoTVtR=w148-h148-n-k-no"
            },
            {
                "title": "Hairy Maclary and Friends Sculpture",
                "category": "Sculpture",
                "url": "http://tauranga.govt.nz/",
                "img": "https://lh5.googleusercontent.com/p/AF1QipNvu8E4uupv6qC5mbyqdgGRia2G1fMxkRTeRqo1=w148-h148-n-k-no"
            },
            {
                "title": "Kaiate Falls",
                "category": "Landmark",
                "url": "https://www.westernbay.govt.nz/recreation/walking-tracks-and-trails/kaiate-falls-te-rerekawau",
                "img": "https://lh5.googleusercontent.com/p/AF1QipNAdj0IqIUrtSLL9GK5_Qz2_Y_RO_lJP9il3pvx=w148-h148-n-k-no"
            },
            {
                "title": "Pilot Bay Beach",
                "category": "Beach",
                "img": "https://lh5.googleusercontent.com/p/AF1QipP8-FT421m_B8LijaGfOmBDnqk8suGNUbeveSU=w148-h148-n-k-no"
            },
            {
                "title": "McLaren Falls",
                "category": "Tourist attraction",
                "url": "http://www.tauranga.govt.nz/exploring/parks-and-reserves/parks/mclaren-falls",
                "img": "https://lh5.googleusercontent.com/p/AF1QipP8jPkSQnag_Z1mZkFknf3gxgiojqyHj6oK9h23=w148-h148-n-k-no"
            },
            {
                "title": "The Elms | Te Papa Tauranga",
                "category": "Local history museum",
                "url": "https://www.theelms.org.nz/",
                "img": "https://lh5.googleusercontent.com/p/AF1QipMKmQYp_Eoa72eIR9jZbWqMcG_Ma31t2GtIDFzu=w148-h148-n-k-no"
            },
            {
                "title": "Baywave TECT Aquatic & Leisure Centre",
                "category": "Aquatic centre",
                "url": "http://www.baywave.co.nz/",
                "img": "https://lh5.googleusercontent.com/p/AF1QipMD6e1ganeP1T35VePJ_3g8KHp0k-2Xq3jYZKMj=w148-h148-n-k-no"
            }
        ],
        "New Plymouth": [
            {
                "title": "Pukekura Park",
                "category": "Park and Garden",
                "url": "http://www.newplymouthnz.com/Residents/Attractions-and-Recreation/Pukekura-Park",
                "img": "https://lh5.googleusercontent.com/p/AF1QipMuFducyBVj8FxnROe08LePKDVKbBNvyt_OQz0L=w148-h148-n-k-no"
            },
            {
                "title": "Te Rewa Rewa Bridge",
                "category": "Bridge",
                "url": "https://www.newzealand.com/my/article/te-rewa-rewa-bridge/",
                "img": "https://lh5.googleusercontent.com/p/AF1QipOa0TdAL7lw3jsYaGeNRTndFFdRosWM7myPQXSr=w148-h148-n-k-no"
            },
            {
                "title": "Puke Ariki",
                "category": "Historical place museum",
                "url": "http://pukeariki.com/",
                "img": "https://lh5.googleusercontent.com/p/AF1QipPJ7SD0Tyo1jfqstBamCI29W1N6Gjar5DMa28o=w148-h148-n-k-no"
            },
            {
                "title": "Govett-Brewster Art Gallery/Len Lye Centre",
                "category": "Art museum",
                "url": "http://www.govettbrewster.com/",
                "img": "https://lh5.googleusercontent.com/p/AF1QipPG9j0VNhlFbYRBZfUhfGCtXfwmj4Ym3QjXdxKG=w148-h148-n-k-no"
            },
            {
                "title": "Brooklands Zoo",
                "category": "Zoo",
                "url": "https://www.npdc.govt.nz/brooklands-zoo/",
                "img": "https://lh5.googleusercontent.com/p/AF1QipPCfhP2vOrL5ZnjYOc1bbSvNLIN_BtIPppBV7Xx=w148-h148-n-k-no"
            },
            {
                "title": "Recreation Reserve",
                "category": "Park and Garden",
                "img": "https://lh5.googleusercontent.com/p/AF1QipMjnXB_uDlx8JCtWyJgsH1BsMYY_jSSbSLy6Dd7=w148-h148-n-k-no"
            },
            {
                "title": "New Plymouth Coastal Walkway",
                "category": "Tourist attraction",
                "url": "https://www.newplymouthnz.com/Residents/Attractions-and-Recreation/Coastal-Walkway",
                "img": "https://lh5.googleusercontent.com/p/AF1QipN8Pig3-04yey29N7fTjT-YXjKZ1czhL5Fk5B83=w148-h148-n-k-no"
            },
            {
                "title": "Shining Peak Brewing",
                "category": "Microbrewery",
                "url": "http://www.shiningpeakbrewing.com/",
                "img": "https://lh5.googleusercontent.com/p/AF1QipNu4XeYvHaNAG70xobKwSX5H8KKgbAFuHdlm9W3=w148-h148-n-k-no"
            },
            {
                "title": "Tūpare",
                "category": "Garden",
                "url": "http://www.tupare.nz/",
                "img": "https://lh5.googleusercontent.com/p/AF1QipNaivQL3WFf9Zkn2gIaE4jvCqYc0jx0qq8WILVW=w148-h148-n-k-no"
            },
            {
                "title": "New Plymouth isite Visitor Information Centre",
                "category": "Tourist Information Centre",
                "url": "http://visitnewplymouth.nz/",
                "img": "https://lh5.googleusercontent.com/p/AF1QipOd6o9KqZDCZqEYii7uDhrcjTAye5hcJZag9z4h=w148-h148-n-k-no"
            },
            {
                "title": "Paritutu Rock",
                "category": "Tourist attraction",
                "url": "http://newplymouthnz.com/",
                "img": "https://lh5.googleusercontent.com/p/AF1QipPNnMxtJOLrwF3JNAPFi484AoRFtr0Jo9pSNUGC=w148-h148-n-k-no"
            },
            {
                "title": "The Wind Wand",
                "category": "Monument",
                "url": "http://www.newplymouthnz.com/",
                "img": "https://lh5.googleusercontent.com/p/AF1QipNW2aL0Hj7J-_Jsc0t6ugN9jZELBIX_Z3eJGwzx=w148-h148-n-k-no"
            },
            {
                "title": "Todd Energy Aquatic Centre",
                "category": "Public swimming pool",
                "url": "https://www.npdc.govt.nz/todd-energy-aquatic-centre/",
                "img": "https://lh5.googleusercontent.com/p/AF1QipP_XA7eC9IuOqLfTXjsBU_ooaZJ5gucwVaKW00t=w148-h148-n-k-no"
            },
            {
                "title": "Kawaroa Park",
                "category": "Park and Garden",
                "url": "http://www.newplymouthnz.com/",
                "img": "https://lh5.googleusercontent.com/p/AF1QipMtKUMgi4CR-yJIG0RBjhnjsjebZMBVD2LITx0=w148-h148-n-k-no"
            },
            {
                "title": "Back Beach New Plymouth",
                "category": "Car Park",
                "url": "https://www.facebook.com/backbeachbreak",
                "img": "https://lh5.googleusercontent.com/p/AF1QipP3DklreCfQ7fHvdCNG5hcrXU0xwWY5GYSvvKBC=w148-h148-n-k-no"
            },
            {
                "title": "Ngamotu Beach",
                "category": "Tourist attraction",
                "url": "http://newplymouthnz.com/",
                "img": "https://lh5.googleusercontent.com/p/AF1QipPzZ9brU37wNQHWGNRxPLBvK1cJCym2BLAnW-DK=w148-h148-n-k-no"
            }
        ],
        "Wellington": [
            {
                "title": "Museum of New Zealand Te Papa Tongarewa",
                "category": "Museum",
                "url": "https://www.tepapa.govt.nz/",
                "img": "https://lh5.googleusercontent.com/p/AF1QipPHNveRrhL4aT8fwebdP2qysMQCEsf_b3D9bwic=w148-h148-n-k-no"
            },
            {
                "title": "Zealandia Te Māra a Tāne",
                "category": "Wildlife Refuge",
                "url": "http://www.visitzealandia.com/",
                "img": "https://lh5.googleusercontent.com/p/AF1QipNNJBtK8SkPywmj4pIxuzCdJqUKEtmOaxv-d009=w148-h148-n-k-no"
            },
            {
                "title": "Wellington Zoo",
                "category": "Zoo",
                "url": "http://wellingtonzoo.com/",
                "img": "https://lh5.googleusercontent.com/p/AF1QipMjO6tbGiuQE8GkCYY3yPmrmAJh-xfoOap5USxg=w148-h148-n-k-no"
            },
            {
                "title": "Wellington Botanic Garden",
                "category": "Botanical garden",
                "url": "https://wellingtongardens.nz/",
                "img": "https://lh5.googleusercontent.com/p/AF1QipPfofv9WoolZDxfJXHWfzqYxrjJ4X1GSmr20qNH=w148-h148-n-k-no"
            },
            {
                "title": "Wellington Cable Car",
                "category": "Transportation service",
                "url": "http://www.wellingtoncablecar.co.nz/",
                "img": "https://lh5.googleusercontent.com/p/AF1QipMMXkwAB9Y7V9A-fERZiRr43IqZfBvFdUqXDIH2=w148-h148-n-k-no"
            },
            {
                "title": "Wellington Museum",
                "category": "Historical place museum",
                "url": "http://www.museumswellington.org.nz/wellington-museum/",
                "img": "https://lh5.googleusercontent.com/p/AF1QipPGEk0C0WuTi3vWHg1p1ztDg6FPZk_U7hKkulLS=w148-h148-n-k-no"
            },
            {
                "title": "Wētā Cave",
                "category": "Tourist attraction",
                "url": "https://tours.wetaworkshop.com/",
                "img": "https://lh5.googleusercontent.com/p/AF1QipMbFvUHhpIAdWoCuDri7RwFvbq6ecET7UU-2PPs=w148-h148-n-k-no"
            },
            {
                "title": "Space Place at Carter Observatory",
                "category": "Science museum",
                "url": "http://www.museumswellington.org.nz/space-place/",
                "img": "https://lh5.googleusercontent.com/p/AF1QipNKKv-GN7Se-liPBl1_i2kgu3PkQO6vJkULlgYp=w148-h148-n-k-no"
            },
            {
                "title": "Cable Car Museum",
                "category": "Museum",
                "url": "http://www.museumswellington.org.nz/cable-car-museum/",
                "img": "https://lh5.googleusercontent.com/p/AF1QipPjHwH61QpC6Pooe7Nqh_mLYMYIEYDgx40icLWY=w148-h148-n-k-no"
            },
            {
                "title": "Otari-Wilton's Bush",
                "category": "Botanical garden",
                "url": "http://wellingtongardens.nz/",
                "img": "https://lh5.googleusercontent.com/p/AF1QipMdXgl5Ryqq_FRWREjbARft_N90lbXjp2Y-zt4=w148-h148-n-k-no"
            },
            {
                "title": "Old St Paul's",
                "category": "Anglican church",
                "url": "https://www.heritage.org.nz/places/places-to-visit/wellington-region/old-st-pauls",
                "img": "https://lh5.googleusercontent.com/p/AF1QipP0DYLwDU7_q5A6WW8hLlyJPjc8uUkhdhUN9Ko6=w148-h148-n-k-no"
            },
            {
                "title": "City Gallery Wellington",
                "category": "Art gallery",
                "url": "http://citygallery.org.nz/",
                "img": "https://lh5.googleusercontent.com/p/AF1QipMdy4HC1rdaJ4zuWDDkesqEpuV2HhVw-l8lmKy-=w148-h148-n-k-no"
            },
            {
                "title": "Wellington Waterfront Walk",
                "category": "Tourist attraction",
                "url": "https://wellington.govt.nz/wellington-city/about-wellington-city/wellington-waterfront",
                "img": "https://lh5.googleusercontent.com/p/AF1QipNYnIWvsFLUSUteuWjmI7NbisFaMuPinPdxicFA=w148-h148-n-k-no"
            },
            {
                "title": "Wētā Workshop",
                "category": "Film Production Company",
                "url": "https://www.wetaworkshop.com/",
                "img": "https://lh5.googleusercontent.com/p/AF1QipPirp2GolneZ8GjnGvIKrbSJS6ji6wA8tBSTmn4=w148-h148-n-k-no"
            },
            {
                "title": "Mount Victoria Lookout",
                "category": "Observation deck",
                "url": "http://www.wellingtonnz.com/discover/things-to-do/sights-activities/mount-victoria-lookout/",
                "img": "https://lh5.googleusercontent.com/p/AF1QipOLDzkKgLfdDtWU_Tadp92ySgTAP0Sxod1HVnck=w148-h148-n-k-no"
            },
            {
                "title": "New Zealand Parliament Buildings",
                "category": "Government office",
                "url": "https://www.parliament.nz/en/visit-and-learn/history-and-buildings/",
                "img": "https://lh5.googleusercontent.com/p/AF1QipPoAHj7dQDSENOF2QwPD0gtEe55QUfUt9Q_Zvso=w148-h148-n-k-no"
            }
        ],
        "Hastings": [
            {
                "title": "Splash Planet",
                "category": "Water park",
                "url": "http://www.splashplanet.co.nz/",
                "img": "https://lh5.googleusercontent.com/p/AF1QipMHCnsqj-wNNeUUP0B7J0fDZLPz3tBm5ktUsdu2=w148-h148-n-k-no"
            },
            {
                "title": "Hawkes Bay Farmers Market",
                "category": "Market",
                "url": "http://www.hawkesbayfarmersmarket.co.nz/",
                "img": "https://lh5.googleusercontent.com/p/AF1QipPQpRhS3gJ_cbH7Y1HP_3VhTXQGCBec_pNKHFlP=w148-h148-n-k-no"
            },
            {
                "title": "Trinity Hill Wines",
                "category": "Winery",
                "url": "http://www.trinityhill.com/",
                "img": "https://lh5.googleusercontent.com/p/AF1QipO02Me3EdhNivj0NPep40wgpFDX-cNJ1TQ_jFT0=w148-h148-n-k-no"
            },
            {
                "title": "Craggy Range",
                "category": "Winery",
                "url": "http://www.craggyrange.com/",
                "img": "https://lh5.googleusercontent.com/p/AF1QipO80nht-LnQ9FzFblikgCoYEyYeWUTY87l2w-_K=w148-h148-n-k-no"
            },
            {
                "title": "Ash Ridge Winery",
                "category": "Winery",
                "url": "https://www.ashridgewines.com/",
                "img": "https://lh5.googleusercontent.com/p/AF1QipMDeDh9oOKIfNqH7KfKaMsxoENZ-7fuU8fzfvNB=w148-h148-n-k-no"
            },
            {
                "title": "Alpha Domus Winery",
                "category": "Winery",
                "url": "https://alphadomus.co.nz/",
                "img": "https://lh5.googleusercontent.com/p/AF1QipOw0IrHHxLK0WJ12PKKzgV1mttorTQfg2GuLd75=w148-h148-n-k-no"
            },
            {
                "title": "Sileni Winery & Cellar Door",
                "category": "Winery",
                "url": "http://www.sileni.co.nz/",
                "img": "https://lh5.googleusercontent.com/p/AF1QipMH-9Tyi2ejxb4KNZxwdiOyA1lB65Nx9XPB8NYE=w148-h148-n-k-no"
            },
            {
                "title": "Hawkes Bay Farmyard Zoo",
                "category": "Tourist attraction",
                "url": "http://www.farmyardzoo.co.nz/",
                "img": "https://lh5.googleusercontent.com/p/AF1QipMLX09IqIpvDK9pGHf45ZG6vY9uUswIff1a6L76=w148-h148-n-k-no"
            },
            {
                "title": "Te Mata Estate Winery",
                "category": "Winery",
                "url": "http://www.temata.co.nz/",
                "img": "https://lh5.googleusercontent.com/p/AF1QipMBTc2JknVYrTqNns4347Q3i8mkq7F6UD2_9tgo=w148-h148-n-k-no"
            },
            {
                "title": "GodsOwn Brewery",
                "category": "Microbrewery",
                "url": "http://godsownbrewery.co.nz/",
                "img": "https://lh5.googleusercontent.com/p/AF1QipMiyampVe_WxJG5YhLMJUnNs15BLkapi7cnBBk=w148-h148-n-k-no"
            },
            {
                "title": "Te Mata Peak",
                "category": "Mountain peak",
                "img": "https://lh5.googleusercontent.com/p/AF1QipPH1J6TeDm0dficWQ01NyxjHsOVAmc7iBrj60hP=w148-h148-n-k-no"
            },
            {
                "title": "Pekapeka Wetland",
                "category": "Wetland",
                "img": "https://lh5.googleusercontent.com/p/AF1QipPmalS4TJIRmwI-k1CygPefVwM9R85RBqLfy7Tn=w148-h148-n-k-no"
            },
            {
                "title": "Clearview Estate Winery & Restaurant",
                "category": "Winery",
                "url": "http://www.clearviewestate.co.nz/",
                "img": "https://lh5.googleusercontent.com/p/AF1QipNTnuK3u6yI0gNdP1HlL-Sw7oG0i7uYBZfM2Dtg=w148-h148-n-k-no"
            },
            {
                "title": "Waimarama Beach",
                "category": "Beach",
                "img": "https://lh5.googleusercontent.com/p/AF1QipM254Ii-O_jjFmwi-sI_GbuPJ7QXa28FuwcU9EZ=w148-h148-n-k-no"
            },
            {
                "title": "Nga Pou O Heretaunga",
                "category": "Historical landmark",
                "img": "https://lh5.googleusercontent.com/p/AF1QipNfjGFLMcuMz5lfPkkeIbVmlYCynEQzOoMdKqv4=w148-h148-n-k-no"
            }
        ],
        "Manukau City": [
            {
                "title": "Kidz Kingdom at Rainbow's End Theme Park",
                "category": "Amusement park",
                "url": "https://rainbowsend.co.nz/info/kidz-kingdom#intro",
                "img": "https://lh5.googleusercontent.com/p/AF1QipMUbh7rGFkKZGHByyvAY8nbMCljt68ycLxEhe88=w148-h148-n-k-no"
            },
            {
                "title": "GravityNZ",
                "category": "Children's Amusement Centre",
                "url": "http://www.gravitynz.co.nz/",
                "img": "https://lh5.googleusercontent.com/p/AF1QipPg3g0putA2unLO9ZZtMsB0mjx2WMDPLBC8Shtp=w148-h148-n-k-no"
            },
            {
                "title": "Vector Wero Whitewater Park",
                "category": "Water park",
                "url": "http://www.wero.org.nz/",
                "img": "https://lh5.googleusercontent.com/p/AF1QipPOSqHg58bpWRPgm6Vp8hZZR19ymGIWYr7jYf6k=w148-h148-n-k-no"
            },
            {
                "title": "Butterfly Creek",
                "category": "Zoo",
                "url": "http://www.butterflycreek.co.nz/",
                "img": "https://lh5.googleusercontent.com/p/AF1QipMBWXdhpNdQtImXdfXbgbm2HkQTuiVc0xAO05U=w148-h148-n-k-no"
            },
            {
                "title": "Howick Historical Village",
                "category": "History museum",
                "url": "http://www.historicalvillage.org.nz/",
                "img": "https://lh5.googleusercontent.com/p/AF1QipOCyWOXIO8tPtvwPgApkzD_jHsvyj9_Q0LEwCCr=w148-h148-n-k-no"
            },
            {
                "title": "Stardome Observatory & Planetarium",
                "category": "Planetarium",
                "url": "http://www.stardome.org.nz/",
                "img": "https://lh5.googleusercontent.com/p/AF1QipPJls0Ds7P8eDZK57McJQNiyL-jGM1fbejl_1ni=w148-h148-n-k-no"
            },
            {
                "title": "Manukau Heads Lighthouse",
                "category": "Scenic point",
                "url": "https://www.manukauheadslighthouse.org.nz/",
                "img": "https://lh5.googleusercontent.com/p/AF1QipPZKaa7BoLnHiN4koUJdx5l5tU_SSo33izSbJyY=w148-h148-n-k-no"
            },
            {
                "title": "Westfield Manukau",
                "category": "Shopping Centre",
                "url": "http://www.westfield.co.nz/manukau",
                "img": "https://lh5.googleusercontent.com/p/AF1QipNjw6neqcTcShjNNomLoHIU_2dqwJNGXyUacuo=w148-h148-n-k-no"
            },
            {
                "title": "Escape Masters Manukau",
                "category": "Escape room centre",
                "url": "https://escapemasters.co.nz/en/",
                "img": "https://lh5.googleusercontent.com/p/AF1QipN3ZeMYg2O3htfWKNyogrkowDN6ze5QwLZwX5-k=w148-h148-n-k-no"
            },
            {
                "title": "Hayman Park Playground",
                "category": "Playground",
                "img": "https://lh5.googleusercontent.com/p/AF1QipOzy6AiK2HKqzxcQrPIEUCt6r_pIfO8GymWIffh=w148-h148-n-k-no"
            },
            {
                "title": "Auckland Botanic Gardens",
                "category": "Botanical garden",
                "url": "http://www.aucklandbotanicgardens.co.nz/",
                "img": "https://lh5.googleusercontent.com/p/AF1QipNqIUIoKu2fG8O1MXlSWZO_YHc9U-0lD7QIoD9i=w148-h148-n-k-no"
            },
            {
                "title": "Rainbow's End",
                "category": "Theme park",
                "url": "http://www.rainbowsend.co.nz/",
                "img": "https://lh5.googleusercontent.com/p/AF1QipMTlvqG7Wy3X44p0-gdKgaoLE07sT7qYKvN1FJj=w148-h148-n-k-no"
            },
            {
                "title": "Due Drop Events Centre",
                "category": "Events Venue",
                "url": "http://www.duedropeventscentre.org.nz/",
                "img": "https://lh5.googleusercontent.com/p/AF1QipMTQU2soEGySGQfTekRMAFxNCvTFBI5qvzSDEVK=w148-h148-n-k-no"
            },
            {
                "title": "Manukau Square",
                "category": "Pedestrian zone",
                "url": "https://www.facebook.com/ourmanukau",
                "img": "https://lh5.googleusercontent.com/p/AF1QipOL00rWMCn5COFK701anwmpcW7mU5okmBLKWihO=w148-h148-n-k-no"
            },
            {
                "title": "Gravity NZ Trampoline Park",
                "category": "Amusement park",
                "url": "http://www.gravitynz.co.nz/",
                "img": "https://lh5.googleusercontent.com/p/AF1QipMDQaA5SAqIeiwszCv94Jo7KZtLDGX6xL_FGlJX=w148-h148-n-k-no"
            },
            {
                "title": "Māngere Mountain",
                "category": "Mountain peak",
                "img": "https://lh5.googleusercontent.com/p/AF1QipMN6flvBOKtviteOX8xWax4KRBCDQ46sI6fpuEI=w148-h148-n-k-no"
            }
        ],
        "Napier": [
            {
                "title": "National Aquarium of New Zealand",
                "category": "Aquarium",
                "url": "https://www.nationalaquarium.co.nz/",
                "img": "https://lh5.googleusercontent.com/p/AF1QipOGbkMhMaM1ovww7Tkcu4GsZ8IfCUSsvdX3ByNZ=w148-h148-n-k-no"
            },
            {
                "title": "Bluff Hill Lookout",
                "category": "Historical landmark",
                "img": "https://lh5.googleusercontent.com/p/AF1QipMAz-b5olaTbYf-39160W3dRxX49x0HuYcY20M=w148-h148-n-k-no"
            },
            {
                "title": "Napier isite Visitor Information Centre",
                "category": "Tourist Information Centre",
                "url": "http://www.napiernz.com/",
                "img": "https://lh5.googleusercontent.com/p/AF1QipPUzPFqY0yIE_AB9tdWjh9pEvxE3cGuPhpxGBCg=w148-h148-n-k-no"
            },
            {
                "title": "MTG Hawke's Bay",
                "category": "Art museum",
                "url": "http://www.mtghawkesbay.com/",
                "img": "https://lh5.googleusercontent.com/p/AF1QipMzbObKGQL1EjWfStTkTRdtGHwep4PY66wRjxRL=w148-h148-n-k-no"
            },
            {
                "title": "Mission Estate Winery",
                "category": "Winery",
                "url": "http://www.missionestate.co.nz/",
                "img": "https://lh5.googleusercontent.com/p/AF1QipM4R9PMPW6TjZQqpgkQxNx_MjNeaiOj7_jcnlJ8=w148-h148-n-k-no"
            },
            {
                "title": "Church Road Winery",
                "category": "Winery",
                "url": "http://www.church-road.co.nz/",
                "img": "https://lh5.googleusercontent.com/p/AF1QipM1k9e9tJ5COQZI_dbavjv8AkXdoRxL6552601W=w148-h148-n-k-no"
            },
            {
                "title": "Reading Cinemas Napier",
                "category": "Cinema",
                "url": "http://readingcinemas.co.nz/locations/theatre/napier",
                "img": "https://lh5.googleusercontent.com/p/AF1QipMbFBhxlWtsGS3OqKBUrPbwFwFyhUYUPGyisIeP=w148-h148-n-k-no"
            },
            {
                "title": "Ocean Spa",
                "category": "Spa and health club",
                "url": "http://www.oceanspanapier.co.nz/",
                "img": "https://lh5.googleusercontent.com/p/AF1QipPtmV1YD_hofb_H-qE7V3JbmiVLoNLLcVXsNO2t=w148-h148-n-k-no"
            },
            {
                "title": "The Art Deco Trust",
                "category": "Tourist attraction",
                "url": "http://www.artdeconapier.com/",
                "img": "https://lh5.googleusercontent.com/p/AF1QipPyGcL_v10gcf82nMI4SWF6Bi2mD8aHZfc2SR1X=w148-h148-n-k-no"
            },
            {
                "title": "Lick this",
                "category": "Ice cream shop",
                "url": "http://www.lickthis.co.nz/",
                "img": "https://lh5.googleusercontent.com/p/AF1QipNCZfr0bpuP_N_d-mMsXayDjnHtHWnTUD_wO_3T=w148-h148-n-k-no"
            },
            {
                "title": "Faraday Museum of Technology",
                "category": "Tourist attraction",
                "url": "https://www.faradaymuseum.co.nz/",
                "img": "https://lh5.googleusercontent.com/p/AF1QipPJTwQPvXJ54IfLZER71I0PRPk88QsjU9C6Sthv=w148-h148-n-k-no"
            },
            {
                "title": "Napier Municipal Theatre",
                "category": "Performing arts theatre",
                "url": "http://www.napiermunicipaltheatre.co.nz/",
                "img": "https://lh5.googleusercontent.com/p/AF1QipPXjQQBpP_MYU8PfCeec6Boz1qmDYGnDVGRu3e2=w148-h148-n-k-no"
            },
            {
                "title": "Hawke's Bay Trails",
                "category": "Tourist attraction",
                "url": "http://www.hbtrails.nz/",
                "img": "https://lh5.googleusercontent.com/p/AF1QipPseI_n3HleZlK3OPz5SxuWqsFPUyd3H76rJvw2=w148-h148-n-k-no"
            },
            {
                "title": "Perfume Point",
                "category": "Tourist attraction",
                "img": "https://lh5.googleusercontent.com/p/AF1QipP16gDO5cd5KXyPYpSqvh9CD_S_SbAl8kdEAnEL=w148-h148-n-k-no"
            },
            {
                "title": "Crab Farm Winery",
                "category": "Winery",
                "url": "http://crabfarmwinery.co.nz/",
                "img": "https://lh5.googleusercontent.com/p/AF1QipOn7Lpl2M2KajIxYFilFqY-_RvijFlfswABtU46=w148-h148-n-k-no"
            },
            {
                "title": "Napier Aquatic Centre",
                "category": "Aquatic centre",
                "url": "http://www.napieraquatic.co.nz/",
                "img": "https://lh5.googleusercontent.com/p/AF1QipMsfrPpZ2yEd1Rp0cg3gVr6MXi3AoJACaGrfMhI=w148-h148-n-k-no"
            }
        ],
        "North Shore": [
            {
                "title": "Long Bay Regional Park",
                "category": "Park and Garden",
                "img": "https://lh5.googleusercontent.com/p/AF1QipNOt9XlUHaqN9AEgqHywYf43fA0ZuDq8wsq-mpQ=w148-h148-n-k-no"
            },
            {
                "title": "Long Bay Beach",
                "category": "Beach",
                "img": "https://lh5.googleusercontent.com/p/AF1QipPs3GrKklDXX-CSYN_Sl1-o8fHi61T4KBuknm94=w148-h148-n-k-no"
            },
            {
                "title": "Cheltenham Beach",
                "category": "Public beach",
                "img": "https://lh5.googleusercontent.com/p/AF1QipPA01UI_5I4TeyQsDCtC1thfgR-ZSdYfXfX-hp3=w148-h148-n-k-no"
            },
            {
                "title": "Devonport Beach",
                "category": "Beach",
                "img": "https://lh5.googleusercontent.com/p/AF1QipN7ylBn4waArbYK-F4NwFkhYy4Cm3W6_fodvpi4=w148-h148-n-k-no"
            },
            {
                "title": "Sky Tower",
                "category": "Tourist attraction",
                "img": "https://lh4.googleusercontent.com/proxy/BSlgfc6qlNeQsF3mDzYAPpuB4rBKic4Fv_CoYst2IugVkNDnlt37iVPwRV982ncUrP1maXqjtY8cUHfhhLNDBLZtnerz6NxxBY75YWxMEPOb_w29Kfc_9mdEjqU_72opMbTjzV06FrW_aafEyDN448VyNUcn5Q=w148-h148-n-k-no"
            },
            {
                "title": "Bruce Mason Centre",
                "category": "Events Venue",
                "img": "https://lh5.googleusercontent.com/p/AF1QipPxVSdry03y4JYr3k2Jzzz_bnRGkfLX1GequomW=w148-h148-n-k-no"
            },
            {
                "title": "Torpedo Bay Navy Museum",
                "category": "Museum",
                "img": "https://lh5.googleusercontent.com/p/AF1QipPZYJwsz4uWYJDZuG8g0Bl46VTYMr1BI0PkO_2N=w148-h148-n-k-no"
            },
            {
                "title": "Victoria Park",
                "category": "Park and Garden",
                "img": "https://lh5.googleusercontent.com/p/AF1QipMm3VNGZf9TMj8kM8vzi58olMj8-JCLtv-Hyt1m=w148-h148-n-k-no"
            },
            {
                "title": "Maungauika / North Head Historic Reserve",
                "category": "Park and Garden",
                "img": "https://lh5.googleusercontent.com/p/AF1QipOgogad4XVICaJBWUGEXsh9Gw0DIbVJQYE6XOkA=w148-h148-n-k-no"
            },
            {
                "title": "Browns Bay Beach Reserve",
                "category": "Park and Garden",
                "img": "https://lh5.googleusercontent.com/p/AF1QipNnID9EzmYZzOsZB23XIorRtsGXK6DxnQONxeP7=w148-h148-n-k-no"
            },
            {
                "title": "Art By The Sea",
                "category": "Art gallery",
                "img": "https://lh5.googleusercontent.com/p/AF1QipMBRjs3MNy4Xpul8-nVHzKiWHBmsfIb_Il2LS1G=w148-h148-n-k-no"
            },
            {
                "title": "Takapuna Beach Sunday Market",
                "category": "Market",
                "img": "https://lh5.googleusercontent.com/p/AF1QipOO9WYCc_fTlLWFttlM_2WFU2T8EqdITBgtL1sk=w148-h148-n-k-no"
            },
            {
                "title": "Takapuna Beach Reserve Playground",
                "category": "Playground",
                "img": "https://lh5.googleusercontent.com/p/AF1QipN8lZ1X-hLnySqTYz9OqkKjmFFSXZ5kncpc_4Q=w148-h148-n-k-no"
            },
            {
                "title": "The PumpHouse Theatre",
                "category": "Performing arts theatre",
                "img": "https://lh5.googleusercontent.com/p/AF1QipM39xqrKwZTYKqnZePCH9w7RNym97eAL7hWpDpm=w148-h148-n-k-no"
            },
            {
                "title": "Takarunga / Mount Victoria",
                "category": "Mountain peak",
                "img": "https://lh5.googleusercontent.com/p/AF1QipNBuC2Uh1fh2KUk34SBWRVXfK71XXx8uQmdq5-J=w148-h148-n-k-no"
            },
            {
                "title": "Campbells Bay Beach",
                "category": "Beach",
                "img": "https://lh5.googleusercontent.com/p/AF1QipNr6oVnd8rd2-YJcJXySeBrN0IfVq0CTQNuXzPq=w148-h148-n-k-no"
            }
        ]
    },
    "sights": [
        {
            "title": "Museum of New Zealand Te Papa Tongarewa",
            "category": "Museum",
            "url": "https://www.tepapa.govt.nz/",
            "img": "https://lh5.googleusercontent.com/p/AF1QipPHNveRrhL4aT8fwebdP2qysMQCEsf_b3D9bwic=w148-h148-n-k-no"
        },
        {
            "title": "Hobbiton™ Movie Set Tours",
            "category": "Tourist attraction",
            "url": "https://www.hobbitontours.com/",
            "img": "https://lh5.googleusercontent.com/p/AF1QipPeIs2v0-tAbHcTM2Hb_kM-1t3WiSUyGkJ1gUm_=w148-h148-n-k-no"
        },
        {
            "title": "Waitomo Glowworm Caves",
            "category": "Tourist attraction",
            "url": "https://www.waitomo.com/glowworms-and-caves/waitomo-glowworm-caves?utm_source=google&utm_medium=GMB&utm_term=waitomoglowormcaves",
            "img": "https://lh5.googleusercontent.com/p/AF1QipMa9qL8Cy0VBlk5xedjs3Vlw3XdN--5lPkBRQCI=w148-h148-n-k-no"
        },
        {
            "title": "Abel Tasman National Park",
            "category": "National park",
            "url": "https://www.doc.govt.nz/parks-and-recreation/places-to-go/nelson-tasman/places/abel-tasman-national-park/",
            "img": "https://lh5.googleusercontent.com/p/AF1QipMZ1zq8NXbl4YWCcQwI2UUNCR7uOiBOOTRKwkPI=w148-h148-n-k-no"
        },
        {
            "title": "Auckland",
            "category": "Locality",
            "img": "https://lh5.googleusercontent.com/p/AF1QipOEeDnXNVQzEWKI48K7DLnGYuwLwtANBv1V7kpx=w148-h148-n-k-no"
        },
        {
            "title": "Auckland War Memorial Museum",
            "category": "Museum",
            "url": "https://www.aucklandmuseum.com/",
            "img": "https://lh5.googleusercontent.com/p/AF1QipNhCp1d0l9G09DR_bP5bwCQYLjhX3rj36ifmy4f=w148-h148-n-k-no"
        },
        {
            "title": "Waiotapu Thermal Wonderland",
            "category": "Tourist attraction",
            "url": "http://www.waiotapu.co.nz/",
            "img": "https://lh5.googleusercontent.com/p/AF1QipPgzfTTTBx4-z1IwqqcinM0mt9iT5MWzKqDcoZC=w148-h148-n-k-no"
        },
        {
            "title": "Sky Tower",
            "category": "Tourist attraction",
            "url": "https://www.skycityauckland.co.nz/attractions/sky-tower/",
            "img": "https://lh4.googleusercontent.com/proxy/BSlgfc6qlNeQsF3mDzYAPpuB4rBKic4Fv_CoYst2IugVkNDnlt37iVPwRV982ncUrP1maXqjtY8cUHfhhLNDBLZtnerz6NxxBY75YWxMEPOb_w29Kfc_9mdEjqU_72opMbTjzV06FrW_aafEyDN448VyNUcn5Q=w148-h148-n-k-no"
        },
        {
            "title": "Hamilton Gardens",
            "category": "Garden",
            "url": "http://www.hamiltongardens.co.nz/",
            "img": "https://lh5.googleusercontent.com/p/AF1QipPMB9jznzqehWy-yTjgiWGOM_5ztOScuN1CQkwL=w148-h148-n-k-no"
        },
        {
            "title": "Christchurch Botanic Gardens",
            "category": "Botanical garden",
            "url": "https://www.ccc.govt.nz/parks-and-gardens/christchurch-botanic-gardens",
            "img": "https://lh5.googleusercontent.com/p/AF1QipMCilcbPEcJTC-1nkIdD4sT65LTgOzoU63LIvFp=w148-h148-n-k-no"
        },
        {
            "title": "Queenstown",
            "category": "Locality",
            "img": "https://lh5.googleusercontent.com/p/AF1QipNziIHIVGMI7V-fv5RhTd3m-4dsm_1ZMFUsstDI=w148-h148-n-k-no"
        },
        {
            "title": "Christchurch",
            "category": "Locality",
            "img": "https://lh5.googleusercontent.com/p/AF1QipMQyX6S-k6zdh6wTkPFZAI7j01DBS1185DzPiXL=w148-h148-n-k-no"
        },
        {
            "title": "Rotorua",
            "category": "Locality",
            "img": "https://lh5.googleusercontent.com/p/AF1QipNhZMT5LKhnjLaeIQw44USON45XR1uKgSNcUiE=w148-h148-n-k-no"
        },
        {
            "title": "Te Puia - Rotorua, NZ",
            "category": "Tourist attraction",
            "url": "http://www.tepuia.com/",
            "img": "https://lh5.googleusercontent.com/p/AF1QipNDxtvecynh-X3I_1KY0VucX_20S_d2uIWoTVtR=w148-h148-n-k-no"
        },
        {
            "title": "Milford Sound / Piopiotahi",
            "category": "Fjord",
            "img": "https://lh5.googleusercontent.com/p/AF1QipPjeYDUrOebyLPuuVr__KGF-7Lki2D984WLahcY=w148-h148-n-k-no"
        },
        {
            "title": "Huka Falls",
            "category": "Scenic point",
            "url": "https://www.newzealand.com/int/feature/huka-falls/",
            "img": "https://lh3.googleusercontent.com/proxy/9_n6VGUr-6mum8ticmfndtFrO6ipVQvALD30aCorgsgYkiqn0x2iQVkylg3U4I9aZU_thUVkAjU6uPp1I2TJCrTOR5EoaTqhPazQE9v1JGO2pNONH83gDJOTluAYwdlx_d7Pix0YRjc3AVIeF6rYYW1BW1KmjQ=w148-h148-n-k-no"
        }
    ]
}