{
    "cities": {
        "Trujillo Alto": [
            {
                "title": "San Juan",
                "category": "Locality",
                "img": "https://lh3.googleusercontent.com/proxy/1dZgL5IKrzpTsJjDeb2blF2a4zUfQLJFfpNjqVdKc85Ppl8IksdM9TSOtlEPftwt4t1f6JV9i-LdddJeVbWSqUB6esJxRCDLzuyxkcKM4fJMtgjl7zEmJAOmXBvMHhNiHH-t5QNXtlpfM-65_I06Ed2pwJaNYQ=w148-h148-n-k-no"
            },
            {
                "title": "Coliseo Rubén Zayas Montañez",
                "category": "Arena",
                "url": "https://www.trujilloalto.pr/",
                "img": "https://lh5.googleusercontent.com/p/AF1QipOy3trCNZd9X7hV71ysmI4zh32_QtRU8bhLQUqi=w148-h148-n-k-no"
            },
            {
                "title": "Cementerio Municipal de Trujillo Alto",
                "category": "Cemetery",
                "img": "https://lh5.googleusercontent.com/p/AF1QipOksRw87zxEMlzGgtRd3ww4Sc_qJqwdKgyEROtZ=w148-h148-n-k-no"
            },
            {
                "title": "Carraízo Dam",
                "category": "Building",
                "img": "https://lh5.googleusercontent.com/p/AF1QipOo7aOsNF0P1H9qkOeeauV-iUBp-5Cj7YAqT6mK=w148-h148-n-k-no"
            },
            {
                "title": "Parque La Cascada",
                "category": "Park and Garden",
                "img": "https://lh5.googleusercontent.com/p/AF1QipOjdrHm9HDb3EzwtO1PhhPUXqxiIFX_EOVWQCLe=w148-h148-n-k-no"
            },
            {
                "title": "Parroquia Exaltación de la Santa Cruz",
                "category": "Catholic church",
                "url": "https://psantacruz.com/",
                "img": "https://lh5.googleusercontent.com/p/AF1QipMoAVfEewDWiZ5zrLl3UbjZGoZyI6mwL1vfOKNk=w148-h148-n-k-no"
            }
        ],
        "Caguas": [
            {
                "title": "Shops at Caguas",
                "category": "Shopping Centre",
                "url": "http://www.lascatalinasmall.com/?utm_source=google%20my%20business&utm_medium=listing&utm_campaign=visit%20website",
                "img": "https://lh5.googleusercontent.com/p/AF1QipM12ULbXp_lI4x4ZcQHNgF1sUaIsU7QyPqbJrDp=w148-h148-n-k-no"
            },
            {
                "title": "Paseo de las Artes Abelardo Díaz Alfaro",
                "category": "Amphitheatre",
                "img": "https://lh5.googleusercontent.com/p/AF1QipNtiflNbEnakwl6NYqtIyLo-nlmd6LgnI92kLMM=w148-h148-n-k-no"
            },
            {
                "title": "Caribbean Cinemas",
                "category": "Cinema",
                "url": "http://www.caribbeancinemas.com/",
                "img": "https://lh5.googleusercontent.com/p/AF1QipP9RGalnm3hFNEnNfgF6xMOBSiaLUwdYhKvaR80=w148-h148-n-k-no"
            },
            {
                "title": "Casa del Trovador Luis Miranda \"Pico de Oro\"",
                "category": "Museum",
                "img": "https://lh5.googleusercontent.com/p/AF1QipNdB53MqxFt9y10Mu5BeB5Sly_2b1D5UdJ4FnAQ=w148-h148-n-k-no"
            },
            {
                "title": "Puzzle House Escape Room",
                "category": "Escape room centre",
                "url": "http://www.puzzlehousepr.com/",
                "img": "https://lh5.googleusercontent.com/p/AF1QipNmYlYz84vvx-M8tnlUpLqsjGTNVnC7b837H6CE=w148-h148-n-k-no"
            },
            {
                "title": "Museo de Caguas",
                "category": "Local history museum",
                "url": "https://www.visitacaguas.com/",
                "img": "https://lh5.googleusercontent.com/p/AF1QipPkCZMGpoqAV3cp9XfZf-U-0xvYpqm6EcYAXyNi=w148-h148-n-k-no"
            },
            {
                "title": "Plaza de la Juventud",
                "category": "Park and Garden",
                "img": "https://lh5.googleusercontent.com/p/AF1QipOyqTnkY4O50ozhBSoRAYYCn9PNIWxF2Sc1lj6f=w148-h148-n-k-no"
            },
            {
                "title": "Plaza Pública Santiago R. Palmer",
                "category": "Historical landmark",
                "img": "https://lh5.googleusercontent.com/p/AF1QipN4LMHfF7fLdUdM0jr_a_w8uxd83hT88rTs4QjS=w148-h148-n-k-no"
            },
            {
                "title": "San Juan National Historic Site",
                "category": "Historical place",
                "url": "https://www.nps.gov/saju/index.htm",
                "img": "https://lh5.googleusercontent.com/p/AF1QipPZ-C1XEA3zQ2V-lZGFPXafK1hMude-6SWTfeS4=w148-h148-n-k-no"
            },
            {
                "title": "Urbe-Apie",
                "category": "Non-profit organisation",
                "url": "http://www.urbeapie.com/",
                "img": "https://lh5.googleusercontent.com/p/AF1QipPUe4hoGiDLdY5NJdajv_lAJ17e4pDLknytqYae=w148-h148-n-k-no"
            },
            {
                "title": "FOK Brewing Co- La Cervecería",
                "category": "Brewery",
                "url": "http://www.fokbrewing.com/",
                "img": "https://lh5.googleusercontent.com/p/AF1QipPetsNYRHLrLZ3PWn8aYU4tGtgrFL4DYDHC-X4j=w148-h148-n-k-no"
            },
            {
                "title": "Jardín Botánico y Cultural William Miranda Marín",
                "category": "Botanical garden",
                "url": "http://www.jardinbotanicoycultural.org/",
                "img": "https://lh5.googleusercontent.com/p/AF1QipPDeEiveoYIx5bJZHAcMM29cTNZE6LMcebZxyOB=w148-h148-n-k-no"
            },
            {
                "title": "THE SANGRIA FACTORY",
                "category": "Cocktail bar",
                "url": "http://thesangriafactory.com/",
                "img": "https://lh5.googleusercontent.com/p/AF1QipP6NCxNUizpNQhvLHlcw4yR-PEbN91xbQzVgzE=w148-h148-n-k-no"
            },
            {
                "title": "Centro Criollo de Ciencias y Tecnología del Caribe",
                "category": "Science museum",
                "url": "http://www.c3tec.org/",
                "img": "https://lh5.googleusercontent.com/p/AF1QipPi-7KrgomeuOITx4ByNlMKlHbjF1DRsZLeedMj=w148-h148-n-k-no"
            },
            {
                "title": "Oficina de Turismo de Caguas",
                "category": "Tourist Information Centre",
                "url": "http://www.visitacaguas.com/",
                "img": "https://lh5.googleusercontent.com/p/AF1QipMqcweZD0rL-jr2bp-vEi8FZ5JFVeJNm3Y8o9PA=w148-h148-n-k-no"
            },
            {
                "title": "Catedral Dulce Nombre de Jesús",
                "category": "Catholic cathedral",
                "img": "https://lh5.googleusercontent.com/p/AF1QipOahnVtjjdC6L3N-gI1Bh-iWUIkIokhpxlrBVFO=w148-h148-n-k-no"
            }
        ],
        "San Juan": [
            {
                "title": "Castillo San Felipe del Morro",
                "category": "Castle",
                "url": "https://www.nps.gov/saju/index.htm",
                "img": "https://lh5.googleusercontent.com/p/AF1QipNcCFQWz-fqRjVwmE6XNNrgaEC0coBeqB8Sw5hZ=w148-h148-n-k-no"
            },
            {
                "title": "San Juan National Historic Site",
                "category": "Historical place",
                "url": "https://www.nps.gov/saju/index.htm",
                "img": "https://lh5.googleusercontent.com/p/AF1QipPZ-C1XEA3zQ2V-lZGFPXafK1hMude-6SWTfeS4=w148-h148-n-k-no"
            },
            {
                "title": "Castillo San Cristóbal",
                "category": "Castle",
                "url": "https://www.nps.gov/saju/learn/historyculture/san-cristobal.htm",
                "img": "https://lh5.googleusercontent.com/p/AF1QipP9nnKkWDrLAJqi2WZjJXqi6Fn5OcVl7VWnO2Cg=w148-h148-n-k-no"
            },
            {
                "title": "Catedral Basilica Menor de San Juan Bautista",
                "category": "Catholic cathedral",
                "url": "http://catedralsanjuanbautista.org/",
                "img": "https://lh5.googleusercontent.com/p/AF1QipNZzANSXOBjuePG0mvJgIpfnCY87duny0XNYwu_=w148-h148-n-k-no"
            },
            {
                "title": "Puerta de San Juan",
                "category": "Historical landmark",
                "img": "https://lh5.googleusercontent.com/p/AF1QipOf0LJvqkmXA-_2fWA7pdS7ti5Z5X-1YIUBnFNM=w148-h148-n-k-no"
            },
            {
                "title": "Plaza Las Américas",
                "category": "Shopping Centre",
                "url": "http://www.plazalasamericas.com/",
                "img": "https://lh5.googleusercontent.com/p/AF1QipOXbxxeBkYzkkI5nVqYJwWEo82e05E-Vw9-Hnkx=w148-h148-n-k-no"
            },
            {
                "title": "Museo de Arte de Puerto Rico",
                "category": "Art museum",
                "url": "https://www.mapr.org/",
                "img": "https://lh4.googleusercontent.com/proxy/0boaPzUud7s-gfIk4H2dyR0lEpyxfwb0qI8FXwzegHIc3yJwtAF2hZK4HdGB67bqefmXfsTXnBAcRpkHBJoAsqho6ZqclGxVzgTrzslPe2zXm17ty-zVdVrrArkjbuEeu8tUpM8E2AeFRiQiVkDjHcPIal1vgg=w148-h148-n-k-no"
            },
            {
                "title": "Las Americas Museum",
                "category": "Museum",
                "url": "http://www.museolasamericas.org/",
                "img": "https://lh5.googleusercontent.com/p/AF1QipNuAhgV5dM7iLooLEvvO9M0Lauj-ZTBI4jex86U=w148-h148-n-k-no"
            },
            {
                "title": "Centro de Bellas Artes Luis A. Ferré",
                "category": "Performing arts theatre",
                "url": "http://www.cba.pr.gov/",
                "img": "https://lh5.googleusercontent.com/p/AF1QipPAt5EJMXyONX_rAhWD-wizAVWQ7cMU0i8vYw1w=w148-h148-n-k-no"
            },
            {
                "title": "Paseo de la Princesa",
                "category": "Tourist attraction",
                "img": "https://lh5.googleusercontent.com/p/AF1QipOo6B0E5U28i0PNsprvbsNt9Yyqo70bD_dZHXI=w148-h148-n-k-no"
            },
            {
                "title": "Viejo San Juan",
                "category": "Neighborhood",
                "img": "https://lh5.googleusercontent.com/p/AF1QipMPEM1HE2t877oj_dJvEnjkMHl2nhamIW9vZBaF=w148-h148-n-k-no"
            },
            {
                "title": "Museo de Arte Contemporáneo de Puerto Rico",
                "category": "Art museum",
                "url": "https://www.museomac.org/",
                "img": "https://lh5.googleusercontent.com/p/AF1QipMPZpA_ZX338NDSybAVSmqeEf3Laq6UsKXE4Mv1=w148-h148-n-k-no"
            },
            {
                "title": "Luis Muñoz Rivera Park",
                "category": "Park and Garden",
                "url": "http://www.conoceapuertorico.com/parque-luis-munoz-rivera/",
                "img": "https://lh5.googleusercontent.com/p/AF1QipPBVUiDXRKE3Mmbl-urx3r6h_oZGux2bEj76T6J=w148-h148-n-k-no"
            },
            {
                "title": "The Poet's Passage",
                "category": "Art gallery",
                "url": "http://poetspassage.com/",
                "img": "https://lh5.googleusercontent.com/p/AF1QipOlemGNaNGnmpiXrFmv2IxMTdLsInz1Haq1DRQw=w148-h148-n-k-no"
            },
            {
                "title": "Balneario del Escambrón",
                "category": "Beach",
                "img": "https://lh5.googleusercontent.com/p/AF1QipPoNUQW75YUKHvlnvpFQK9SFa1LGUPJTTc0k3EW=w148-h148-n-k-no"
            },
            {
                "title": "Jardín Botánico del Museo de Arte de Puerto Rico",
                "category": "Botanical garden",
                "url": "http://www.mapr.org/",
                "img": "https://lh5.googleusercontent.com/p/AF1QipNTI8zp34RHmtyg8OCnRkKDFoVXLrBz9L3C3s_n=w148-h148-n-k-no"
            }
        ],
        "Ponce": [
            {
                "title": "Plaza del Caribe",
                "category": "Shopping Centre",
                "url": "http://plazadelcaribe.com/",
                "img": "https://lh5.googleusercontent.com/p/AF1QipM8tzcvq_Ljj296aAiTo7lLLI6GZrgyTqwEQonW=w148-h148-n-k-no"
            },
            {
                "title": "Museo Castillo Serrallés",
                "category": "Museum",
                "url": "http://www.museocastilloserralles.com/",
                "img": "https://lh5.googleusercontent.com/p/AF1QipMDokwXV-Rh3n_LMCyilJqqJd4g2Vz11d2JiX_f=w148-h148-n-k-no"
            },
            {
                "title": "Museo de Arte de Ponce",
                "category": "Art museum",
                "url": "https://museoarteponce.org/",
                "img": "https://lh5.googleusercontent.com/p/AF1QipPVQJqWOSotxwS3owSvuWhBxEa940d-X72Kz94x=w148-h148-n-k-no"
            },
            {
                "title": "La Guancha",
                "category": "Tourist attraction",
                "url": "https://www.laguancha.net/",
                "img": "https://lh5.googleusercontent.com/p/AF1QipPzdkB5sNPwMNJ3nzS8s9gAADDQ-cECfQFI-yEt=w148-h148-n-k-no"
            },
            {
                "title": "Plaza Luis Muñoz Rivera",
                "category": "Historical landmark",
                "img": "https://lh5.googleusercontent.com/p/AF1QipOcKQv9hy8yzW6J_SElMeJWl8V3XJchTDdEQYod=w148-h148-n-k-no"
            },
            {
                "title": "Museo de la Historia de Ponce",
                "category": "Museum",
                "url": "https://www.facebook.com/Museo-de-la-Historia-de-Ponce-171004846323610/",
                "img": "https://lh5.googleusercontent.com/p/AF1QipOYx42Vhm2vJm3KCpq-xDZi4qc3gdg1CFEkRadg=w148-h148-n-k-no"
            },
            {
                "title": "Teatro La Perla",
                "category": "Performing arts theatre",
                "url": "http://www.teatropr.com/",
                "img": "https://lh5.googleusercontent.com/p/AF1QipO-1pMffxH-ycNOHDUrW3sxFgNPAOrEpUWxQhyO=w148-h148-n-k-no"
            },
            {
                "title": "Centro Ceremonial Indígena de Tibes",
                "category": "Archaeological museum",
                "url": "https://www.facebook.com/centroceremonialindigenadetibes-oficial/",
                "img": "https://lh5.googleusercontent.com/p/AF1QipPSNi2g7kgXw3afKOSHrIvvglmaPfWSPyREiU3E=w148-h148-n-k-no"
            },
            {
                "title": "Antiguo Hotel Intercontinental",
                "category": "Tourist attraction",
                "img": "https://lh5.googleusercontent.com/p/AF1QipOQxodV5JI9diOqjEvwdvcr-t4pu9D0tn59PdAO=w148-h148-n-k-no"
            },
            {
                "title": "Balneario El Tuque",
                "category": "Beach",
                "img": "https://lh5.googleusercontent.com/p/AF1QipO6A_USpodAx3Q8k8tQ-99NRqouCQwIRtvg9PX3=w148-h148-n-k-no"
            },
            {
                "title": "Iglesia Metodista La Resurrección",
                "category": "Methodist church",
                "img": "https://lh5.googleusercontent.com/p/AF1QipN2o9aoc6NbO2V4NPlsiQ-nnSDlgm9ttRbexQOH=w148-h148-n-k-no"
            },
            {
                "title": "Cardona Island",
                "category": "Island",
                "img": "https://lh5.googleusercontent.com/p/AF1QipO5vy3uthTewEmCTDyxNBYV80i3b8MwOtpoz5YB=w148-h148-n-k-no"
            },
            {
                "title": "El Tropical Casino Ponce",
                "category": "Casino",
                "url": "http://www.eltropicalcasino.com/",
                "img": "https://lh5.googleusercontent.com/p/AF1QipMESV5tq8YqyiJ0zpTXKpXkn70vcMrUryZaVLEB=w148-h148-n-k-no"
            },
            {
                "title": "Hacienda Buena Vista - Para la Naturaleza",
                "category": "Tourist attraction",
                "url": "https://www.paralanaturaleza.org/hacienda-buena-vista/",
                "img": "https://lh5.googleusercontent.com/p/AF1QipOx0ch2HmOGGfOYiUeY_-VYHelq-ln6K1dLbuhp=w148-h148-n-k-no"
            },
            {
                "title": "Guánica State Forest",
                "category": "State park",
                "img": "https://lh5.googleusercontent.com/p/AF1QipOtxL2p-rYPdVUfANAOcs7-BvwZygkGG_3100Lq=w148-h148-n-k-no"
            },
            {
                "title": "Cruceta del Vigía",
                "category": "Monument",
                "img": "https://lh5.googleusercontent.com/p/AF1QipMubBD34bS0T9r3iskOl9G79jQ8xq93YVdHovzs=w148-h148-n-k-no"
            }
        ],
        "Arecibo": [
            {
                "title": "Bosque Estatal de Cambalache",
                "category": "State park",
                "img": "https://lh5.googleusercontent.com/p/AF1QipNtzsWYYzoI-rK9QaSQIHwNn2APd_aYWY5yxPke=w148-h148-n-k-no"
            },
            {
                "title": "Centro Cultural de Arecibo",
                "category": "Cultural centre",
                "img": "https://lh5.googleusercontent.com/p/AF1QipMMYPg7esScflFndn_kmLq3hEFh2wwQi579gLqq=w148-h148-n-k-no"
            },
            {
                "title": "Lago Dos Bocas",
                "category": "Lake",
                "img": "https://lh5.googleusercontent.com/p/AF1QipN_REfj7TpB_xyHwBLtYiACBI7EOHnlTBdIrxBI=w148-h148-n-k-no"
            },
            {
                "title": "Arecibo Observatory",
                "category": "Observatory",
                "url": "http://www.naic.edu/",
                "img": "https://lh6.googleusercontent.com/proxy/82qvYRMvR3bK6m6q0vxKr4W8nPlYWgsE_v9KF47IIkel05Q7T8gS3qMvDppEcBI_jSoqZ8rQ-o9arXEYTOH-v9GY3UkilvO_0YBiz_HEfDe5TmB0NV02hN8yzA7dlLckXxhRbgumGV5l0x7R7M7eCBU8leX6e7A=w148-h148-n-k-no"
            },
            {
                "title": "Arecibo Lighthouse and Historical Park",
                "category": "Park and Garden",
                "url": "https://www.arecibolighthouse.com/",
                "img": "https://lh5.googleusercontent.com/p/AF1QipNzUWsSvOYBbEWiNovWYPTJ7AcL4k1f0gxr51vm=w148-h148-n-k-no"
            },
            {
                "title": "Caza y Pesca Playa",
                "category": "Tourist attraction",
                "url": "https://www.facebook.com/AreciboVilladelCapitanCorrea",
                "img": "https://lh5.googleusercontent.com/p/AF1QipPMgl0Vcsyql9G3A0CacVDKtsgeBT_TFfQNLCma=w148-h148-n-k-no"
            },
            {
                "title": "Cueva Ventana",
                "category": "Tourist attraction",
                "url": "http://www.cuevaventana.com/",
                "img": "https://lh5.googleusercontent.com/p/AF1QipOlbwEnt_pSYZIZI6XZZsFGCrEZIZGWk1DUQSr8=w148-h148-n-k-no"
            },
            {
                "title": "Catedral San Felipe Apóstol",
                "category": "Catholic church",
                "img": "https://lh5.googleusercontent.com/p/AF1QipM7UNyczkj30V3nyWLOBpCc9cCdRggH6nzvz7Sx=w148-h148-n-k-no"
            },
            {
                "title": "Coliseo Manuel G. \"Petaca\" Iguina Reyes",
                "category": "Arena",
                "img": "https://lh5.googleusercontent.com/p/AF1QipPYwhxWsbJxVCU7by6cQzXQAgFKLRSgm5vLIMHA=w148-h148-n-k-no"
            },
            {
                "title": "Casa y Museo Trina Padilla de Sanz",
                "category": "Museum",
                "img": "https://lh5.googleusercontent.com/p/AF1QipNOcIyGKSuMc2MuIja8-UOkw9SvjABkbmQt6nbV=w148-h148-n-k-no"
            },
            {
                "title": "Paseo Víctor Rojas (Paseo de las Damas)",
                "category": "Park and Garden",
                "url": "https://npgallery.nps.gov/AssetDetail/NRIS/86003188",
                "img": "https://lh5.googleusercontent.com/p/AF1QipP9VW_t8CRV_Njfk1id1UjBbQXcHeX6q8735n3Y=w148-h148-n-k-no"
            },
            {
                "title": "Rio Tanama",
                "category": "River",
                "img": "https://lh5.googleusercontent.com/p/AF1QipOLoD4JKhSuJD0tz0r1_Qur-BifeTgDsvq7Fl0=w148-h148-n-k-no"
            },
            {
                "title": "Reserva Natural Cueva del Indio",
                "category": "Tourist attraction",
                "url": "https://www.dci681.org/",
                "img": "https://lh5.googleusercontent.com/p/AF1QipMol4cLLdCisl-SP5oEJ-R6pXhWETvzdLEzIPGt=w148-h148-n-k-no"
            },
            {
                "title": "Plaza de Recreo",
                "category": "Town square",
                "img": "https://lh5.googleusercontent.com/p/AF1QipMPP4KKbRk--4wvqnQJ7w77QjYTiojmJSnyedz6=w148-h148-n-k-no"
            },
            {
                "title": "Skydive Puerto Rico",
                "category": "Skydiving Centre",
                "url": "https://skydivepuertorico.com/",
                "img": "https://lh5.googleusercontent.com/p/AF1QipPCCMJPAGymw_2612ZqDj0KbP0Ms1jyXmqVEDWL=w148-h148-n-k-no"
            },
            {
                "title": "Xtreme Divers",
                "category": "Skydiving Centre",
                "url": "http://xtremedivers.com/",
                "img": "https://lh5.googleusercontent.com/p/AF1QipNQY3RlaSGm094u0HqKWQ2abUBIGn5BgT_9sqo=w148-h148-n-k-no"
            }
        ],
        "Bayamón": [
            {
                "title": "Plaza del Sol",
                "category": "Shopping Centre",
                "img": "https://lh5.googleusercontent.com/p/AF1QipNDis7-iveaQZrMjDqXLx9jqqHV9Vu4YS05g9wO=w148-h148-n-k-no"
            },
            {
                "title": "La Esquinita Jardín Cervecero",
                "category": "Beer garden",
                "url": "http://facebook.com/laesquinitajardincervecero",
                "img": "https://lh5.googleusercontent.com/p/AF1QipPRqMLs1Lk79lC5yn-4pOSfPqaFtVBk4DvH0lRQ=w148-h148-n-k-no"
            },
            {
                "title": "Parque Nacional Julio Enrique Monagas",
                "category": "National park",
                "url": "https://www.discoverpuertorico.com/profile/julio-enrique-monagas-national-park/9253",
                "img": "https://lh5.googleusercontent.com/p/AF1QipMACa0KOTuU1nq-8nBndrA-DR85Uibw66QprQre=w148-h148-n-k-no"
            },
            {
                "title": "Bayamón River Trail",
                "category": "Bicycle route",
                "img": "https://lh5.googleusercontent.com/p/AF1QipO3CaYT1FVfTzY87Rc2tAJy4uaR0VyM9yarJCTZ=w148-h148-n-k-no"
            },
            {
                "title": "Parque Central de los Niños",
                "category": "Park and Garden",
                "url": "http://www.municipiodebayamon.com/",
                "img": "https://lh5.googleusercontent.com/p/AF1QipMD2TuuGitJ0eZj2HJl9DS2QRK8SIbpFkHkzmFr=w148-h148-n-k-no"
            },
            {
                "title": "Plaza Río Hondo",
                "category": "Shopping Centre",
                "img": "https://lh5.googleusercontent.com/p/AF1QipPTFX0mKEU9ZYtf7py7EjtTsIKwvh-O2VQD2Gcz=w148-h148-n-k-no"
            },
            {
                "title": "Dave & Buster's Bayamon",
                "category": "Restaurant",
                "url": "https://www.daveandbusters.com/us/en/about/locations/puerto-rico-bayamon",
                "img": "https://lh5.googleusercontent.com/p/AF1QipO_Mt4D0xBJNmVeK5TqVAMxeX5js3eb-LFoSX_S=w148-h148-n-k-no"
            },
            {
                "title": "El Tropical Casino Bayamón",
                "category": "Casino",
                "url": "http://www.eltropicalcasino.com/",
                "img": "https://lh5.googleusercontent.com/p/AF1QipMDCFfL04XI0FxGor2dhVwR9sp8INnHUjJ2WSLh=w148-h148-n-k-no"
            },
            {
                "title": "Altitude Trampoline Park",
                "category": "Gymnastics academy",
                "url": "https://altitudebayamon.com/",
                "img": "https://lh5.googleusercontent.com/p/AF1QipMTXTK5UJRhbGtNRHWcnAINAqOj9SMMmiIs0mxl=w148-h148-n-k-no"
            },
            {
                "title": "Ron del Barrilito - Hacienda Santa Ana",
                "category": "Alcohol Manufacturer",
                "url": "http://www.rondelbarrilito.com/",
                "img": "https://lh5.googleusercontent.com/p/AF1QipNH1UOPZCsKNpLpoM7LY4pAzKB9-hZXle1qQajH=w148-h148-n-k-no"
            },
            {
                "title": "Museo Francisco Manuel Oller y Cestero",
                "category": "Museum",
                "img": "https://lh5.googleusercontent.com/p/AF1QipPz34IP_zd8dxb2yPyoGLcNYXkote7O7L_yz4JE=w148-h148-n-k-no"
            },
            {
                "title": "Estadio Juan Ramón Loubriel",
                "category": "Stadium",
                "url": "http://www.puertoricofc.com/stadium",
                "img": "https://lh5.googleusercontent.com/p/AF1QipMTcT3q0TFpvS2xPRSRlJwEewq25yi_C8BoOchG=w148-h148-n-k-no"
            },
            {
                "title": "Museum of Art of Bayamón",
                "category": "Art museum",
                "url": "http://www.museodeartedebayamon.com/",
                "img": "https://lh5.googleusercontent.com/p/AF1QipOioktZIuOeX8IYvy0dhZtSwFjWA999ONT8cdmb=w148-h148-n-k-no"
            },
            {
                "title": "Parque Lineal Mario Gaztambide Arrillaga",
                "category": "Park and Garden",
                "url": "http://www.municipiodebayamon.com/",
                "img": "https://lh5.googleusercontent.com/p/AF1QipMnyBzURwqp_yZ8MyCAn2WA2oJzUl7jIywf64yy=w148-h148-n-k-no"
            },
            {
                "title": "Governor Luis A. Ferré Science Park",
                "category": "Park and Garden",
                "url": "https://www.facebook.com/profile.php?id=61550359349084",
                "img": "https://lh5.googleusercontent.com/p/AF1QipP0D68IxcYexQ0iqYrbugK81NOLs3Ge3fthLZ9F=w148-h148-n-k-no"
            },
            {
                "title": "Caribbean Manatee Conservation Center",
                "category": "Rehabilitation Centre",
                "url": "http://manatipr.org/",
                "img": "https://lh5.googleusercontent.com/p/AF1QipPKDh-WQHvLSYWyqC_CmuGegIi5WYkfBR0DjmWo=w148-h148-n-k-no"
            }
        ],
        "Guaynabo": [
            {
                "title": "Jardín Esmeralda",
                "category": "Garden",
                "img": "https://lh5.googleusercontent.com/p/AF1QipMDCmoM3XqUSoEp6wUCjkMmBqGipphqF-Z8fgfI=w148-h148-n-k-no"
            },
            {
                "title": "Castillo San Felipe del Morro",
                "category": "Castle",
                "img": "https://lh5.googleusercontent.com/p/AF1QipNcCFQWz-fqRjVwmE6XNNrgaEC0coBeqB8Sw5hZ=w148-h148-n-k-no"
            },
            {
                "title": "Centro de Bellas Artes de Guaynabo / Fine Arts Center of Guaynabo",
                "category": "Performing arts theatre",
                "img": "https://lh5.googleusercontent.com/p/AF1QipNc5xTB0bnqbl-g2Smz9ZMS_MZjv5kxW-RLKMtI=w148-h148-n-k-no"
            },
            {
                "title": "San Juan National Historic Site",
                "category": "Historical place",
                "img": "https://lh5.googleusercontent.com/p/AF1QipPZ-C1XEA3zQ2V-lZGFPXafK1hMude-6SWTfeS4=w148-h148-n-k-no"
            },
            {
                "title": "Castillo San Cristóbal",
                "category": "Castle",
                "img": "https://lh5.googleusercontent.com/p/AF1QipP9nnKkWDrLAJqi2WZjJXqi6Fn5OcVl7VWnO2Cg=w148-h148-n-k-no"
            },
            {
                "title": "Villa Campestre",
                "category": "Amusement park",
                "img": "https://lh5.googleusercontent.com/p/AF1QipO_eH-VChG4J07As5IKQkxtUZofx7Kx-s9JPM3C=w148-h148-n-k-no"
            },
            {
                "title": "Sitio Arqueológico de Caparra",
                "category": "Historical landmark",
                "img": "https://lh5.googleusercontent.com/p/AF1QipOJlmAi_j31ilOJD32HIMSOcDw2vYjN2GFsJ4w_=w148-h148-n-k-no"
            },
            {
                "title": "The Museum Of Transportation",
                "category": "Museum",
                "img": "https://lh5.googleusercontent.com/p/AF1QipOZcMUDLbDctZAmAN0SB43uk4lBWq9G3kG83dVX=w148-h148-n-k-no"
            },
            {
                "title": "San Patricio Plaza",
                "category": "Shopping Centre",
                "img": "https://lh5.googleusercontent.com/p/AF1QipPVvvoIlBgEQLC63GaheW7pSfrf-WxlULkfhg4K=w148-h148-n-k-no"
            },
            {
                "title": "La Fortaleza",
                "category": "Fortress",
                "img": "https://lh3.googleusercontent.com/proxy/vzKJBXzHbChSEIjNDaZGfwgKEFgUlKe42HXhAJKM2yYQKkTxFIBKiXN7KJWPZzxTLMHwx0m1n24pAUh4NEscY95HgztiLcrEyCMSK7iHuitVHqM_AVBs9A6j8aqt7fvGUJHMHIZHva0IN7Zxko-6iolPO2TKCA=w148-h148-n-k-no"
            },
            {
                "title": "Parque Colinas Metropolitanas",
                "category": "Park and Garden",
                "img": "https://lh5.googleusercontent.com/p/AF1QipPqfTaVlYNene5IX3WnVfgMJQRcAjQQ3dbxkYsb=w148-h148-n-k-no"
            },
            {
                "title": "Le Clinique Esthetic & Spa",
                "category": "Spa",
                "img": "https://lh5.googleusercontent.com/p/AF1QipONAJdneX535fYEAo9P6CuTyjOfzWZvDah9Uijk=w148-h148-n-k-no"
            },
            {
                "title": "Estadio José \"Pepito\" Bonano",
                "category": "Stadium",
                "img": "https://lh5.googleusercontent.com/p/AF1QipPSqrpiAsW8mFzGfEDbykBIxpje4L2iC6rPBfP4=w148-h148-n-k-no"
            },
            {
                "title": "La Marquesa Forest Park",
                "category": "Park and Garden",
                "img": "https://lh5.googleusercontent.com/p/AF1QipPEaHYrZQGe_9ylpmuJELGwbTF4abXFZxmmkx7-=w148-h148-n-k-no"
            },
            {
                "title": "Museo del Deporte",
                "category": "Museum",
                "img": "https://lh5.googleusercontent.com/p/AF1QipPcE5ZeMCkNnpEHT76cDKvoA7sDJjghFqxY2XOy=w148-h148-n-k-no"
            },
            {
                "title": "Mario \"Quijote\" Morales Coliseum",
                "category": "Arena",
                "img": "https://lh5.googleusercontent.com/p/AF1QipNVAPJLhL8yoogoqeg4EWiArI57NsQCWgzktxko=w148-h148-n-k-no"
            }
        ],
        "Carolina": [
            {
                "title": "Plaza Carolina",
                "category": "Shopping Centre",
                "url": "https://www.simon.com/mall/plaza-carolina",
                "img": "https://lh5.googleusercontent.com/p/AF1QipNodjebayTbCwd6AQfuKcgrQD8oE61uPISe9WZt=w148-h148-n-k-no"
            },
            {
                "title": "Museo del Niño de Carolina",
                "category": "Children's museum",
                "url": "http://www.museodelninocarolina.com/",
                "img": "https://lh5.googleusercontent.com/p/AF1QipNGjcfVrhf-3evruDa1MY5Xsev1yFviN-LckBF-=w148-h148-n-k-no"
            },
            {
                "title": "Hobie Beach",
                "category": "Beach",
                "img": "https://lh5.googleusercontent.com/p/AF1QipOZdGaqO6l-PHSpTcKnv_0pJ0vPg3Jvm_CM-bbm=w148-h148-n-k-no"
            },
            {
                "title": "Embassy Suites by Hilton San Juan Hotel & Casino",
                "category": "Hotel",
                "url": "https://www.hilton.com/en/hotels/sjueses-embassy-suites-san-juan-hotel-and-casino/?SEO_id=GMB-AMER-ES-SJUESES&y_source=1_MTIxNjk1NTQtNzE1LWxvY2F0aW9uLndlYnNpdGU%3D",
                "img": "https://lh5.googleusercontent.com/p/AF1QipPZb7Uy_9bPfTU1o-q-A48b6NQnGCWmgjk9swaA=w148-h148-n-k-no"
            },
            {
                "title": "Isla Verde Beach West",
                "category": "Beach",
                "img": "https://lh5.googleusercontent.com/p/AF1QipMALyxzeOz-caeOqvU7mPdKiB5EXDq7NDcRfEDq=w148-h148-n-k-no"
            },
            {
                "title": "Carolina Public Beach",
                "category": "Beach",
                "img": "https://lh5.googleusercontent.com/p/AF1QipMIEbZtl-ASdPCAy4CzcGANXJwQKFCv0uMebcZU=w148-h148-n-k-no"
            },
            {
                "title": "Parque Isla Verde",
                "category": "Neighborhood",
                "img": "https://lh6.googleusercontent.com/proxy/r84BxC8A5p6uqaNuF8RCVUKE4LjIdcPZDtqf6IP6sAVSS1BTX5V6CcUj7lb_8HbeZDaj5DY4VcZBinhJyoGZDvrMklLEGq4zOo3LCvDjchuH7EzvRUhODxJEJfjoPfEUXfzZB7Eyx8t2bptWkNAj2F9gnU1scw=w148-h148-n-k-no"
            },
            {
                "title": "The Ritz-Carlton, San Juan",
                "category": "Hotel",
                "url": "https://www.ritzcarlton.com/en/hotels/sjurz-the-ritz-carlton-san-juan/overview/?scid=f2ae0541-1279-4f24-b197-a979c79310b0",
                "img": "https://lh4.googleusercontent.com/proxy/baso_NjY8-89ksl1vQ-yn5JY9CF0kxhtUhEUqwG2cOc_xdy-l9lWxkyv4DQuIuui_SdxvpkMnu46VsPXCxUYNX2Jhc_IPU2TCf7ufXkiRy0iAwyv_3-blG9TP7WPtcewPRLvqyuSZjPVXpXdc3QaPND77kh8vb4=w148-h148-n-k-no"
            },
            {
                "title": "El Alambique Beach",
                "category": "Beach",
                "img": "https://lh5.googleusercontent.com/p/AF1QipPDw7t_8KeER1xQXtQ62lUWspPKX0Umc_zdGcRi=w148-h148-n-k-no"
            },
            {
                "title": "Ocean Pro Adventure",
                "category": "Aquatic centre",
                "url": "http://oceanproadventure.com/",
                "img": "https://lh5.googleusercontent.com/p/AF1QipPX59mBXol4oQ4tjBHgn1IZ1jseMo2UGhKUAy6W=w148-h148-n-k-no"
            },
            {
                "title": "Bounce Trampoline Park",
                "category": "Amusement Centre",
                "url": "http://www.bouncetrampolinepark.com/",
                "img": "https://lh5.googleusercontent.com/p/AF1QipNsYuL7AkMd9mqsx2t39yMsgBUjCkFrfD7S9JF4=w148-h148-n-k-no"
            },
            {
                "title": "Hacienda Campo Rico",
                "category": "Ranching",
                "url": "http://www.haciendacamporico.com/",
                "img": "https://lh5.googleusercontent.com/p/AF1QipOa2PKseuAgHAYs_t_ZgCamtmUp7mrm9ALDtzbn=w148-h148-n-k-no"
            },
            {
                "title": "Museo Casa Escuté",
                "category": "Art museum",
                "url": "http://disfrutacarolina.com/casa-escute/",
                "img": "https://lh5.googleusercontent.com/p/AF1QipMWNP4aaoRO2joqUFAwaexd34X-FoH-8bpiLYEH=w148-h148-n-k-no"
            },
            {
                "title": "Carolina Beach Sports Club (BEACH TENNIS)",
                "category": "Sports club",
                "url": "http://www.tenisplayero.com/",
                "img": "https://lh5.googleusercontent.com/p/AF1QipO5DoXpFk-Lc9gfgF1UOnKPz1zTi2WdvGfHnLm0=w148-h148-n-k-no"
            },
            {
                "title": "Carolina Bowling Center",
                "category": "Bowling Alley",
                "url": "http://www.carolinabowling.com/",
                "img": "https://lh5.googleusercontent.com/p/AF1QipOGe8EvjlvLSV25X999piClPaLjlcl6p2Xz8ImC=w148-h148-n-k-no"
            },
            {
                "title": "Terraplen La Posita de Piñones",
                "category": "Beach",
                "img": "https://lh5.googleusercontent.com/p/AF1QipOH-zveC80F6JCrdaN8btkfjHbqlC42H0xBjuON=w148-h148-n-k-no"
            }
        ],
        "Mayagüez": [
            {
                "title": "Plaza Cristóbal Colón",
                "category": "Park and Garden",
                "img": "https://lh5.googleusercontent.com/p/AF1QipPjV28vGW5hzf-a4yECX9G2JuuMtDP_s-1fTNxP=w148-h148-n-k-no"
            },
            {
                "title": "El Tropical Casino Mayagüez",
                "category": "Casino",
                "url": "http://www.eltropicalcasino.com/",
                "img": "https://lh5.googleusercontent.com/p/AF1QipPAkUvVm3WwEjhcEg4uXSTgQLLJyUy5WemlPYsb=w148-h148-n-k-no"
            },
            {
                "title": "Isla Monito",
                "category": "Island",
                "img": "https://lh5.googleusercontent.com/p/AF1QipPVEVmVP8Q5Z8eWvLQyFQz779xQeTRLUEYt7IXW=w148-h148-n-k-no"
            },
            {
                "title": "Mayagüez Mall",
                "category": "Shopping Centre",
                "url": "https://mayaguezmall.com/",
                "img": "https://lh5.googleusercontent.com/p/AF1QipOxRLxd61yZRankan__doixnrj0kaAxL6pJD2aD=w148-h148-n-k-no"
            },
            {
                "title": "Teatro Yagüez",
                "category": "Performing arts theatre",
                "img": "https://lh5.googleusercontent.com/p/AF1QipPfXhww-pnMhOSCfhOwovifcRoddF-tsYy_JOs-=w148-h148-n-k-no"
            },
            {
                "title": "Santiago Llorens Baseball Park",
                "category": "Stadium",
                "img": "https://lh5.googleusercontent.com/p/AF1QipMCWQKKi7pgz8ym0GeHDFXaFkyHG7FdLv1ULYV_=w148-h148-n-k-no"
            },
            {
                "title": "Catedral Nuestra Señora de la Candelaria",
                "category": "Catholic church",
                "url": "https://www.facebook.com/catedraldiocesismayaguez",
                "img": "https://lh5.googleusercontent.com/p/AF1QipOXEhL3y0psyvOrL42IM6g_8iJ-g2Pu7nlJEnhO=w148-h148-n-k-no"
            },
            {
                "title": "Isla de Mona",
                "category": "Island",
                "img": "https://lh5.googleusercontent.com/p/AF1QipMMP2r0Lz8LJzXvZosjAeOkcOBNq__T2hz0daMS=w148-h148-n-k-no"
            },
            {
                "title": "Paseo del Litoral Israel \"Shorty\" Castro",
                "category": "Park and Garden",
                "img": "https://lh5.googleusercontent.com/p/AF1QipMJ1fEh9SofOZzNkXMwZnAgM21Cj3YSSxq0Zxd6=w148-h148-n-k-no"
            },
            {
                "title": "United States Postal Service",
                "category": "Post Office",
                "url": "https://tools.usps.com/locations/details/1433951",
                "img": "https://lh5.googleusercontent.com/p/AF1QipM4Ydx9T58PFM2YX7JWhyzYjQsXqFLE4DxusuQa=w148-h148-n-k-no"
            },
            {
                "title": "University of Puerto Rico at Mayagüez",
                "category": "Public university",
                "url": "https://www.uprm.edu/portada/",
                "img": "https://lh5.googleusercontent.com/p/AF1QipOsSYr1CbXkiJFt_iizyQ1tktqHojS2ZU-dor8b=w148-h148-n-k-no"
            },
            {
                "title": "Parque de los Próceres Puertorriqueños",
                "category": "Park and Garden",
                "img": "https://lh5.googleusercontent.com/p/AF1QipNwD3fXqqFOdpJbcJxrRlStVow-91jancmRrs71=w148-h148-n-k-no"
            },
            {
                "title": "Estadio Isidoro \"Cholo\" García",
                "category": "Stadium",
                "img": "https://lh5.googleusercontent.com/p/AF1QipNJTN8Xh-erqblVhO0Lu5cTQD7h6wIkVbXtnFKU=w148-h148-n-k-no"
            },
            {
                "title": "Palacio de Recreación y Deportes Germán \"Wilkins\" Vélez",
                "category": "Arena",
                "img": "https://lh5.googleusercontent.com/p/AF1QipNmZeSZfRnccmsf_viA-qiEUckEKca8-I8Snjet=w148-h148-n-k-no"
            },
            {
                "title": "Bosque Comunitario de Río Hondo",
                "category": "Park and Garden",
                "url": "https://www.facebook.com/bosquecomunitarioriohondo/",
                "img": "https://lh5.googleusercontent.com/p/AF1QipNECJItJNm8Oo-CaCXf9FCFpjluCtimNNFVCZeY=w148-h148-n-k-no"
            },
            {
                "title": "Desecheo National Wildlife Refuge (Refugio Nacional de Vida Silvestre Desecheo)",
                "category": "Nature reserve",
                "url": "https://www.fws.gov/refuge/desecheo",
                "img": "https://lh5.googleusercontent.com/p/AF1QipONVaHuN9poYt6Mly2BtbukCPxdqfkCvKzOY7nn=w148-h148-n-k-no"
            }
        ]
    },
    "sights": [
        {
            "title": "Castillo San Felipe del Morro",
            "category": "Castle",
            "url": "https://www.nps.gov/saju/index.htm",
            "img": "https://lh5.googleusercontent.com/p/AF1QipNcCFQWz-fqRjVwmE6XNNrgaEC0coBeqB8Sw5hZ=w148-h148-n-k-no"
        },
        {
            "title": "San Juan National Historic Site",
            "category": "Historical place",
            "url": "https://www.nps.gov/saju/index.htm",
            "img": "https://lh5.googleusercontent.com/p/AF1QipPZ-C1XEA3zQ2V-lZGFPXafK1hMude-6SWTfeS4=w148-h148-n-k-no"
        },
        {
            "title": "El Yunque National Forest",
            "category": "National forest",
            "url": "http://www.fs.usda.gov/elyunque",
            "img": "https://lh5.googleusercontent.com/p/AF1QipPh4UdLMwQIIRSvOfiC9izrHvZMgQcoTgFQbMMw=w148-h148-n-k-no"
        },
        {
            "title": "Castillo San Cristóbal",
            "category": "Castle",
            "url": "https://www.nps.gov/saju/learn/historyculture/san-cristobal.htm",
            "img": "https://lh5.googleusercontent.com/p/AF1QipP9nnKkWDrLAJqi2WZjJXqi6Fn5OcVl7VWnO2Cg=w148-h148-n-k-no"
        },
        {
            "title": "Reserva Natural Cueva del Indio",
            "category": "Tourist attraction",
            "url": "https://www.dci681.org/",
            "img": "https://lh5.googleusercontent.com/p/AF1QipMol4cLLdCisl-SP5oEJ-R6pXhWETvzdLEzIPGt=w148-h148-n-k-no"
        },
        {
            "title": "Casa BACARDÍ",
            "category": "Distillery",
            "url": "https://www.bacardi.com/casa-bacardi/",
            "img": "https://lh5.googleusercontent.com/p/AF1QipMO-nQhenCRRlo8orsaFyrOyHsd2ijp0sFXcDUu=w148-h148-n-k-no"
        },
        {
            "title": "Viejo San Juan",
            "category": "Neighborhood",
            "img": "https://lh5.googleusercontent.com/p/AF1QipMPEM1HE2t877oj_dJvEnjkMHl2nhamIW9vZBaF=w148-h148-n-k-no"
        },
        {
            "title": "Catedral Basilica Menor de San Juan Bautista",
            "category": "Catholic cathedral",
            "url": "http://catedralsanjuanbautista.org/",
            "img": "https://lh5.googleusercontent.com/p/AF1QipNZzANSXOBjuePG0mvJgIpfnCY87duny0XNYwu_=w148-h148-n-k-no"
        },
        {
            "title": "Toro Verde Adventure Park",
            "category": "Tourist attraction",
            "url": "http://www.toroverdepr.com/",
            "img": "https://lh5.googleusercontent.com/p/AF1QipOKR64HdBN0Kb2ed0MBpRc7yovT-sYa6gcsNTJg=w148-h148-n-k-no"
        },
        {
            "title": "Plaza Colón",
            "category": "Monument",
            "url": "https://www.discoverpuertorico.com/profile/plaza-colon-san-juan/8039",
            "img": "https://lh5.googleusercontent.com/p/AF1QipPKkwJEUXWN-Hgb3a241OZAQ49f9CTcbR6lIeSv=w148-h148-n-k-no"
        },
        {
            "title": "Buyé Beach",
            "category": "Beach",
            "url": "http://www.buyebeachresortcr.com/",
            "img": "https://lh5.googleusercontent.com/p/AF1QipPxWGChit_yGPb6aTOT8tuKy0sk_-CanRdZLrKT=w148-h148-n-k-no"
        },
        {
            "title": "Museo de Arte de Puerto Rico",
            "category": "Art museum",
            "url": "https://www.mapr.org/",
            "img": "https://lh4.googleusercontent.com/proxy/0boaPzUud7s-gfIk4H2dyR0lEpyxfwb0qI8FXwzegHIc3yJwtAF2hZK4HdGB67bqefmXfsTXnBAcRpkHBJoAsqho6ZqclGxVzgTrzslPe2zXm17ty-zVdVrrArkjbuEeu8tUpM8E2AeFRiQiVkDjHcPIal1vgg=w148-h148-n-k-no"
        },
        {
            "title": "Túnel de Guajataca",
            "category": "Tunnel",
            "url": "http://www.conoceapuertorico.com/el-tunel-de-guajataca/",
            "img": "https://lh5.googleusercontent.com/p/AF1QipPhAZHANdmc5rIAs7XJb25fvb9LOSvx4xfGQ_LI=w148-h148-n-k-no"
        },
        {
            "title": "Mar Chiquita Beach",
            "category": "Beach",
            "img": "https://lh5.googleusercontent.com/p/AF1QipPNnvvmBv2x-JEjGRlKQYlvWJ7yj1E7h9rjCqDh=w148-h148-n-k-no"
        },
        {
            "title": "Museo Castillo Serrallés",
            "category": "Museum",
            "url": "http://www.museocastilloserralles.com/",
            "img": "https://lh5.googleusercontent.com/p/AF1QipMDokwXV-Rh3n_LMCyilJqqJd4g2Vz11d2JiX_f=w148-h148-n-k-no"
        },
        {
            "title": "Arecibo Observatory",
            "category": "Observatory",
            "url": "http://www.naic.edu/",
            "img": "https://lh6.googleusercontent.com/proxy/82qvYRMvR3bK6m6q0vxKr4W8nPlYWgsE_v9KF47IIkel05Q7T8gS3qMvDppEcBI_jSoqZ8rQ-o9arXEYTOH-v9GY3UkilvO_0YBiz_HEfDe5TmB0NV02hN8yzA7dlLckXxhRbgumGV5l0x7R7M7eCBU8leX6e7A=w148-h148-n-k-no"
        }
    ]
}