{
    "cities": {
        "Saint-Paul": [
            {
                "title": "Plage de l'Hermitage",
                "category": "Beach",
                "url": "http://www.reunion.fr/planifier/a-voir-a-faire/lieux-remarquables/plage-de-l-hermitage-586328",
                "img": "https://lh5.googleusercontent.com/p/AF1QipOI2ho7zWQKKPS9hbLj2ujV9HnMUUYMd9UPoCut=w148-h148-n-k-no"
            },
            {
                "title": "Musée de Villèle",
                "category": "Museum",
                "url": "https://www.musee-villele.re/",
                "img": "https://lh5.googleusercontent.com/p/AF1QipPRsrN1g-smF4AmD7hLaVYTU8AlYaGyn0lCJt6T=w148-h148-n-k-no"
            },
            {
                "title": "Tunnels de Lave Réunion Volcanorun",
                "category": "Adventure sports",
                "url": "https://tunnelsdelave.re/",
                "img": "https://lh5.googleusercontent.com/p/AF1QipPeUPR8XKD-SGC9BR0jv3seNF-_1XsHzazQyiPv=w148-h148-n-k-no"
            },
            {
                "title": "Kayak Transparent Reunion",
                "category": "Tourist attraction",
                "url": "https://www.kayak-transparent-reunion.fr/",
                "img": "https://lh5.googleusercontent.com/p/AF1QipPDypmESSLm0MPWFmF0f9ZnduHAeW7oP1d_H8pe=w148-h148-n-k-no"
            },
            {
                "title": "Réunion ULM - ULM à la Réunion - Voler à la Réunion",
                "category": "Recreation Centre",
                "url": "https://www.reunionulm.re/",
                "img": "https://lh5.googleusercontent.com/p/AF1QipPHoKAIJP2Q5Y32AaFQNwkT76Msn12e26NAmlU=w148-h148-n-k-no"
            },
            {
                "title": "Canalisation des Orangers",
                "category": "Hiking area",
                "img": "https://lh5.googleusercontent.com/p/AF1QipOyz2H7DAcXtRmDeVqkMjcYiCWFnbwVIuz51M1O=w148-h148-n-k-no"
            },
            {
                "title": "Marché Forain de Saint-Paul",
                "category": "Fresh food market",
                "url": "https://visit.today/reunion/fr/about/marche-forain-de-saint-paul-486",
                "img": "https://lh5.googleusercontent.com/p/AF1QipMalwcnxBCFgX8ohaKNu30CO2XQuKcxfdr-Emua=w148-h148-n-k-no"
            },
            {
                "title": "Les Chevaux Du Maido EARL",
                "category": "Horse-Riding Service",
                "url": "https://www.leschevauxdumaido.com/",
                "img": "https://lh5.googleusercontent.com/p/AF1QipPxwxhyzbo48Z6oVWU_qawWbWHE5bw8HskTWYpl=w148-h148-n-k-no"
            },
            {
                "title": "Eden Garden",
                "category": "Botanical garden",
                "url": "http://jardindeden.re/",
                "img": "https://lh5.googleusercontent.com/p/AF1QipOHaIrNYHecukXEOwBp-iBczRFEWILIVdoy095H=w148-h148-n-k-no"
            },
            {
                "title": "Reunion Island Tourism Board",
                "category": "Tourist attraction",
                "url": "https://www.reunion.fr/",
                "img": "https://lh5.googleusercontent.com/p/AF1QipOofBFtv76_-6EHsmf10__7ym6taQWIsWKatoBv=w148-h148-n-k-no"
            },
            {
                "title": "Plage de Boucan Canot",
                "category": "Beach",
                "img": "https://lh5.googleusercontent.com/p/AF1QipPszlWYpJl3JaLy9NaxwnhVLn4OciYqIwK4d9xo=w148-h148-n-k-no"
            },
            {
                "title": "Le Maïdo",
                "category": "Mountain peak",
                "img": "https://lh5.googleusercontent.com/p/AF1QipPZP4c-WbTWIjzU6V_VkYM16AStB4VPPs6tHWQh=w148-h148-n-k-no"
            },
            {
                "title": "Grand Bénare",
                "category": "Mountain peak",
                "img": "https://lh5.googleusercontent.com/p/AF1QipOZtoiCzDaeaKv7JWskCE5fvfpkvmikoPHpQ5Cn=w148-h148-n-k-no"
            },
            {
                "title": "Taïbit Pass",
                "category": "Mountain pass",
                "img": "https://lh5.googleusercontent.com/p/AF1QipOsCFXn6eoRoSTmb6trK6b25KGkHrDnTsr02DeE=w148-h148-n-k-no"
            },
            {
                "title": "Saint-Paul Pond",
                "category": "Pond",
                "img": "https://lh5.googleusercontent.com/p/AF1QipPH6EwmlUyfQewLvJD59QZJSmGgETio7AAYsRiK=w148-h148-n-k-no"
            },
            {
                "title": "Trois Salazes",
                "category": "Mountain peak",
                "img": "https://lh5.googleusercontent.com/p/AF1QipPp3kR2fscljCYib8V5KUh0Krg2ChBLNEeGQwSu=w148-h148-n-k-no"
            }
        ],
        "Saint-Denis": [
            {
                "title": "Jardin de l'État",
                "category": "Botanical garden",
                "url": "https://www.departement974.fr/sites-culturels/index.php/Le-Jardin-de-l-Etat/Pr%C3%A9sentation-du-Jardin/pratique.html",
                "img": "https://lh5.googleusercontent.com/p/AF1QipPFrm8Pc-WDxzE6KstAtzVuN9ffkjBq-u-qAjkA=w148-h148-n-k-no"
            },
            {
                "title": "Parc du Colorado",
                "category": "Park and Garden",
                "img": "https://lh5.googleusercontent.com/p/AF1QipN6Kw8ZB9wM6ioPv_gT5QgHPOlzjc_6bskqQw4V=w148-h148-n-k-no"
            },
            {
                "title": "Get Out - Escape Game La Réunion et Expériences Immersives",
                "category": "Recreation Centre",
                "url": "https://lareunion.getout.fr/",
                "img": "https://lh5.googleusercontent.com/p/AF1QipMY63WVz3e58df6HvtX-9WkBNk37pB3E5tvanmw=w148-h148-n-k-no"
            },
            {
                "title": "The Smaller Market",
                "category": "Market",
                "url": "https://www.saintdenis.re/Le-Petit-Marche.html",
                "img": "https://lh5.googleusercontent.com/p/AF1QipO-HgSmUYincIUWhe1sAalEg1bJHyrSkssE3-rX=w148-h148-n-k-no"
            },
            {
                "title": "Parc de la Trinité",
                "category": "Garden",
                "img": "https://lh5.googleusercontent.com/p/AF1QipMuTKNoIev6MIy8Z1EiIRp4arkz3Vo8ZHrjBDsi=w148-h148-n-k-no"
            },
            {
                "title": "Cité des Arts",
                "category": "Cultural centre",
                "url": "http://www.citedesarts.re/",
                "img": "https://lh5.googleusercontent.com/p/AF1QipMqCNiWGeevo_-Ds-CZf1bCYRCR0YXisKWXYthZ=w148-h148-n-k-no"
            },
            {
                "title": "Musée Léon-Dierx",
                "category": "Museum",
                "url": "https://www.musee-leondierx.re/",
                "img": "https://lh5.googleusercontent.com/p/AF1QipMi7X9p_2XNGPyMHyfDKJsPylf3iSDGJft-qFUA=w148-h148-n-k-no"
            },
            {
                "title": "Sentier de Grande Randonnée R2",
                "category": "Hiking area",
                "url": "https://www.gr-infos.com/grr2.htm",
                "img": "https://lh5.googleusercontent.com/p/AF1QipO86oh8vQEHVjzt_cULim2JLwPq84nbwpt5a5Ne=w148-h148-n-k-no"
            },
            {
                "title": "Muséum d'Histoire naturelle",
                "category": "Museum",
                "url": "http://www.cg974.fr/culture/museum",
                "img": "https://lh5.googleusercontent.com/p/AF1QipPg-ggHWXcFt0RwY1AUlGcj6-MumJc_eKb-udPz=w148-h148-n-k-no"
            },
            {
                "title": "open market Chaudron",
                "category": "Market",
                "img": "https://lh5.googleusercontent.com/p/AF1QipMuwbhX-qi5MMjPtgRzjBbkSxsBb9Qar4ifX42M=w148-h148-n-k-no"
            },
            {
                "title": "Cap Noir",
                "category": "Viewpoint",
                "img": "https://lh5.googleusercontent.com/p/AF1QipP9eJEpiqmW11vGMGNEJNJSK2aZbChuKP_qouad=w148-h148-n-k-no"
            },
            {
                "title": "Sentier Botanique providence",
                "category": "Hiking area",
                "img": "https://lh5.googleusercontent.com/p/AF1QipOsy9V_PtbWusfCCoM4OBcoXpcbTnt2B_lJdOTa=w148-h148-n-k-no"
            },
            {
                "title": "Cathedral Of Saint Denis Reunion",
                "category": "Cathedral",
                "url": "https://lacathedrale.re/",
                "img": "https://lh5.googleusercontent.com/p/AF1QipNSRGLbNGytzFJWUTWkinv4IGV7od54hnY2o-M0=w148-h148-n-k-no"
            },
            {
                "title": "Cascade du Chaudron",
                "category": "Waterfall",
                "img": "https://lh5.googleusercontent.com/p/AF1QipOK7UGSMzBRHZaN6SBuer0m3Wi8KoO38ywkH0oD=w148-h148-n-k-no"
            },
            {
                "title": "Maison Carrère",
                "category": "Tourist Information Centre",
                "url": "http://lebeaupays.com/",
                "img": "https://lh5.googleusercontent.com/p/AF1QipMV6TVO39TragxIa_lnhBrh2JsAlhoMOxPCPtHV=w148-h148-n-k-no"
            },
            {
                "title": "Our Lady of Deliverance",
                "category": "Catholic church",
                "url": "http://paroisse-delivrance.re/",
                "img": "https://lh5.googleusercontent.com/p/AF1QipPr-7Uo9yhDvNtpHComkoWykFlcBZfaMlZGxb8r=w148-h148-n-k-no"
            }
        ],
        "Le Tampon": [
            {
                "title": "Volcano House",
                "category": "Museum",
                "url": "https://museesreunion.fr/la-cite-du-volcan/",
                "img": "https://lh5.googleusercontent.com/p/AF1QipM0gUvX47bFGIqRGteeYQMZqDkm5TY40TGNJZcS=w148-h148-n-k-no"
            },
            {
                "title": "Nez de Boeuf",
                "category": "Mountain peak",
                "img": "https://lh5.googleusercontent.com/p/AF1QipNFpxQ6Xx2LdtTK2MNTdg75KHxKGa0lT-8QoN1k=w148-h148-n-k-no"
            },
            {
                "title": "Cascade de Grand Galet",
                "category": "Tourist attraction",
                "url": "https://saintjoseph.re/",
                "img": "https://lh5.googleusercontent.com/p/AF1QipOlkoJ_p7_Az4Ufwm8CWL0ei_c8kJ2HGRCQKAoW=w148-h148-n-k-no"
            },
            {
                "title": "Belvédère de Bois Court",
                "category": "Scenic point",
                "url": "https://www.reunion.fr/offres/belvedere-de-bois-court-le-tampon-fr-586312/",
                "img": "https://lh5.googleusercontent.com/p/AF1QipP-NwvnLHg_cuk33TcG4lrRx-LZJCOqDvwb1_wb=w148-h148-n-k-no"
            },
            {
                "title": "The vanilla plantation, Domaine du Grand Hazier",
                "category": "Tourist attraction",
                "url": "https://lavanilleraie.com/",
                "img": "https://lh5.googleusercontent.com/p/AF1QipOaxPlOzbiRWXAjVkeWB9JrRtak-k9vF9olvsgX=w148-h148-n-k-no"
            },
            {
                "title": "Bras de Pontho",
                "category": "Neighborhood",
                "img": "https://lh5.googleusercontent.com/p/AF1QipNdpATkUfc9AZj9opqsBRJ_g12VC20fTt5xazuA=w148-h148-n-k-no"
            },
            {
                "title": "Saint Pierre",
                "category": "Locality",
                "img": "https://lh5.googleusercontent.com/p/AF1QipO6em6nJhx5z4C9hEjODV813gTPaHvNHBBbcr5C=w148-h148-n-k-no"
            },
            {
                "title": "Marché Forain du Tampon",
                "category": "Fresh food market",
                "img": "https://lh5.googleusercontent.com/p/AF1QipPOjBvh_k005u4nZLKxsj4G9B6DC1oYYRmQpMyJ=w148-h148-n-k-no"
            },
            {
                "title": "Palms Park",
                "category": "Park and Garden",
                "img": "https://lh5.googleusercontent.com/p/AF1QipMWUsIq5I1nwWQGrn0a1VQDMxtTAHA8GOTmyoWC=w148-h148-n-k-no"
            },
            {
                "title": "Salazie",
                "category": "Locality",
                "img": "https://lh5.googleusercontent.com/p/AF1QipO9PlORFoJ8i9VgtWr_Xzara9kDMNHYVPvSSC7p=w148-h148-n-k-no"
            },
            {
                "title": "Route du Volcan",
                "category": "Highway 3",
                "img": "https://lh5.googleusercontent.com/p/AF1QipNI26gLy1MrnX_-p88L8MCLGrWBg1ziRcrezSZ6=w148-h148-n-k-no"
            },
            {
                "title": "Tunnels de Lave La Réunion : Tunnels de Lave KOKAPAT RANDO Île de La Réunion",
                "category": "Hiking area",
                "url": "https://www.kokapatrando-reunion.com/fr/",
                "img": "https://lh5.googleusercontent.com/p/AF1QipP2e1ifGXwN763bh6Or6pbfbB0XDeTydui43V-f=w148-h148-n-k-no"
            },
            {
                "title": "Kaz Ayurveda",
                "category": "Massage spa",
                "url": "https://kazayurveda.re/",
                "img": "https://lh5.googleusercontent.com/p/AF1QipNdCMGGlcGLno7GbsrumpZL0N_r0khFPQwuTOm-=w148-h148-n-k-no"
            },
            {
                "title": "Église Sainte-Thérèse de l'Enfant Jésus et de la Sainte-Face",
                "category": "Catholic church",
                "img": "https://lh5.googleusercontent.com/p/AF1QipPJJlyGGl1G2HroLfP9X8NdwmMvUaP_WC6GAlwE=w148-h148-n-k-no"
            },
            {
                "title": "Domaine Archambeaud",
                "category": "General Store",
                "img": "https://lh5.googleusercontent.com/p/AF1QipOKzMxwlpmp90iHruivqG3llW-9zBSN_IeBXKL9=w148-h148-n-k-no"
            },
            {
                "title": "Eglise de Bras de Pontho",
                "category": "Place of worship",
                "img": "https://lh5.googleusercontent.com/p/AF1QipP6t1SeGevBv6J7eTaskXO2wR4HItQL-2bJS6fQ=w148-h148-n-k-no"
            }
        ],
        "Saint-Pierre": [
            {
                "title": "Saint-Pierre Open Market",
                "category": "Market",
                "url": "https://www.marchesdesaintpierre.re/le-marche-forain/",
                "img": "https://lh5.googleusercontent.com/p/AF1QipMpKJq-1XRBTXXyTeypWrPimLxXLduqhfiFwr1-=w148-h148-n-k-no"
            },
            {
                "title": "Terre Sainte Public Beach",
                "category": "Tourist attraction",
                "img": "https://lh5.googleusercontent.com/p/AF1QipOUlKrqgWNjUnfxrUBGTmGCZCIhB_eJ3kFgd5zR=w148-h148-n-k-no"
            },
            {
                "title": "Eglise Notre Dame du Bon Port",
                "category": "Catholic church",
                "img": "https://lh5.googleusercontent.com/p/AF1QipN1njqNLQz--VzBmiU3P2kug-eIS5EmdKdXbCA7=w148-h148-n-k-no"
            },
            {
                "title": "Parfums et Épices Garden",
                "category": "Botanical garden",
                "url": "http://www.jardin-parfums-epices.com/",
                "img": "https://lh5.googleusercontent.com/p/AF1QipMBwq7X4VhVnxDz0thDZGi1cLfuYG5K7M2C8tO-=w148-h148-n-k-no"
            },
            {
                "title": "Plage d'Étang-Salé",
                "category": "Tourist attraction",
                "img": "https://lh5.googleusercontent.com/p/AF1QipOM1-HeV9j-pIHc5n5APV1XJPQGWvmEd3nIWQ1m=w148-h148-n-k-no"
            },
            {
                "title": "Terre Sainte",
                "category": "Neighborhood",
                "img": "https://lh5.googleusercontent.com/p/AF1QipPzHuPcg2alIj_dcxM4IX43XGdeJGVQX8KJ3AJB=w148-h148-n-k-no"
            },
            {
                "title": "Grande Anse",
                "category": "Bay",
                "img": "https://lh5.googleusercontent.com/p/AF1QipPtxRgmsR6edmfzecewkbdnyicHPwjGmdPJ5hq-=w148-h148-n-k-no"
            },
            {
                "title": "Domaine du Café Grillé",
                "category": "Botanical garden",
                "url": "https://www.domaineducafegrille.fr/",
                "img": "https://lh5.googleusercontent.com/p/AF1QipNL91vYtaQEnjELoqYYaJueM7gFG4GwQUKbHka8=w148-h148-n-k-no"
            },
            {
                "title": "Hôtel de ville de Saint-Pierre",
                "category": "Town Hall",
                "url": "https://www.saintpierre.re/",
                "img": "https://lh5.googleusercontent.com/p/AF1QipNXJ0S-sHOn27BwOlnRbGxo1xwx-DVdsgFIrAMp=w148-h148-n-k-no"
            },
            {
                "title": "Promenade Des Alizes",
                "category": "Route",
                "img": "https://lh5.googleusercontent.com/p/AF1QipPSZ6ddWi3qD_bdUYGWe8JGjFk5swoIgugo3_iK=w148-h148-n-k-no"
            },
            {
                "title": "Saint-Pierre Beach",
                "category": "Public beach",
                "img": "https://lh5.googleusercontent.com/p/AF1QipNC1KF90MB6nYjgFsEl77I4Z5SaryhlipfPMaud=w148-h148-n-k-no"
            },
            {
                "title": "Alpanes Canyoning : Canyoning À La Réunion",
                "category": "Sports school",
                "url": "http://www.alpanes.com/",
                "img": "https://lh5.googleusercontent.com/p/AF1QipP-g2UCIieb3LIQ7Atbq-AxNUXbMNDxRokaH3GE=w148-h148-n-k-no"
            },
            {
                "title": "Isautier's Old Sugar Mill Chimney",
                "category": "Heritage Building",
                "img": "https://lh5.googleusercontent.com/p/AF1QipNXb4am7GNogrUsCfIFweVoMzh59KB0ia2NHvRA=w148-h148-n-k-no"
            },
            {
                "title": "Saga du Rhum",
                "category": "Museum",
                "url": "http://www.sagadurhum.fr/",
                "img": "https://lh5.googleusercontent.com/p/AF1QipPQdknvNJ6itDfs-eOEPMxwkh5kAmcA5JeC9zSb=w148-h148-n-k-no"
            },
            {
                "title": "The Gouzou Factory",
                "category": "Art gallery",
                "url": "http://www.lusineagouzou.fr/",
                "img": "https://lh5.googleusercontent.com/p/AF1QipOJezWd_AoPX85T7LpB8hLBTrEGKQDTJ_r_Ohlw=w148-h148-n-k-no"
            },
            {
                "title": "Kayak Transparent Reunion",
                "category": "Tourist attraction",
                "url": "https://www.kayak-transparent-reunion.fr/",
                "img": "https://lh5.googleusercontent.com/p/AF1QipPDypmESSLm0MPWFmF0f9ZnduHAeW7oP1d_H8pe=w148-h148-n-k-no"
            }
        ],
        "Saint-Louis": [
            {
                "title": "The Makes Window",
                "category": "Observation deck",
                "img": "https://lh5.googleusercontent.com/p/AF1QipNET-CwR_KJ2bMkI0QYpHPKhcVomwHQirMJz0I=w148-h148-n-k-no"
            },
            {
                "title": "Makes Aventures",
                "category": "Holiday park",
                "url": "http://www.makesaventures.com/",
                "img": "https://lh5.googleusercontent.com/p/AF1QipNoi_pyePdXVZYmg5SfQUaspZiO77p-mzFLJb7T=w148-h148-n-k-no"
            },
            {
                "title": "Makes Observatory",
                "category": "Observatory",
                "url": "https://www.observatoiredesmakes.com/",
                "img": "https://lh5.googleusercontent.com/p/AF1QipN65E1gZd3k1NA3_XiderHpAKhuoORLvyK2YI-i=w148-h148-n-k-no"
            },
            {
                "title": "bonsais Garden",
                "category": "Botanical garden",
                "url": "https://jardindebonsais.wixsite.com/reunion",
                "img": "https://lh5.googleusercontent.com/p/AF1QipNSuCEULzMwBHVx1ZnnJoPHc9-kdUuA5CxW5ru4=w148-h148-n-k-no"
            },
            {
                "title": "Tunnel de lave Réunion - Profundo",
                "category": "Adventure sports",
                "url": "https://www.profundo.fr/",
                "img": "https://lh5.googleusercontent.com/p/AF1QipNQuP5PHnKuzj25bFbSZeuh8fe9NaFXMV6iIwBZ=w148-h148-n-k-no"
            },
            {
                "title": "Musée des arts décoratifs de l'océan Indien",
                "category": "Museum",
                "url": "https://museesreunion.fr/",
                "img": "https://lh5.googleusercontent.com/p/AF1QipN7Gs3-3sZjQ41m7obLOSxgXSy2xU-2IlkQUDtT=w148-h148-n-k-no"
            },
            {
                "title": "Kreor Bijouterie",
                "category": "Jewellery Designer",
                "img": "https://lh5.googleusercontent.com/p/AF1QipPkA0uJCMk3D2erFOg5Ae_8ZWteRaFk-c7sTl37=w148-h148-n-k-no"
            },
            {
                "title": "Makes Astro",
                "category": "Entertainer",
                "url": "https://www.makesastro.re/",
                "img": "https://lh5.googleusercontent.com/p/AF1QipOQ7AXw0pX4Taobh4D_YVgA_W_0aNP70jMwLn-O=w148-h148-n-k-no"
            },
            {
                "title": "Réunion Volcan Evasion - Excursions",
                "category": "Tourist attraction",
                "url": "https://www.reve.re/",
                "img": "https://lh5.googleusercontent.com/p/AF1QipOfPEZHP2uaBN_EQo9WgAYarRTSSEpoMhbo3wVk=w148-h148-n-k-no"
            }
        ],
        "Saint-André": [
            {
                "title": "Temple Tamoul de Bois Rouge",
                "category": "Hindu temple",
                "img": "https://lh5.googleusercontent.com/p/AF1QipMyxMkf9OpYLyg-_w9yJ37AtppzwXHfKoAlpc7C=w148-h148-n-k-no"
            },
            {
                "title": "Vanilla Plantation Roulof",
                "category": "Crop grower",
                "url": "http://www.lavanilledelareunion.com/",
                "img": "https://lh5.googleusercontent.com/p/AF1QipPFPF8d1vRBOx5zBqqm2HVbZFCavkZagc1-PVqq=w148-h148-n-k-no"
            },
            {
                "title": "Etern'Elle esthetique & Spa",
                "category": "Spa",
                "url": "http://www.eternelleesthetiqueetspa.re/",
                "img": "https://lh5.googleusercontent.com/p/AF1QipMLOQEkE_4e-FJmN3BCCew7ILYipsXSISdE8Ido=w148-h148-n-k-no"
            },
            {
                "title": "Distillerie de Savanna",
                "category": "Tourist attraction",
                "url": "http://www.savanna.fr/",
                "img": "https://lh5.googleusercontent.com/p/AF1QipMO-zQXnzKfBx1IwTSgsKHkhTSMXbETpfUSrUxq=w148-h148-n-k-no"
            },
            {
                "title": "Parc du Colosse",
                "category": "Park and Garden",
                "url": "https://www.reunionest.fr/carnets-de-voyage/le-parc-du-colosse-a-saint-andre.html",
                "img": "https://lh5.googleusercontent.com/p/AF1QipPs9YbGGIo_0dE3bc5gSoFvx3ltxzXjuwdRruOf=w148-h148-n-k-no"
            },
            {
                "title": "The Garden of 1001 flavor",
                "category": "Garden",
                "url": "http://www.jardindesmillesetunesaveurs.com/",
                "img": "https://lh5.googleusercontent.com/p/AF1QipMXFePlfrp7zEt5jBU5trWSga9PcswWJwFivWo1=w148-h148-n-k-no"
            },
            {
                "title": "Temple du Colosse",
                "category": "Hindu temple",
                "img": "https://lh5.googleusercontent.com/p/AF1QipOf6vgdY2Y5Ll4v7PKW1QGQfjqiQ-zqeV-tnG0=w148-h148-n-k-no"
            },
            {
                "title": "Église Saint-Nicolas",
                "category": "Catholic church",
                "img": "https://lh5.googleusercontent.com/p/AF1QipOqVcI8Cg-t11mBoDGJZfsf-PIj-lRY90eGoDbC=w148-h148-n-k-no"
            }
        ]
    },
    "sights": [
        {
            "title": "Kélonia",
            "category": "Museum of zoology",
            "url": "https://museesreunion.fr/kelonia/",
            "img": "https://lh5.googleusercontent.com/p/AF1QipM2TwJ9Rhq0B5Y85dHR9aoegP6gTi70EVKqYGFh=w148-h148-n-k-no"
        },
        {
            "title": "Cascade de Grand Galet",
            "category": "Tourist attraction",
            "url": "https://saintjoseph.re/",
            "img": "https://lh5.googleusercontent.com/p/AF1QipOlkoJ_p7_Az4Ufwm8CWL0ei_c8kJ2HGRCQKAoW=w148-h148-n-k-no"
        },
        {
            "title": "Anse waterfalls",
            "category": "Tourist attraction",
            "img": "https://lh5.googleusercontent.com/p/AF1QipMECSiicCfIwJyr089_vxIMNFBy1EPSbjwL76Rf=w148-h148-n-k-no"
        },
        {
            "title": "Domaine du Café Grillé",
            "category": "Botanical garden",
            "url": "https://www.domaineducafegrille.fr/",
            "img": "https://lh5.googleusercontent.com/p/AF1QipNL91vYtaQEnjELoqYYaJueM7gFG4GwQUKbHka8=w148-h148-n-k-no"
        },
        {
            "title": "Parfums et Épices Garden",
            "category": "Botanical garden",
            "url": "http://www.jardin-parfums-epices.com/",
            "img": "https://lh5.googleusercontent.com/p/AF1QipMBwq7X4VhVnxDz0thDZGi1cLfuYG5K7M2C8tO-=w148-h148-n-k-no"
        },
        {
            "title": "Saga du Rhum",
            "category": "Museum",
            "url": "http://www.sagadurhum.fr/",
            "img": "https://lh5.googleusercontent.com/p/AF1QipPQdknvNJ6itDfs-eOEPMxwkh5kAmcA5JeC9zSb=w148-h148-n-k-no"
        },
        {
            "title": "Plage de l'Hermitage",
            "category": "Beach",
            "url": "http://www.reunion.fr/planifier/a-voir-a-faire/lieux-remarquables/plage-de-l-hermitage-586328",
            "img": "https://lh5.googleusercontent.com/p/AF1QipOI2ho7zWQKKPS9hbLj2ujV9HnMUUYMd9UPoCut=w148-h148-n-k-no"
        },
        {
            "title": "Aquarium of Reunion",
            "category": "Museum",
            "url": "https://www.aquariumdelareunion.com/",
            "img": "https://lh5.googleusercontent.com/p/AF1QipOCDr7m_FXc9dMCH-2um7YkdHPShDmVrpUhv_vR=w148-h148-n-k-no"
        },
        {
            "title": "Maison Folio",
            "category": "Local history museum",
            "img": "https://lh5.googleusercontent.com/p/AF1QipPNRMnihWlIJJHbChlIIGV4ob5FScE32_t5ZTHv=w148-h148-n-k-no"
        },
        {
            "title": "Cap Noir",
            "category": "Viewpoint",
            "img": "https://lh5.googleusercontent.com/p/AF1QipP9eJEpiqmW11vGMGNEJNJSK2aZbChuKP_qouad=w148-h148-n-k-no"
        },
        {
            "title": "Musée de Villèle",
            "category": "Museum",
            "url": "https://www.musee-villele.re/",
            "img": "https://lh5.googleusercontent.com/p/AF1QipPRsrN1g-smF4AmD7hLaVYTU8AlYaGyn0lCJt6T=w148-h148-n-k-no"
        },
        {
            "title": "Plage de l’hermitage",
            "category": "Tourist attraction",
            "img": "https://lh5.googleusercontent.com/p/AF1QipNBnCZ4cA-uuMK0Z_WHZuO2lF6ySlamHCgX6di3=w148-h148-n-k-no"
        },
        {
            "title": "Piton de la Fournaise",
            "category": "Volcano",
            "img": "https://lh5.googleusercontent.com/proxy/UkvCJRp7Z3GMReSt8uI88SBeQOQqnw2XSOkrbYq6_266HPGL7dzWMW1CaTwE-MqCowGbt0USmCi_1UC7Om7y6vtp5Ko9IlMFkcHxyGvGmWNYsDtGo0X0aui5Wjr5MX0o2dtSozcTypJUxysV_LaOyKBChsdqYUo=w148-h148-n-k-no"
        },
        {
            "title": "Belvédère de Bois Court",
            "category": "Scenic point",
            "url": "https://www.reunion.fr/offres/belvedere-de-bois-court-le-tampon-fr-586312/",
            "img": "https://lh5.googleusercontent.com/p/AF1QipP-NwvnLHg_cuk33TcG4lrRx-LZJCOqDvwb1_wb=w148-h148-n-k-no"
        },
        {
            "title": "Cilaos",
            "category": "Locality",
            "img": "https://lh5.googleusercontent.com/p/AF1QipNXQGpqIUrEMBIVi36m2kiOSeuB_dDVD5nKpLhq=w148-h148-n-k-no"
        },
        {
            "title": "The House of Coco",
            "category": "Tourist attraction",
            "url": "http://www.maisonducocoreunion.com/",
            "img": "https://lh5.googleusercontent.com/p/AF1QipOZ5dxHvR7z59n6rzGzO8uBSUUxRsBcgbsLvGDj=w148-h148-n-k-no"
        }
    ]
}