{
    "cities": {
        "Gaalkacyo": [],
        "Qoryooley": [
            {
                "title": "Visit Mogadishu",
                "category": "Tour operator",
                "url": "http://www.visitmogadishu.com/",
                "img": "https://lh5.googleusercontent.com/p/AF1QipP6aDk3RyTS6lbSCHGK_l38DNsKKUaOkS779Atr=w148-h148-n-k-no"
            },
            {
                "title": "Somali Safari Tours",
                "category": "Tour operator",
                "url": "http://somalisafari.com/",
                "img": "https://lh5.googleusercontent.com/p/AF1QipN5dkV6uERkl1pcpfHdGpuXo7A0Pp9t_VG1BUrR=w148-h148-n-k-no"
            },
            {
                "title": "Somali National Museum",
                "category": "Museum",
                "url": "https://www.facebook.com/profile.php?id=100006045281197&mibextid=ZbWKwLhttps://www.facebook.com/profile.php?id=100006045281197&mibextid=ZbWKwL",
                "img": "https://lh5.googleusercontent.com/p/AF1QipMAxDZhpmJcJLz0lfZzTKbdN-b7J6bzDefwa908=w148-h148-n-k-no"
            },
            {
                "title": "BIN AARIF",
                "category": "Shopping Centre",
                "img": "https://lh5.googleusercontent.com/p/AF1QipOvaxrfxtAn5EYUijGRvyCoAYsi4l9vhlWtcbTi=w148-h148-n-k-no"
            },
            {
                "title": "Somali National Library",
                "category": "Library",
                "url": "http://snl.gov.so/",
                "img": "https://lh5.googleusercontent.com/p/AF1QipNDjm9cu4kqnP8OtJn_ZSb5JJMYtcs0XapRbq7e=w148-h148-n-k-no"
            },
            {
                "title": "The Tomb of the Unknown Soldier",
                "category": "Historical landmark",
                "img": "https://lh5.googleusercontent.com/p/AF1QipPKBJdX2LbwO8SSWpHS-JWj6FY6Nn_mAVIGYi3g=w148-h148-n-k-no"
            },
            {
                "title": "Masaajidka Isbahaysigga",
                "category": "Building",
                "img": "https://lh5.googleusercontent.com/p/AF1QipNvtuvaB-rKMnwq9qJny3bEFGbtUGv6zyEH7aer=w148-h148-n-k-no"
            },
            {
                "title": "Mogadishu",
                "category": "Locality",
                "img": "https://lh5.googleusercontent.com/p/AF1QipO9TSnEWkvEDR9ZcNMFZUAa7hMiWJOge3pt7O6z=w148-h148-n-k-no"
            },
            {
                "title": "Mogadishu Football Stadium",
                "category": "Stadium",
                "img": "https://lh5.googleusercontent.com/p/AF1QipO8r42Sq2O82EU-A2xx1urwT3XBp29jHAWphy8j=w148-h148-n-k-no"
            },
            {
                "title": "Masjidka Isbahaysiga,(Mogadishu Central Mosque)",
                "category": "Mosque",
                "img": "https://lh5.googleusercontent.com/p/AF1QipOVp3S4lLG06rJr96DpdKzbg5TgVHjAMAQ0ugKO=w148-h148-n-k-no"
            },
            {
                "title": "Afgoye",
                "category": "Locality",
                "img": "https://lh5.googleusercontent.com/p/AF1QipN7i31g1zZm0RFV_5B6rMMmI8Swg3UPrvHxu6EJ=w148-h148-n-k-no"
            },
            {
                "title": "Liido beach",
                "category": "Tourist attraction",
                "img": "https://lh5.googleusercontent.com/p/AF1QipNqHKOW8y7c1n_1VTjEIDKPcXPCYPhE6V0-M3_s=w148-h148-n-k-no"
            },
            {
                "title": "Bakaara Market",
                "category": "Market",
                "img": "https://lh5.googleusercontent.com/p/AF1QipPa5L6E_gMEjU_9Dg-WLtIzNAfyN4o7Vinf7nKk=w148-h148-n-k-no"
            },
            {
                "title": "Jaziira Beach Muqdisho",
                "category": "Beach",
                "img": "https://lh5.googleusercontent.com/p/AF1QipPS2RstqAo9wZUIxahTSxFSw6QPy4WZAEIjYM7L=w148-h148-n-k-no"
            },
            {
                "title": "Almnara Tower",
                "category": "Historical landmark",
                "img": "https://lh5.googleusercontent.com/p/AF1QipO45FPkLagtqlKFbsle-TZUZlwnRAmvoZGbteEi=w148-h148-n-k-no"
            },
            {
                "title": "Cattedrale di Mogadiscio",
                "category": "Cultural landmark",
                "img": "https://lh5.googleusercontent.com/p/AF1QipNxGyburaKNSqqg02-j5u8Ae3h_G2WFjmKYZro_=w148-h148-n-k-no"
            }
        ],
        "Kismayo": [],
        "Cabudwaaq": [],
        "Borama": [],
        "Beledweyne": [],
        "Mogadishu": [
            {
                "title": "Somali National Library",
                "category": "Library",
                "url": "http://snl.gov.so/",
                "img": "https://lh5.googleusercontent.com/p/AF1QipNDjm9cu4kqnP8OtJn_ZSb5JJMYtcs0XapRbq7e=w148-h148-n-k-no"
            },
            {
                "title": "Visit Mogadishu",
                "category": "Tour operator",
                "url": "http://www.visitmogadishu.com/",
                "img": "https://lh5.googleusercontent.com/p/AF1QipP6aDk3RyTS6lbSCHGK_l38DNsKKUaOkS779Atr=w148-h148-n-k-no"
            },
            {
                "title": "BIN AARIF",
                "category": "Shopping Centre",
                "img": "https://lh5.googleusercontent.com/p/AF1QipOvaxrfxtAn5EYUijGRvyCoAYsi4l9vhlWtcbTi=w148-h148-n-k-no"
            },
            {
                "title": "Somali Safari Tours",
                "category": "Tour operator",
                "url": "http://somalisafari.com/",
                "img": "https://lh5.googleusercontent.com/p/AF1QipN5dkV6uERkl1pcpfHdGpuXo7A0Pp9t_VG1BUrR=w148-h148-n-k-no"
            },
            {
                "title": "Masjidka Isbahaysiga,(Mogadishu Central Mosque)",
                "category": "Mosque",
                "img": "https://lh5.googleusercontent.com/p/AF1QipOVp3S4lLG06rJr96DpdKzbg5TgVHjAMAQ0ugKO=w148-h148-n-k-no"
            },
            {
                "title": "Somali National Museum",
                "category": "Museum",
                "url": "https://www.facebook.com/profile.php?id=100006045281197&mibextid=ZbWKwLhttps://www.facebook.com/profile.php?id=100006045281197&mibextid=ZbWKwL",
                "img": "https://lh5.googleusercontent.com/p/AF1QipMAxDZhpmJcJLz0lfZzTKbdN-b7J6bzDefwa908=w148-h148-n-k-no"
            },
            {
                "title": "Bakaara Market",
                "category": "Market",
                "img": "https://lh5.googleusercontent.com/p/AF1QipPa5L6E_gMEjU_9Dg-WLtIzNAfyN4o7Vinf7nKk=w148-h148-n-k-no"
            },
            {
                "title": "Liido beach",
                "category": "Tourist attraction",
                "img": "https://lh5.googleusercontent.com/p/AF1QipNqHKOW8y7c1n_1VTjEIDKPcXPCYPhE6V0-M3_s=w148-h148-n-k-no"
            },
            {
                "title": "The Tomb of the Unknown Soldier",
                "category": "Historical landmark",
                "img": "https://lh5.googleusercontent.com/p/AF1QipPKBJdX2LbwO8SSWpHS-JWj6FY6Nn_mAVIGYi3g=w148-h148-n-k-no"
            },
            {
                "title": "Mogadishu Football Stadium",
                "category": "Stadium",
                "img": "https://lh5.googleusercontent.com/p/AF1QipO8r42Sq2O82EU-A2xx1urwT3XBp29jHAWphy8j=w148-h148-n-k-no"
            },
            {
                "title": "Almnara Tower",
                "category": "Historical landmark",
                "img": "https://lh5.googleusercontent.com/p/AF1QipO45FPkLagtqlKFbsle-TZUZlwnRAmvoZGbteEi=w148-h148-n-k-no"
            },
            {
                "title": "Jaziira Beach Muqdisho",
                "category": "Beach",
                "img": "https://lh5.googleusercontent.com/p/AF1QipPS2RstqAo9wZUIxahTSxFSw6QPy4WZAEIjYM7L=w148-h148-n-k-no"
            },
            {
                "title": "Cattedrale di Mogadiscio",
                "category": "Cultural landmark",
                "img": "https://lh5.googleusercontent.com/p/AF1QipNxGyburaKNSqqg02-j5u8Ae3h_G2WFjmKYZro_=w148-h148-n-k-no"
            },
            {
                "title": "Masaajidka Isbahaysigga",
                "category": "Building",
                "img": "https://lh5.googleusercontent.com/p/AF1QipNvtuvaB-rKMnwq9qJny3bEFGbtUGv6zyEH7aer=w148-h148-n-k-no"
            },
            {
                "title": "Afgoye",
                "category": "Locality",
                "img": "https://lh5.googleusercontent.com/p/AF1QipN7i31g1zZm0RFV_5B6rMMmI8Swg3UPrvHxu6EJ=w148-h148-n-k-no"
            },
            {
                "title": "JAZEERA BEACH",
                "category": "Beach entertainment shop",
                "img": "https://lh5.googleusercontent.com/p/AF1QipMk99gN7b_nuCp9OJLyIttpeC8YumZ0wZ8d1M0N=w148-h148-n-k-no"
            }
        ],
        "Baidoa": [],
        "Gebiley": [
            {
                "title": "Somaliland Travel Agency",
                "category": "Travel Agent",
                "url": "https://somalilandtravel.com/",
                "img": "https://lh5.googleusercontent.com/p/AF1QipNdHidhn7T_jEubdwSSTWAt5O-9kifZmoc4wycF=w148-h148-n-k-no"
            },
            {
                "title": "Dahabshiil Business Centre",
                "category": "Shopping Centre",
                "img": "https://lh5.googleusercontent.com/p/AF1QipM4_cCC4KpD_c8-9vkjcVP5N0d7x3tXfeZE8vXd=w148-h148-n-k-no"
            },
            {
                "title": "Saryan Museum",
                "category": "Museum",
                "img": "https://lh5.googleusercontent.com/p/AF1QipOsRtkHkHGKvNX_VgscWK6-fN-RawpAXEUU4_Eu=w148-h148-n-k-no"
            },
            {
                "title": "Laas Geel tour Safaris Tourism Company",
                "category": "Tourist attraction",
                "url": "http://somalilandtourism.net/",
                "img": "https://lh5.googleusercontent.com/p/AF1QipP01fFnHco2jrqxQ9iDhj_pQBFi55qwKmvcwMWE=w148-h148-n-k-no"
            }
        ],
        "Afgooye": [
            {
                "title": "The Tomb of the Unknown Soldier",
                "category": "Historical landmark",
                "img": "https://lh5.googleusercontent.com/p/AF1QipPKBJdX2LbwO8SSWpHS-JWj6FY6Nn_mAVIGYi3g=w148-h148-n-k-no"
            },
            {
                "title": "BIN AARIF",
                "category": "Shopping Centre",
                "img": "https://lh5.googleusercontent.com/p/AF1QipOvaxrfxtAn5EYUijGRvyCoAYsi4l9vhlWtcbTi=w148-h148-n-k-no"
            },
            {
                "title": "Mogadishu Football Stadium",
                "category": "Stadium",
                "img": "https://lh5.googleusercontent.com/p/AF1QipO8r42Sq2O82EU-A2xx1urwT3XBp29jHAWphy8j=w148-h148-n-k-no"
            },
            {
                "title": "Somali National Museum",
                "category": "Museum",
                "url": "https://www.facebook.com/profile.php?id=100006045281197&mibextid=ZbWKwLhttps://www.facebook.com/profile.php?id=100006045281197&mibextid=ZbWKwL",
                "img": "https://lh5.googleusercontent.com/p/AF1QipMAxDZhpmJcJLz0lfZzTKbdN-b7J6bzDefwa908=w148-h148-n-k-no"
            },
            {
                "title": "Mogadishu",
                "category": "Locality",
                "img": "https://lh5.googleusercontent.com/p/AF1QipO9TSnEWkvEDR9ZcNMFZUAa7hMiWJOge3pt7O6z=w148-h148-n-k-no"
            },
            {
                "title": "Somali Safari Tours",
                "category": "Tour operator",
                "url": "http://somalisafari.com/",
                "img": "https://lh5.googleusercontent.com/p/AF1QipN5dkV6uERkl1pcpfHdGpuXo7A0Pp9t_VG1BUrR=w148-h148-n-k-no"
            },
            {
                "title": "Visit Mogadishu",
                "category": "Tour operator",
                "url": "http://www.visitmogadishu.com/",
                "img": "https://lh5.googleusercontent.com/p/AF1QipP6aDk3RyTS6lbSCHGK_l38DNsKKUaOkS779Atr=w148-h148-n-k-no"
            },
            {
                "title": "Masjidka Isbahaysiga,(Mogadishu Central Mosque)",
                "category": "Mosque",
                "img": "https://lh5.googleusercontent.com/p/AF1QipOVp3S4lLG06rJr96DpdKzbg5TgVHjAMAQ0ugKO=w148-h148-n-k-no"
            },
            {
                "title": "Almnara Tower",
                "category": "Historical landmark",
                "img": "https://lh5.googleusercontent.com/p/AF1QipO45FPkLagtqlKFbsle-TZUZlwnRAmvoZGbteEi=w148-h148-n-k-no"
            },
            {
                "title": "Bakaara Market",
                "category": "Market",
                "img": "https://lh5.googleusercontent.com/p/AF1QipPa5L6E_gMEjU_9Dg-WLtIzNAfyN4o7Vinf7nKk=w148-h148-n-k-no"
            },
            {
                "title": "Jaziira Beach Muqdisho",
                "category": "Beach",
                "img": "https://lh5.googleusercontent.com/p/AF1QipPS2RstqAo9wZUIxahTSxFSw6QPy4WZAEIjYM7L=w148-h148-n-k-no"
            },
            {
                "title": "Liido beach",
                "category": "Tourist attraction",
                "img": "https://lh5.googleusercontent.com/p/AF1QipNqHKOW8y7c1n_1VTjEIDKPcXPCYPhE6V0-M3_s=w148-h148-n-k-no"
            },
            {
                "title": "Cattedrale di Mogadiscio",
                "category": "Cultural landmark",
                "img": "https://lh5.googleusercontent.com/p/AF1QipNxGyburaKNSqqg02-j5u8Ae3h_G2WFjmKYZro_=w148-h148-n-k-no"
            }
        ],
        "Balanbale": [],
        "Marka": [],
        "Beled Hawo": [],
        "Ruqi": [],
        "Bosaso": [],
        "Burao": [],
        "Laascaanood": [],
        "Garoowe": [
            {
                "title": "Hotel jubba",
                "category": "Hotel",
                "img": "https://lh5.googleusercontent.com/p/AF1QipNByL9tWSSJ0SYsLJm3NadZxfnrnVHcNdWVy7Rc=w148-h148-n-k-no"
            },
            {
                "title": "New Rays Hotel 2",
                "category": "Hotel",
                "img": "https://lh5.googleusercontent.com/p/AF1QipPmTfykUSfCe1uEYxMYFQWCDSv3pFV9aj3-qkUH=w148-h148-n-k-no"
            },
            {
                "title": "Towfiq Hotel",
                "category": "Hotel",
                "img": "https://lh5.googleusercontent.com/p/AF1QipNQO-OrhbCkg8Mm-8yMwyuKJlip2fljbenlVda4=w148-h148-n-k-no"
            },
            {
                "title": "Martisoor Hotel",
                "category": "Hotel",
                "url": "http://martisoorhotel.com/",
                "img": "https://lh5.googleusercontent.com/p/AF1QipMsZeFlteLmKv-lNffBZVsUuePX4qZ95FW0cr20=w148-h148-n-k-no"
            }
        ],
        "Berbera": [],
        "Hargeysa": [
            {
                "title": "Somaliland Travel Agency",
                "category": "Travel Agent",
                "url": "https://somalilandtravel.com/",
                "img": "https://lh5.googleusercontent.com/p/AF1QipNdHidhn7T_jEubdwSSTWAt5O-9kifZmoc4wycF=w148-h148-n-k-no"
            },
            {
                "title": "Dahabshiil Business Centre",
                "category": "Shopping Centre",
                "img": "https://lh5.googleusercontent.com/p/AF1QipM4_cCC4KpD_c8-9vkjcVP5N0d7x3tXfeZE8vXd=w148-h148-n-k-no"
            },
            {
                "title": "Saryan Museum",
                "category": "Museum",
                "img": "https://lh5.googleusercontent.com/p/AF1QipOsRtkHkHGKvNX_VgscWK6-fN-RawpAXEUU4_Eu=w148-h148-n-k-no"
            },
            {
                "title": "Hargeisa Stadium",
                "category": "Stadium",
                "img": "https://lh5.googleusercontent.com/p/AF1QipPF-8_i1zVjSXF_zpViZM97pAT-TI5G7aNtZcgn=w148-h148-n-k-no"
            },
            {
                "title": "Laas Geel tour Safaris Tourism Company",
                "category": "Tourist attraction",
                "url": "http://somalilandtourism.net/",
                "img": "https://lh5.googleusercontent.com/p/AF1QipP01fFnHco2jrqxQ9iDhj_pQBFi55qwKmvcwMWE=w148-h148-n-k-no"
            }
        ]
    },
    "sights": [
        {
            "title": "Laas Geel tour Safaris Tourism Company",
            "category": "Tourist attraction",
            "url": "http://somalilandtourism.net/",
            "img": "https://lh5.googleusercontent.com/p/AF1QipP01fFnHco2jrqxQ9iDhj_pQBFi55qwKmvcwMWE=w148-h148-n-k-no"
        },
        {
            "title": "The Tomb of the Unknown Soldier",
            "category": "Historical landmark",
            "img": "https://lh5.googleusercontent.com/p/AF1QipPKBJdX2LbwO8SSWpHS-JWj6FY6Nn_mAVIGYi3g=w148-h148-n-k-no"
        },
        {
            "title": "Liido beach",
            "category": "Tourist attraction",
            "img": "https://lh5.googleusercontent.com/p/AF1QipNqHKOW8y7c1n_1VTjEIDKPcXPCYPhE6V0-M3_s=w148-h148-n-k-no"
        },
        {
            "title": "Masjid al-Qiblatayn",
            "category": "Mosque",
            "img": "https://lh5.googleusercontent.com/p/AF1QipMw7aubMROnJpLqQRjmskmaiO0VtK8Xn7o_Fq4q=w148-h148-n-k-no"
        },
        {
            "title": "Masjidka Isbahaysiga,(Mogadishu Central Mosque)",
            "category": "Mosque",
            "img": "https://lh5.googleusercontent.com/p/AF1QipOVp3S4lLG06rJr96DpdKzbg5TgVHjAMAQ0ugKO=w148-h148-n-k-no"
        },
        {
            "title": "Saryan Museum",
            "category": "Museum",
            "img": "https://lh5.googleusercontent.com/p/AF1QipOsRtkHkHGKvNX_VgscWK6-fN-RawpAXEUU4_Eu=w148-h148-n-k-no"
        },
        {
            "title": "Mogadishu",
            "category": "Locality",
            "img": "https://lh5.googleusercontent.com/p/AF1QipO9TSnEWkvEDR9ZcNMFZUAa7hMiWJOge3pt7O6z=w148-h148-n-k-no"
        },
        {
            "title": "Berbera",
            "category": "Locality",
            "img": "https://lh5.googleusercontent.com/p/AF1QipOT595xHIdlBiHul1QFX_wKW0BIJiKBP1sNqhsB=w148-h148-n-k-no"
        },
        {
            "title": "Jaziira Beach Muqdisho",
            "category": "Beach",
            "img": "https://lh5.googleusercontent.com/p/AF1QipPS2RstqAo9wZUIxahTSxFSw6QPy4WZAEIjYM7L=w148-h148-n-k-no"
        },
        {
            "title": "Almnara Tower",
            "category": "Historical landmark",
            "img": "https://lh5.googleusercontent.com/p/AF1QipO45FPkLagtqlKFbsle-TZUZlwnRAmvoZGbteEi=w148-h148-n-k-no"
        },
        {
            "title": "Cape Guardafui",
            "category": "Peninsula",
            "img": "https://lh5.googleusercontent.com/p/AF1QipPvS6y4-N-ThrEDXJsTikBt5dRnhH-YT2zqIBoT=w148-h148-n-k-no"
        },
        {
            "title": "Garowe",
            "category": "Locality",
            "img": "https://lh5.googleusercontent.com/p/AF1QipPqYs1pxhEJxuo_m6K_o-UPxZByu29vvAq-XMYn=w148-h148-n-k-no"
        },
        {
            "title": "Bakaara Market",
            "category": "Market",
            "img": "https://lh5.googleusercontent.com/p/AF1QipPa5L6E_gMEjU_9Dg-WLtIzNAfyN4o7Vinf7nKk=w148-h148-n-k-no"
        },
        {
            "title": "Saylac",
            "category": "Locality",
            "img": "https://lh5.googleusercontent.com/p/AF1QipOH8_LN8hwaUsEzg2DZJk1NafN1T4A_IF7nET4I=w148-h148-n-k-no"
        },
        {
            "title": "Galkayo",
            "category": "Locality",
            "img": "https://lh5.googleusercontent.com/p/AF1QipPGqFUj4EndlDBnASALux8ot0bZWVX7koM98gpK=w148-h148-n-k-no"
        },
        {
            "title": "Cattedrale di Mogadiscio",
            "category": "Cultural landmark",
            "img": "https://lh5.googleusercontent.com/p/AF1QipNxGyburaKNSqqg02-j5u8Ae3h_G2WFjmKYZro_=w148-h148-n-k-no"
        }
    ]
}