{
    "cities": {
        "Dili": [
            {
                "title": "Timorese Resistance Archive & Museum",
                "category": "History museum",
                "url": "http://amrt-ip.tl/",
                "img": "https://lh5.googleusercontent.com/p/AF1QipOC41L0pWR3uuNMFaRFTuspuxZDQ8x6vtDaniwn=w148-h148-n-k-no"
            },
            {
                "title": "Manny Timor Tours",
                "category": "Tour operator",
                "url": "http://www.mannytimortours.com/",
                "img": "https://lh5.googleusercontent.com/p/AF1QipNG14QnMDFR5y6dTCdcmFSYfeURp2C5iSswftL6=w148-h148-n-k-no"
            },
            {
                "title": "Timor Unearthed Tours",
                "category": "Tour operator",
                "url": "http://www.timorunearthed.com/",
                "img": "https://lh5.googleusercontent.com/p/AF1QipNcjpw0rRq0hYBERk-okCkxoB9VCaJSNoXr-CDQ=w148-h148-n-k-no"
            },
            {
                "title": "Immaculate Conception Cathedral",
                "category": "Catholic cathedral",
                "img": "https://lh5.googleusercontent.com/p/AF1QipNk3RUpByQVUM8ngtbRD5mrZO9L3SiK0qQ4630=w148-h148-n-k-no"
            },
            {
                "title": "Ponkys Cocktail Lounge",
                "category": "Cocktail bar",
                "img": "https://lh5.googleusercontent.com/p/AF1QipNU7J4d6h9p_sGKg4quLcofkGarjqKDW-Rri5WX=w148-h148-n-k-no"
            },
            {
                "title": "Dive Timor Lorosae",
                "category": "SCUBA tour agency",
                "url": "http://www.divetimor.com/",
                "img": "https://lh5.googleusercontent.com/p/AF1QipOeOB7iqc1ZIrz-BQcg0P7BItPvSSngU8vzNAum=w148-h148-n-k-no"
            },
            {
                "title": "Things and Stories",
                "category": "Homewares Shop",
                "url": "https://www.facebook.com/ThingsandStories/",
                "img": "https://lh5.googleusercontent.com/p/AF1QipMh58wMg97UunmpBtZVm7vzkGoPXHSzNdM6y461=w148-h148-n-k-no"
            },
            {
                "title": "Tais Market",
                "category": "Traditional market",
                "img": "https://lh5.googleusercontent.com/p/AF1QipPZLIpjxnW82TXZk4d-Jb0Qp0QGgcvB-pFI3uFs=w148-h148-n-k-no"
            },
            {
                "title": "Xanana Gusmão Reading Room",
                "category": "Library",
                "url": "http://www.xgrrlibrary.org/",
                "img": "https://lh5.googleusercontent.com/p/AF1QipPPWSJbMVOLA_mzLjdM3UG2s1e3DHA6r31IKws=w148-h148-n-k-no"
            },
            {
                "title": "Empreza Diak",
                "category": "Non-profit organisation",
                "img": "https://lh5.googleusercontent.com/p/AF1QipOOSnHob9oItaruj1RQNDmgdDJltlt-neavqZgl=w148-h148-n-k-no"
            },
            {
                "title": "Dolok Oan (Cristo Rei Back Beach)",
                "category": "Tourist attraction",
                "img": "https://lh5.googleusercontent.com/p/AF1QipMz1kcAsI-8ALvG7oZwS3cFOfWSRkJClroPZ9Ha=w148-h148-n-k-no"
            },
            {
                "title": "Largo de Lecidere",
                "category": "Park and Garden",
                "img": "https://lh5.googleusercontent.com/p/AF1QipONUUdWiE25WvAWULhb95KEkk4lBIM9bl_evcfK=w148-h148-n-k-no"
            },
            {
                "title": "Church of Saint Anthony of Motael",
                "category": "Catholic church",
                "img": "https://lh5.googleusercontent.com/p/AF1QipPf7FJ1GX_iA9erslSJsztuU5rtBx6cFq9EGCfG=w148-h148-n-k-no"
            },
            {
                "title": "Aquatica Dive | Timor Leste / East Timor",
                "category": "SCUBA tour agency",
                "url": "http://www.aquaticadiveresort.com/",
                "img": "https://lh5.googleusercontent.com/p/AF1QipMgwQLzmlGhHeczmOx_IRZ6GVaksrfcO4hjozGM=w148-h148-n-k-no"
            },
            {
                "title": "Cristo Rei of Dili",
                "category": "Sculpture",
                "img": "https://lh5.googleusercontent.com/p/AF1QipMdSwNg8wzOK2YwarFv_DH7Fq0Hf0Sy9BUcd52o=w148-h148-n-k-no"
            },
            {
                "title": "An-Nur Mosque",
                "category": "Mosque",
                "img": "https://lh5.googleusercontent.com/p/AF1QipP42Gva84YjARPegrUiZugI6XTQbq02zhTQWRcB=w148-h148-n-k-no"
            }
        ]
    },
    "sights": [
        {
            "title": "Cristo Rei of Dili",
            "category": "Sculpture",
            "img": "https://lh5.googleusercontent.com/p/AF1QipMdSwNg8wzOK2YwarFv_DH7Fq0Hf0Sy9BUcd52o=w148-h148-n-k-no"
        },
        {
            "title": "Timorese Resistance Archive & Museum",
            "category": "History museum",
            "url": "http://amrt-ip.tl/",
            "img": "https://lh5.googleusercontent.com/p/AF1QipOC41L0pWR3uuNMFaRFTuspuxZDQ8x6vtDaniwn=w148-h148-n-k-no"
        },
        {
            "title": "Atauro Island",
            "category": "Island",
            "img": "https://lh5.googleusercontent.com/p/AF1QipMHMwHWZjAOvpuw3AuiozvB2tqw0Kt4Uz091lDj=w148-h148-n-k-no"
        },
        {
            "title": "Xanana Gusmão Reading Room",
            "category": "Library",
            "url": "http://www.xgrrlibrary.org/",
            "img": "https://lh5.googleusercontent.com/p/AF1QipPPWSJbMVOLA_mzLjdM3UG2s1e3DHA6r31IKws=w148-h148-n-k-no"
        },
        {
            "title": "Balibo",
            "category": "Locality",
            "img": "https://lh5.googleusercontent.com/p/AF1QipN_XBPxmy6ufpc-V-TR5TzRT2lJ6prSDk-fjEgk=w148-h148-n-k-no"
        },
        {
            "title": "Baucau",
            "category": "Locality",
            "img": "https://lh5.googleusercontent.com/p/AF1QipPQ8ywCerpFSrmg5jYYhpuopM3LEsP08lBTMKiD=w148-h148-n-k-no"
        },
        {
            "title": "Tatamailau",
            "category": "Mountain peak",
            "img": "https://lh5.googleusercontent.com/p/AF1QipNDIY1fDtNcl1ZwHKol-RqbSpMJcPfxHPV4jF-7=w148-h148-n-k-no"
        },
        {
            "title": "Largo de Lecidere",
            "category": "Park and Garden",
            "img": "https://lh5.googleusercontent.com/p/AF1QipONUUdWiE25WvAWULhb95KEkk4lBIM9bl_evcfK=w148-h148-n-k-no"
        },
        {
            "title": "Ai Pelo Prison",
            "category": "Compound grounds",
            "img": "https://lh5.googleusercontent.com/p/AF1QipM9H12-nYTvCfsV5fZluhKNMOVs_t7AdWPMdeo=w148-h148-n-k-no"
        },
        {
            "title": "Church of Saint Anthony of Motael",
            "category": "Catholic church",
            "img": "https://lh5.googleusercontent.com/p/AF1QipPf7FJ1GX_iA9erslSJsztuU5rtBx6cFq9EGCfG=w148-h148-n-k-no"
        },
        {
            "title": "Maubisse",
            "category": "Locality",
            "img": "https://lh5.googleusercontent.com/p/AF1QipNH4xXg2Q3RTUX0Pfba6UWbSZv1dTe1Qk5Ds8GK=w148-h148-n-k-no"
        },
        {
            "title": "Jaco Island",
            "category": "Island",
            "img": "https://lh5.googleusercontent.com/p/AF1QipNBPjw2mBq_Q-aPNHwzYS2vTA6B2z5ycuxvPkGa=w148-h148-n-k-no"
        },
        {
            "title": "Balibo Fort Hotel",
            "category": "Hotel",
            "url": "https://baliboforthotel.com/",
            "img": "https://lh5.googleusercontent.com/p/AF1QipPyFx51Ee8wB9Ce68YeIA2l13mEE9r9nwnHlHUw=w148-h148-n-k-no"
        },
        {
            "title": "Nino Konis Santana National Park",
            "category": "National park",
            "img": "https://lh5.googleusercontent.com/p/AF1QipONrW8HhZ_EknrP3B9hQ46APqvfuLto3A-2J-Eh=w148-h148-n-k-no"
        },
        {
            "title": "St. Anthony Cathedral",
            "category": "Cathedral",
            "img": "https://lh5.googleusercontent.com/p/AF1QipN7f05dh3hXjuGhRB-qqcCtt14-1H43mV_6rRZ1=w148-h148-n-k-no"
        },
        {
            "title": "Immaculate Conception Cathedral",
            "category": "Catholic cathedral",
            "img": "https://lh5.googleusercontent.com/p/AF1QipNk3RUpByQVUM8ngtbRD5mrZO9L3SiK0qQ4630=w148-h148-n-k-no"
        }
    ]
}