{
    "cities": {
        "Chaguanas": [
            {
                "title": "Queen's Park Savannah",
                "category": "Park and Garden",
                "img": "https://lh5.googleusercontent.com/p/AF1QipMo0NN7vyT-OdGiML3wN3uROH2rK388fSfqp82r=w148-h148-n-k-no"
            },
            {
                "title": "FunStation",
                "category": "Amusement Centre",
                "url": "http://www.fun.tt/",
                "img": "https://lh5.googleusercontent.com/p/AF1QipNnCC5HFaMM0sZUrKQOaW-dGOGtW4pwkoUirZZ3=w148-h148-n-k-no"
            },
            {
                "title": "Gaston Court",
                "category": "Events Venue",
                "img": "https://lh5.googleusercontent.com/p/AF1QipO9-8x5GRZWq2Sa5xEOFZ_VlP9DnT29laAL2Ps=w148-h148-n-k-no"
            },
            {
                "title": "Pierre Road Recreation Ground",
                "category": "Athletics field",
                "img": "https://lh5.googleusercontent.com/p/AF1QipOA4YbY9jBY8GcXAcSvvfckdG9a3-q_xQEcQu9j=w148-h148-n-k-no"
            },
            {
                "title": "African Grounds",
                "category": "Football pitch",
                "img": "https://lh5.googleusercontent.com/p/AF1QipNnvkXrQ8TQyjepI4-7natzbm9aftj2_FA21y33=w148-h148-n-k-no"
            },
            {
                "title": "Avidesh Samaroo Park",
                "category": "Park and Garden",
                "img": "https://lh5.googleusercontent.com/p/AF1QipNbdKvNwJIV0vAshPQTGjHfyVmYzc3RWQy-SWKu=w148-h148-n-k-no"
            },
            {
                "title": "The Well Fun Park",
                "category": "Water park",
                "url": "https://www.facebook.com/wellfunpark/",
                "img": "https://lh5.googleusercontent.com/p/AF1QipNJYxmVvgFxhfKessWguwEB5U7MsVRe_eXKVqcf=w148-h148-n-k-no"
            },
            {
                "title": "Western Main Road",
                "category": "Route",
                "img": "https://lh5.googleusercontent.com/p/AF1QipPYn4HzbcgfPtErap1v6Kbw97Si8FSbAldF_t3I=w148-h148-n-k-no"
            },
            {
                "title": "Chaguanas Market",
                "category": "Building",
                "img": "https://lh5.googleusercontent.com/p/AF1QipPDr8aBta0dw90JXeFlSzXXwm157Tyym7rF1XM=w148-h148-n-k-no"
            },
            {
                "title": "Aryanveda Spa & Hair Salon",
                "category": "Day spa",
                "url": "https://aryanvedaindia.com/",
                "img": "https://lh5.googleusercontent.com/p/AF1QipM6J9UQaf5oXQURZvJ8M6Pbm1u0KOL06K7cOR8=w148-h148-n-k-no"
            },
            {
                "title": "Bella Body Spa and Beauty Lounge TRINIDAD",
                "category": "Spa",
                "url": "https://www.fresha.com/a/bella-body-spa-and-beauty-lounge-trinidad-chaguanas-47-rodney-road-gchu4a6i?pId=545502",
                "img": "https://lh5.googleusercontent.com/p/AF1QipNK6jcjPwsADetUa8T92qzMkyMHQ0PIGDsTztLR=w148-h148-n-k-no"
            },
            {
                "title": "Bliss Day Spa And Hair Salon",
                "category": "Spa",
                "img": "https://lh5.googleusercontent.com/p/AF1QipOb9G8nwyONp1ExMrqkpZNPH-jBTkyNI2j9W7Iz=w148-h148-n-k-no"
            }
        ],
        "Mon Repos": [
            {
                "title": "Argyle Falls",
                "category": "Nature reserve",
                "img": "https://lh5.googleusercontent.com/p/AF1QipM_zM0p8dZ8NkEQye0wpY78aBm9TRNFyU22mQjO=w148-h148-n-k-no"
            },
            {
                "title": "Fort James",
                "category": "Museum",
                "img": "https://lh5.googleusercontent.com/p/AF1QipMKMF2b1ztDAc6xWWmWH0jfHBXnORBsxxONDtt6=w148-h148-n-k-no"
            },
            {
                "title": "Corbin Local Wildlife",
                "category": "Nature reserve",
                "url": "http://www.tobagowildlife.org/",
                "img": "https://lh5.googleusercontent.com/p/AF1QipNns4MNls6Nw33hB_ZU19pAwKFRvIK74gyu6RLO=w148-h148-n-k-no"
            },
            {
                "title": "Adventure Farm and Nature Reserve Adventure",
                "category": "Nature reserve",
                "url": "http://www.adventure-ecovillas.com/",
                "img": "https://lh5.googleusercontent.com/p/AF1QipPTzFhGdBOTrPh32iDEmHRhoffUl773XTqCxCyj=w148-h148-n-k-no"
            },
            {
                "title": "Nariva Swamp",
                "category": "Wildlife Refuge",
                "url": "http://www.caribbeandiscoverytours.com/",
                "img": "https://lh5.googleusercontent.com/p/AF1QipPwvrJPkPMb7iJdw8A8aJB9wJhMD63Q3_xWOes2=w148-h148-n-k-no"
            },
            {
                "title": "Pigeon Point Beach",
                "category": "Beach",
                "img": "https://lh5.googleusercontent.com/p/AF1QipPFA06yPP8Xd1TD73k6cUEGu0_11G-F_aX6Pmqx=w148-h148-n-k-no"
            },
            {
                "title": "Gasparee Caves",
                "category": "Tourist attraction",
                "img": "https://lh5.googleusercontent.com/p/AF1QipN-6kJhiZAYf9RSG69UQNT8kanXvGIw91XJW3Ja=w148-h148-n-k-no"
            },
            {
                "title": "Blanchisseuse Beach Facility",
                "category": "Beach",
                "img": "https://lh5.googleusercontent.com/p/AF1QipPSlwvofpAMrg-Pb10_FW6pbfDflvLGd-g2wEp8=w148-h148-n-k-no"
            },
            {
                "title": "Chacachacare",
                "category": "Island",
                "img": "https://lh5.googleusercontent.com/p/AF1QipOOwUbDWywFfeqnPNJepoa8yQNNbtacOp94N9ym=w148-h148-n-k-no"
            },
            {
                "title": "The J Spa & Skin Clinic",
                "category": "Day spa",
                "url": "http://www.thejspa.net/",
                "img": "https://lh5.googleusercontent.com/p/AF1QipMQ2usVrFYg81KoM6PLICjQ2GUvo_N1e432yamW=w148-h148-n-k-no"
            },
            {
                "title": "Pointe-a-Pierre Wildfowl Trust",
                "category": "Environmental Protection Organization",
                "url": "http://www.papwildfowltrust.org/",
                "img": "https://lh5.googleusercontent.com/p/AF1QipOg6ItPE5a5WJ2ggCE1PUMqdGIERmrlt7qoJ4aD=w148-h148-n-k-no"
            },
            {
                "title": "Utopia Natural Face & Body Spa",
                "category": "Day spa",
                "url": "http://utopianfbs.com/",
                "img": "https://lh5.googleusercontent.com/p/AF1QipNse58uKkJ4zFg3uQ0MD9w8kJ_A5IOMEwR29CPv=w148-h148-n-k-no"
            },
            {
                "title": "Southern Academy for the Performing Arts (SAPA)",
                "category": "Performing arts theatre",
                "url": "https://www.facebook.com/pages/Southern-Academy-for-the-Performing-Arts/384890381616151",
                "img": "https://lh5.googleusercontent.com/p/AF1QipPtccATboSrtqlmz1rVYnz4juougzbzPDLyHZPz=w148-h148-n-k-no"
            },
            {
                "title": "Castara Bay",
                "category": "Tourist attraction",
                "img": "https://lh5.googleusercontent.com/p/AF1QipMUD8XlyKspAFzOuVrEe7Lga1ibQaIX9TbaJ9yd=w148-h148-n-k-no"
            },
            {
                "title": "C3 Centre",
                "category": "Shopping Centre",
                "url": "http://www.c3centrett.com/",
                "img": "https://lh5.googleusercontent.com/p/AF1QipOMk_aFpd5iLUG23pQF205s0QRTV8LhYUNmnODE=w148-h148-n-k-no"
            },
            {
                "title": "Store Bay",
                "category": "Bay",
                "img": "https://lh5.googleusercontent.com/p/AF1QipMzjPQ1eYjL2-CTC66R1lD2KqPyPdbTI_mWaITz=w148-h148-n-k-no"
            }
        ],
        "San Fernando": [
            {
                "title": "C3 Centre",
                "category": "Shopping Centre",
                "url": "http://www.c3centrett.com/",
                "img": "https://lh5.googleusercontent.com/p/AF1QipOMk_aFpd5iLUG23pQF205s0QRTV8LhYUNmnODE=w148-h148-n-k-no"
            },
            {
                "title": "San Fernando Hill",
                "category": "Park and Garden",
                "url": "http://www.facebook.com/sanfernandohill/",
                "img": "https://lh5.googleusercontent.com/p/AF1QipNmuxJ107Sdbu8wxj52-JYgyJl5bRsTf-dtwOjT=w148-h148-n-k-no"
            },
            {
                "title": "Southern Academy for the Performing Arts (SAPA)",
                "category": "Performing arts theatre",
                "url": "https://www.facebook.com/pages/Southern-Academy-for-the-Performing-Arts/384890381616151",
                "img": "https://lh5.googleusercontent.com/p/AF1QipPtccATboSrtqlmz1rVYnz4juougzbzPDLyHZPz=w148-h148-n-k-no"
            },
            {
                "title": "The J Spa & Skin Clinic",
                "category": "Day spa",
                "url": "http://www.thejspa.net/",
                "img": "https://lh5.googleusercontent.com/p/AF1QipMQ2usVrFYg81KoM6PLICjQ2GUvo_N1e432yamW=w148-h148-n-k-no"
            },
            {
                "title": "La Brea Pitch Lake",
                "category": "Tourist attraction",
                "url": "http://en.wikipedia.org/wiki/Pitch_Lake",
                "img": "https://lh6.googleusercontent.com/proxy/ms7j952t799RmimVw05Z4P9On7_WV0z2yhL7sHmO5QWz7Gf-M7ywhiAg1uYICox5upv6vYMF5J4Fb8vaXCimYdpTdkg_aRLyE-CrDjzEplR53aORB33NKCh1CgdT-eO1CX7gKRpc8y21aLxX1XoznCq-msFfIQ=w148-h148-n-k-no"
            },
            {
                "title": "Fun Splash Water Park",
                "category": "Water park",
                "img": "https://lh5.googleusercontent.com/p/AF1QipOQZkZEwY-LqPqJoFSOyvhyAKAYD6gYmNMI0x8x=w148-h148-n-k-no"
            },
            {
                "title": "Icacos Point",
                "category": "Peninsula",
                "img": "https://lh5.googleusercontent.com/p/AF1QipOehmIoX0HPMvrSUrnZRn66VRC2AtoVKY_8N8P-=w148-h148-n-k-no"
            },
            {
                "title": "Utopia Natural Face & Body Spa",
                "category": "Day spa",
                "url": "http://utopianfbs.com/",
                "img": "https://lh5.googleusercontent.com/p/AF1QipNse58uKkJ4zFg3uQ0MD9w8kJ_A5IOMEwR29CPv=w148-h148-n-k-no"
            }
        ]
    },
    "sights": [
        {
            "title": "Xanda Tours & Rentals",
            "category": "Tour operator",
            "url": "https://www.xandatours.com/tobago",
            "img": "https://lh5.googleusercontent.com/p/AF1QipNwhOvzwfvyTzkQcFqQTTf4GjBt-ouWXuWhPp8R=w148-h148-n-k-no"
        },
        {
            "title": "Queen's Park Savannah",
            "category": "Park and Garden",
            "img": "https://lh5.googleusercontent.com/p/AF1QipMo0NN7vyT-OdGiML3wN3uROH2rK388fSfqp82r=w148-h148-n-k-no"
        },
        {
            "title": "Caroni Bird Sanctuary",
            "category": "National park",
            "url": "http://www.caronibirdsanctuary.com/",
            "img": "https://lh5.googleusercontent.com/p/AF1QipPvk2-qAhOZxlkxCHsKHzJzIKxjuPWhT6kNfw-t=w148-h148-n-k-no"
        },
        {
            "title": "Fort King George",
            "category": "Historical landmark",
            "url": "http://nationaltrust.tt/location/fort-king-george-tobago/",
            "img": "https://lh5.googleusercontent.com/p/AF1QipP9OHHtu4jx4t7wCAr4Qs3SaZ29qOpQAXvXCsAs=w148-h148-n-k-no"
        },
        {
            "title": "Argyle Falls",
            "category": "Nature reserve",
            "img": "https://lh5.googleusercontent.com/p/AF1QipM_zM0p8dZ8NkEQye0wpY78aBm9TRNFyU22mQjO=w148-h148-n-k-no"
        },
        {
            "title": "Fort George",
            "category": "Historical place museum",
            "url": "https://nationaltrust.tt/location/fort-george/",
            "img": "https://lh5.googleusercontent.com/p/AF1QipOAC26MAi9MnkQLV4nThL_jlBW2nX13lQVlN0TN=w148-h148-n-k-no"
        },
        {
            "title": "Pointe-a-Pierre Wildfowl Trust",
            "category": "Environmental Protection Organization",
            "url": "http://www.papwildfowltrust.org/",
            "img": "https://lh5.googleusercontent.com/p/AF1QipOg6ItPE5a5WJ2ggCE1PUMqdGIERmrlt7qoJ4aD=w148-h148-n-k-no"
        },
        {
            "title": "Pirate's Bay",
            "category": "Beach",
            "url": "https://www.visittobago.gov.tt/index.php/activities/beaches/pirate-s-bay",
            "img": "https://lh5.googleusercontent.com/p/AF1QipPvH7s2qa5Qq7xOfsMnS-ZJZyXAjI_5L6mo0_ai=w148-h148-n-k-no"
        },
        {
            "title": "Port of Spain",
            "category": "Locality",
            "img": "https://lh5.googleusercontent.com/p/AF1QipOEV73w_Zt2XybDeHe8-8xvpdLSow3vIFyn1DE=w148-h148-n-k-no"
        },
        {
            "title": "Nylon Pool",
            "category": "Tourist attraction",
            "img": "https://lh5.googleusercontent.com/p/AF1QipOT2fQijJcGQXOTqaMd4TwaAveGed5yE8j23yi9=w148-h148-n-k-no"
        },
        {
            "title": "Englishmans Bay",
            "category": "Bay",
            "img": "https://lh5.googleusercontent.com/p/AF1QipMy7_kjfxPRZKWyl1nO0qwwN2TFaM-1JvWHpdGV=w148-h148-n-k-no"
        },
        {
            "title": "La Brea Pitch Lake",
            "category": "Tourist attraction",
            "url": "http://en.wikipedia.org/wiki/Pitch_Lake",
            "img": "https://lh6.googleusercontent.com/proxy/ms7j952t799RmimVw05Z4P9On7_WV0z2yhL7sHmO5QWz7Gf-M7ywhiAg1uYICox5upv6vYMF5J4Fb8vaXCimYdpTdkg_aRLyE-CrDjzEplR53aORB33NKCh1CgdT-eO1CX7gKRpc8y21aLxX1XoznCq-msFfIQ=w148-h148-n-k-no"
        },
        {
            "title": "Little Tobago",
            "category": "Island",
            "img": "https://lh5.googleusercontent.com/p/AF1QipP9WYUmUNT8CMSdAPBTJGyrGIsDaGcQ5LZzcgi0=w148-h148-n-k-no"
        },
        {
            "title": "Corbin Local Wildlife",
            "category": "Nature reserve",
            "url": "http://www.tobagowildlife.org/",
            "img": "https://lh5.googleusercontent.com/p/AF1QipNns4MNls6Nw33hB_ZU19pAwKFRvIK74gyu6RLO=w148-h148-n-k-no"
        },
        {
            "title": "National Museum & Art Gallery",
            "category": "Museum",
            "img": "https://lh5.googleusercontent.com/p/AF1QipMgGWwcmZtfO2NyqP0qQu54kyLuVYoEWvf_rs0o=w148-h148-n-k-no"
        },
        {
            "title": "Stollmeyer’s Castle Killarney",
            "category": "Heritage Building",
            "url": "http://nationaltrust.tt/location/stollmeyers-castle",
            "img": "https://lh5.googleusercontent.com/p/AF1QipNHbdCFB5080zQUEmxwScz7tVFX2aI7qTwu8fnv=w148-h148-n-k-no"
        }
    ]
}