{
    "cities": {
        "Lira": [
            {
                "title": "Aamam Safaris",
                "category": "Tour operator",
                "img": "https://lh5.googleusercontent.com/p/AF1QipOYQHuaCskcl5M-gcP7xQHGPZ72E6_M_RSA5Opo=w148-h148-n-k-no"
            },
            {
                "title": "Lira City Council",
                "category": "Government office",
                "img": "https://lh5.googleusercontent.com/p/AF1QipPq5wOWBYGkNc0qHvqBjEWXS-MmzUliKMLLc-AD=w148-h148-n-k-no"
            },
            {
                "title": "Lira Town College Ground",
                "category": "Community garden",
                "img": "https://lh5.googleusercontent.com/p/AF1QipPcbmwH-OcNgZINeORzuwe2wPOk1OOwJhl0T7m2=w148-h148-n-k-no"
            },
            {
                "title": "Amazon Pub",
                "category": "Pub",
                "img": "https://lh5.googleusercontent.com/p/AF1QipMk0TXW9dt5_xhMgyPuywOswkgkqwbcEkPUW-JN=w148-h148-n-k-no"
            },
            {
                "title": "Sankofa Cafe ,Lira City",
                "category": "Restaurant",
                "img": "https://lh5.googleusercontent.com/p/AF1QipMZwQABCN6jf8GqA6d7p7d4I1po5Hm801y94OSU=w148-h148-n-k-no"
            },
            {
                "title": "Pacific Grand Hotel",
                "category": "Hotel",
                "img": "https://lh4.googleusercontent.com/proxy/6JyQz7lX-XlWRGtduLUOl-al6tZjV8ycOuE618_OkgmesSQ_JMsF6EI0JQRBib4yPR70-MHm2fj-4BKiPH3YHhOyK6uhJjSXFA7X4mmCOGBz7u4O21-_raWSFH6P8KSNCUUZLu0QrV41C3PbeUxzj0K-ab0=w148-h148-n-k-no"
            },
            {
                "title": "291 Suites Hotel LTD Lira",
                "category": "Hotel",
                "img": "https://lh6.googleusercontent.com/proxy/Qam_HnshPwUAo0NKXIJUdNz0u9a7gHXkix2r3shtcJoC3jwYc9ECHgkE2WdL2IU8D2ncsOx4Y35IIHB8gJ-thg0woZJTb43Qs0vo5KIIVkuFN-hBhl0ldjtHkJI_oJoym71uAk13O_ux_wMGHMVvUdok7qt3q-k=w148-h148-n-k-no"
            },
            {
                "title": "Baralegi Guest House",
                "category": "Guest house",
                "img": "https://lh5.googleusercontent.com/p/AF1QipPEjnEv6BoDkTOB4O4h5-oyoe8UPLq38EmdHWZx=w148-h148-n-k-no"
            },
            {
                "title": "Chogm Garden",
                "category": "Bar & grill",
                "img": "https://lh5.googleusercontent.com/p/AF1QipOjhba5F1B7q5aaeq9hD9F7sBRJmymKus7Rd2QX=w148-h148-n-k-no"
            },
            {
                "title": "Hotel Good News",
                "category": "Hotel",
                "img": "https://lh3.googleusercontent.com/proxy/w0h3XR4jv0SSgkPhr4VKcsF53Erb4u20lhhnyxD7QnjqyBgsx0Zyd6GgoAMs8sBrIzfM1y1TdEknxJoGVOnz5M3M4Rm4S_HOfkG_lc2L6WoSml7WygQK26kN3Fxy7jGtV76GNheSi8jGlNJxgOUg80aIrGfdPjQ=w148-h148-n-k-no"
            },
            {
                "title": "Zegans Hotel Lira",
                "category": "Hotel",
                "img": "https://lh5.googleusercontent.com/p/AF1QipNyBYRdObTxIMkww-nlLRTzhmkYuPmIdW-o2uVA=w148-h148-n-k-no"
            },
            {
                "title": "Pauline Hotel",
                "category": "Hotel",
                "img": "https://lh5.googleusercontent.com/p/AF1QipOp-VYUnBgP1h-PYEibmrzYRjYUp6fbufGxmp6E=w148-h148-n-k-no"
            },
            {
                "title": "Kanberra Hotel",
                "category": "Hotel",
                "img": "https://lh6.googleusercontent.com/proxy/RZSJ-IOkqwKDuBC5TVi33s6796w8QSv7xWTSZ8j7OU1wzhB4R5ikOkiExToJ-1t1FwCAwRLYeRxB_gxPGfMiFhNRdT3xXriuo4upJd-75r8Lu9BwOyeENlmEsMcnXPeN0nn31-AmJmgjr_cwOVVVi6k_WI8evA=w148-h148-n-k-no"
            },
            {
                "title": "Lillian Towers Hotel",
                "category": "Hotel",
                "img": "https://lh5.googleusercontent.com/proxy/5wcdgqNetnawYAjIy5NDISRvS8MwZ-RFdJpzszGgTazjPilBG48ZbzMI4JeA8VxESRXOk3WnXT66zClD0p2lj3SlyO0tgJ7mZKWgeGw-wmFCO31h0y_dup6t5-Z_pkNH7DK3Y8E9QmWH2RAAfLO1r9_Ah7ylI4E=w148-h148-n-k-no"
            },
            {
                "title": "Margarita Palace Hotel Lira",
                "category": "Hotel",
                "img": "https://lh3.googleusercontent.com/proxy/uB5OYwMdY4f9ryZtOILral51pcHkChm-89_w17AMlC8q75IF5veoY7nPNqzqjk79fiqL4_qNOYGf-DNtS9s43kaFTG60dZhwdNnswu_S53X4BGmBuwtuDe0ZdvruJVe7hEtlZVfA_yRVXan2MWFE9STDxsNur8s=w148-h148-n-k-no"
            },
            {
                "title": "Gracious Palace Hotel",
                "category": "Hotel",
                "img": "https://lh4.googleusercontent.com/proxy/Facx6IwNb0f4S9d4Sk5ybBYK63yNSFmwltRMAQu8QToBr1cpWguBlP7kbH3j18t3nywPGSS3mRozp6678oab6_KL2YrOKeHR133eNamblOcoegTC608bpbpNtDkRht-bIAWlbmKvgWreniDn__DfId4FAZ2duwU=w148-h148-n-k-no"
            }
        ],
        "Njeru": [
            {
                "title": "Century Cinemax",
                "category": "Cinema",
                "url": "http://centurycinemax.co.ug/",
                "img": "https://lh5.googleusercontent.com/p/AF1QipN8k1Ee4Y6gkJwTlCIvSj2bzjANynvXqsG0zDAA=w148-h148-n-k-no"
            },
            {
                "title": "Ndere Cultural Centre",
                "category": "Cultural centre",
                "url": "http://ndere.com/",
                "img": "https://lh5.googleusercontent.com/p/AF1QipMFUg-y_XzfmLqbBfrlCSIH4SKTU38nyQTVr4D3=w148-h148-n-k-no"
            },
            {
                "title": "Uganda Museum",
                "category": "Museum",
                "url": "http://ugandamuseums.or.ug/",
                "img": "https://lh5.googleusercontent.com/p/AF1QipMNd5H-ZZIl7FKG-oH9PPgeDmKJWqM039nxb4lR=w148-h148-n-k-no"
            },
            {
                "title": "Ngamba Chimpanzee sanctuary on lake victoria",
                "category": "Tourist attraction",
                "url": "http://www.ngambaisland.org/",
                "img": "https://lh4.googleusercontent.com/proxy/cJlY0o93vAv7em0nNDhDNl0reeO9f9GxN0PHDeBI0P_muGeNJiBaoyhIPF7dAgsrWftgfUnktU0Nsjur8TLGEEb9sB4AnDpe9cSqP3SMnkaQFpegmAYaurKrC55L74mgOkZ71N3yTvZpB2i7M2vYqwsqkL108g=w148-h148-n-k-no"
            },
            {
                "title": "Amreena mall",
                "category": "Shopping Centre",
                "img": "https://lh5.googleusercontent.com/p/AF1QipObwAj9kM9SPxDwnDSiliTob6d2ENXbapSnw0c=w148-h148-n-k-no"
            },
            {
                "title": "Uganda Wildlife Conservation Center",
                "category": "Tour operator",
                "img": "https://lh5.googleusercontent.com/p/AF1QipNoNduvmVdkVjvEtF-mjIcn73qRGsY4R8MkP2gF=w148-h148-n-k-no"
            },
            {
                "title": "East African Jungle Safaris",
                "category": "Travel Agent",
                "url": "https://eastafricanjunglesafaris.com/",
                "img": "https://lh5.googleusercontent.com/p/AF1QipMwu2f3T2Uay_9BBIpQzozB8kALC7kkEUnKYfS0=w148-h148-n-k-no"
            },
            {
                "title": "Reed Complex",
                "category": "Shopping Centre",
                "img": "https://lh5.googleusercontent.com/p/AF1QipPRpG_DLaZSJmQsDpnXrRcSAdcVAGtYChoSOVxs=w148-h148-n-k-no"
            },
            {
                "title": "Entebbe",
                "category": "Locality",
                "img": "https://lh5.googleusercontent.com/p/AF1QipMfk01ostHiVrOU-ldKIsj4XABZrpScYFQMei4S=w148-h148-n-k-no"
            },
            {
                "title": "Sezibwa River",
                "category": "River",
                "img": "https://lh5.googleusercontent.com/p/AF1QipN4mVVmTeYUwvg4QNqmwsaCHvya0qxfpKiKSLoh=w148-h148-n-k-no"
            },
            {
                "title": "Mount Elgon",
                "category": "Volcano",
                "img": "https://lh5.googleusercontent.com/p/AF1QipM1iWFcxdm4h2z0zFlRYp64iZB38r10gdW0gx5L=w148-h148-n-k-no"
            },
            {
                "title": "Centenary Park Kampala",
                "category": "Park and Garden",
                "img": "https://lh5.googleusercontent.com/p/AF1QipOukz-u8jPfyoCRs9UKHl_5uEgxYI3legHODN8E=w148-h148-n-k-no"
            },
            {
                "title": "Nyege Nyege Music Festival",
                "category": "Festival",
                "url": "https://www.nyegenyege.com/",
                "img": "https://lh5.googleusercontent.com/p/AF1QipNbSPXbZ-OgMXImYtTrrf4TkoY9jVpuNrB3vlj9=w148-h148-n-k-no"
            },
            {
                "title": "Uganda National Mosque",
                "category": "Mosque",
                "url": "http://www.gaddafinationalmosque.com/",
                "img": "https://lh5.googleusercontent.com/p/AF1QipNXKsjBIW6fJQ7XPpqxO2rCjzNhR7kWDRrsRDdj=w148-h148-n-k-no"
            },
            {
                "title": "Sipi Falls",
                "category": "Tourist attraction",
                "url": "http://www.discover-sipi.com/",
                "img": "https://lh5.googleusercontent.com/p/AF1QipOdreYgi9IR93BHusjb4epgfxZgGcEksRW3oiqj=w148-h148-n-k-no"
            },
            {
                "title": "Independence Monument",
                "category": "Monument",
                "img": "https://lh5.googleusercontent.com/p/AF1QipN8ccsXOV5pMgbt9qAmBjaMKNobXlGi9ZTbnAXZ=w148-h148-n-k-no"
            }
        ],
        "Kasese": [
            {
                "title": "Bujo Safaris",
                "category": "Tour operator",
                "url": "http://www.bujosafaris.com/",
                "img": "https://lh5.googleusercontent.com/p/AF1QipNO5aQZf_i7q7RMB3yKoLlHlC6WvO1OhUuTW1hJ=w148-h148-n-k-no"
            },
            {
                "title": "Albert safaris Ltd",
                "category": "Tours",
                "img": "https://lh5.googleusercontent.com/p/AF1QipOpo8IHC1mkgRQ6KntIdwdkwPL2aBq7sGa4XmYf=w148-h148-n-k-no"
            },
            {
                "title": "Kibale National Park",
                "category": "National park",
                "url": "https://ugandawildlife.org/national-parks/kibale-national-park/",
                "img": "https://lh5.googleusercontent.com/p/AF1QipOlvsjZvgAmnkVzqeZHhK-NYsLY1gSAAZOmQfFd=w148-h148-n-k-no"
            },
            {
                "title": "Rwenzori International Hotel",
                "category": "Hotel",
                "url": "https://rwenzoriinternationalhotel.com/contact/",
                "img": "https://lh5.googleusercontent.com/p/AF1QipOm_SVChnIYJk9s6_4cZQG-yekD3PAWRXVkPzvJ=w148-h148-n-k-no"
            },
            {
                "title": "Bwindi Impenetrable Forest",
                "category": "Woods",
                "img": "https://lh5.googleusercontent.com/p/AF1QipNzzinBRV_oOtejEd413wSzBIoYHF1yd_wIafVX=w148-h148-n-k-no"
            },
            {
                "title": "Rwenzori Mountains National Park",
                "category": "National park",
                "url": "https://www.rwenzorimountainsnationalpark.com/",
                "img": "https://lh5.googleusercontent.com/p/AF1QipOT1fEDT-L3qzWtZnc5DGBCT5quJ5sFIooCdBYf=w148-h148-n-k-no"
            },
            {
                "title": "Queen Elizabeth National Park",
                "category": "National park",
                "url": "https://ugandawildlife.org/national-parks/queen-elizabeth-national-park/",
                "img": "https://lh5.googleusercontent.com/p/AF1QipMqRbT_P64REjgZH4ms5Cnme5iS6upBGL-e_9eO=w148-h148-n-k-no"
            },
            {
                "title": "Rwenzori Mountains",
                "category": "Mountain range",
                "img": "https://lh5.googleusercontent.com/p/AF1QipNn-VApVcvc2XvSPckz37DocGwrYTAPFD-uoe7W=w148-h148-n-k-no"
            }
        ],
        "Kampala": [
            {
                "title": "Acacia Mall",
                "category": "Shopping Centre",
                "img": "https://lh5.googleusercontent.com/p/AF1QipPvwCXLh7l6h283SZrqxS8cUb8wSpG2hCAIVsHJ=w148-h148-n-k-no"
            },
            {
                "title": "Ndere Cultural Centre",
                "category": "Cultural centre",
                "img": "https://lh5.googleusercontent.com/p/AF1QipMFUg-y_XzfmLqbBfrlCSIH4SKTU38nyQTVr4D3=w148-h148-n-k-no"
            },
            {
                "title": "St Mary's Cathedral Rubaga",
                "category": "Catholic cathedral",
                "img": "https://lh5.googleusercontent.com/p/AF1QipMI2RyMsngyesG6s3Tm3L2BlCMvF-7quxoFP0XD=w148-h148-n-k-no"
            },
            {
                "title": "Namirembe Cathedral",
                "category": "Anglican church",
                "img": "https://lh5.googleusercontent.com/p/AF1QipPnZirAK-FY5GGjjxygSqLOnl_xA_zVAKj5-sw3=w148-h148-n-k-no"
            },
            {
                "title": "Uganda National Mosque",
                "category": "Mosque",
                "img": "https://lh5.googleusercontent.com/p/AF1QipNXKsjBIW6fJQ7XPpqxO2rCjzNhR7kWDRrsRDdj=w148-h148-n-k-no"
            },
            {
                "title": "Kabaka's Palace",
                "category": "Tourist attraction",
                "img": "https://lh5.googleusercontent.com/p/AF1QipMUbSHrSwPfskWofW6Ox8ePxi4Fs84XEO2axanK=w148-h148-n-k-no"
            },
            {
                "title": "Uganda Museum",
                "category": "Museum",
                "img": "https://lh5.googleusercontent.com/p/AF1QipMNd5H-ZZIl7FKG-oH9PPgeDmKJWqM039nxb4lR=w148-h148-n-k-no"
            },
            {
                "title": "Uganda Martyrs Catholic Shrine Basilica, Namugongo",
                "category": "Catholic church",
                "img": "https://lh5.googleusercontent.com/p/AF1QipNgAFpZCYwuAuqKP_PVeVTUhYkTVdh_NKc0uAtR=w148-h148-n-k-no"
            },
            {
                "title": "Namugongo",
                "category": "Neighborhood",
                "img": "https://lh5.googleusercontent.com/p/AF1QipOAMEs_KE7TzNqtaCi_fE7k0Lo_cQSqq_0tH1Mr=w148-h148-n-k-no"
            },
            {
                "title": "Baha'i House of Worship",
                "category": "Bahá'í house of worship",
                "img": "https://lh5.googleusercontent.com/p/AF1QipM6X0SOnWZw6DQElyXXMPa3x959XBHmTfUFrhBq=w148-h148-n-k-no"
            },
            {
                "title": "Buganda Heritage and Tourism Board",
                "category": "Tourist Information Centre",
                "img": "https://lh5.googleusercontent.com/p/AF1QipO57qBDtDYBmQd9Q_-H9lqVY5WWX1ohP1te1axB=w148-h148-n-k-no"
            },
            {
                "title": "YARID: Young African Refugees for Integral Development",
                "category": "Non-profit organisation",
                "img": "https://lh5.googleusercontent.com/p/AF1QipNNvoOQLQrmeleDuAadNXgO_GUOH1ktgFfyUWZ5=w148-h148-n-k-no"
            },
            {
                "title": "Afriart Gallery",
                "category": "Art gallery",
                "img": "https://lh5.googleusercontent.com/p/AF1QipP2sypgW1Z8xbUGWkmMV14sTfrTt87xMn832vNJ=w148-h148-n-k-no"
            },
            {
                "title": "UGANDA NATIONAL CULTURAL CENTRE",
                "category": "Cultural centre",
                "img": "https://lh5.googleusercontent.com/p/AF1QipMBqfJvtjQ5jVn9GNa7SQpfEa8De_0AqMaBExAF=w148-h148-n-k-no"
            },
            {
                "title": "Independence Monument",
                "category": "Monument",
                "img": "https://lh5.googleusercontent.com/p/AF1QipN8ccsXOV5pMgbt9qAmBjaMKNobXlGi9ZTbnAXZ=w148-h148-n-k-no"
            },
            {
                "title": "Owino Market/Kampala",
                "category": "Market",
                "img": "https://lh5.googleusercontent.com/p/AF1QipP673YLcIBUazKuRkaiwncHZJ6jWP1jxnUWi-GT=w148-h148-n-k-no"
            }
        ],
        "Mbale": [
            {
                "title": "East Trails",
                "category": "Travel Agent",
                "url": "https://www.visitelgon.com/",
                "img": "https://lh5.googleusercontent.com/p/AF1QipMnBaCstThfNVmAfrO7MQiaXzWUOb0PTH6fAeRF=w148-h148-n-k-no"
            },
            {
                "title": "Mt Elgon Culture And History Museum",
                "category": "Museum",
                "img": "https://lh5.googleusercontent.com/p/AF1QipN3q0K9LNAQ2lC9lM-bJR-wTu-La8hdo2bofJxl=w148-h148-n-k-no"
            },
            {
                "title": "Bright safaris Uganda limited",
                "category": "Tourist attraction",
                "url": "http://www.brightsafarisuganda.net/",
                "img": "https://lh5.googleusercontent.com/p/AF1QipNnt3iBcWSlJ4xkjRLNkhyPTvWBLOVd9IpgoC7S=w148-h148-n-k-no"
            },
            {
                "title": "Mount Elgon National Park",
                "category": "National park",
                "url": "http://www.kws.go.ke/",
                "img": "https://lh5.googleusercontent.com/p/AF1QipMMp3ewHnzExMOEH3Cn1J29IAmBcyTUk5SxYL0E=w148-h148-n-k-no"
            },
            {
                "title": "Club el Tanjia",
                "category": "Restaurant",
                "img": "https://lh5.googleusercontent.com/p/AF1QipMvI3VLybNJknP6IEDA4y0FubkxRNr-_Ym0i6bD=w148-h148-n-k-no"
            },
            {
                "title": "Mbale Clock Tower",
                "category": "Historical landmark",
                "img": "https://lh5.googleusercontent.com/p/AF1QipNuNvxUP6Lc0dDsmB10F9p385Uq172hgzuiaT9a=w148-h148-n-k-no"
            },
            {
                "title": "Pearl Haven Christian Center",
                "category": "Church",
                "url": "http://livingwateruganda.com/",
                "img": "https://lh5.googleusercontent.com/p/AF1QipNOxBclGqgQjZfeEnDnQjIkZJLmcR-wURk_QhxV=w148-h148-n-k-no"
            },
            {
                "title": "Sipi Falls",
                "category": "Tourist attraction",
                "url": "http://www.discover-sipi.com/",
                "img": "https://lh5.googleusercontent.com/p/AF1QipOdreYgi9IR93BHusjb4epgfxZgGcEksRW3oiqj=w148-h148-n-k-no"
            },
            {
                "title": "Sisiyi Falls",
                "category": "Tourist attraction",
                "img": "https://lh5.googleusercontent.com/p/AF1QipOQkk09MnG9E-mo7H60Z0pMhqqE7qEvt54oiX44=w148-h148-n-k-no"
            },
            {
                "title": "Nyero Rock Paintings",
                "category": "Historical place",
                "url": "https://steadysafaris.com/nyero-rock-paintings",
                "img": "https://lh5.googleusercontent.com/p/AF1QipNt7AadkSfwht52I5kzfFpnvRGAFCCemqfP-HH9=w148-h148-n-k-no"
            },
            {
                "title": "Henry Tours and Safaris",
                "category": "Tourist Information Centre",
                "url": "http://www.henrytoursandsafaris.com/",
                "img": "https://lh5.googleusercontent.com/p/AF1QipM1iF0BDXGKD6mpl42UPcg1DvuNpnjc0HTtHsXG=w148-h148-n-k-no"
            },
            {
                "title": "Elgon Safaris uganda",
                "category": "Tours",
                "url": "http://www.elgonsafarisuganda.com/",
                "img": "https://lh5.googleusercontent.com/p/AF1QipNBNoJQ7I1591rce7USOwTqYIWu0SruVG7SNPil=w148-h148-n-k-no"
            },
            {
                "title": "Pian Upe Game Reserve",
                "category": "National park",
                "url": "https://www.pianupe.com/",
                "img": "https://lh5.googleusercontent.com/p/AF1QipMqgY4pI5ik9YJDOUzJloaIosyzStQ3Of9Gm6Ve=w148-h148-n-k-no"
            },
            {
                "title": "Uganda Museum",
                "category": "Museum",
                "url": "http://ugandamuseums.or.ug/",
                "img": "https://lh5.googleusercontent.com/p/AF1QipMNd5H-ZZIl7FKG-oH9PPgeDmKJWqM039nxb4lR=w148-h148-n-k-no"
            },
            {
                "title": "Mbale City Stadium",
                "category": "Stadium",
                "img": "https://lh5.googleusercontent.com/p/AF1QipNrAvbR6vZ3X7LP5_jk-dPwB3FKAOK990Sn1QqL=w148-h148-n-k-no"
            },
            {
                "title": "Mbale Sports Club",
                "category": "Sports club",
                "img": "https://lh5.googleusercontent.com/p/AF1QipMBe5-xmzrv2HoI2q1fBS1i-FtzNseiHBc2-WoO=w148-h148-n-k-no"
            }
        ],
        "Jinja": [
            {
                "title": "Nyege Nyege Music Festival",
                "category": "Festival",
                "img": "https://lh5.googleusercontent.com/p/AF1QipNbSPXbZ-OgMXImYtTrrf4TkoY9jVpuNrB3vlj9=w148-h148-n-k-no"
            },
            {
                "title": "Uganda Railway Museum",
                "category": "Rail museum",
                "img": "https://lh5.googleusercontent.com/p/AF1QipMii0WarZ_T187jzx5au3KpmXjD-ks7H8t3vxsq=w148-h148-n-k-no"
            },
            {
                "title": "Tubing the Nile",
                "category": "Tourist attraction",
                "img": "https://lh5.googleusercontent.com/p/AF1QipPU7BfnFtPdnT0iuMGcEwWpFcpbnEBSuYoEMHFn=w148-h148-n-k-no"
            },
            {
                "title": "Speke Memorial Monument, source of the Nile",
                "category": "Historical landmark",
                "img": "https://lh5.googleusercontent.com/p/AF1QipNxcBhio0kqLDpiXg42IP18bYN33Uyh63zQp5si=w148-h148-n-k-no"
            },
            {
                "title": "Victoria Nile",
                "category": "River",
                "img": "https://lh5.googleusercontent.com/p/AF1QipOLEjeStu5iIow6cUYnIR1IqJwcITnCiRjmeg8=w148-h148-n-k-no"
            },
            {
                "title": "Source Of The Nile Reptile Park",
                "category": "Park and Garden",
                "img": "https://lh5.googleusercontent.com/p/AF1QipOVVqkIFs3uKKw3N5kvjsnpDGKJVO3il6RiDGkm=w148-h148-n-k-no"
            },
            {
                "title": "Ripon Falls",
                "category": "Waterfall",
                "img": "https://lh5.googleusercontent.com/p/AF1QipP_UEgbQD3WIa7GBy4nifFXHR4eSMeg79MJTX0W=w148-h148-n-k-no"
            },
            {
                "title": "Jinja Farmers Market",
                "category": "Market",
                "img": "https://lh5.googleusercontent.com/p/AF1QipPqym0mxtp5ly740oAsMi7h6vK6qXGaobOFi5w=w148-h148-n-k-no"
            },
            {
                "title": "Bikeventures Uganda",
                "category": "Bicycle hire shop",
                "img": "https://lh5.googleusercontent.com/p/AF1QipNfreXxmCeNi-W08FNETxKKrx45MrIGuPtjlrEd=w148-h148-n-k-no"
            },
            {
                "title": "Buutu Safaris",
                "category": "Tours",
                "img": "https://lh5.googleusercontent.com/p/AF1QipOZthRBgHDsG4dvUG_p_hO4AlJwbIp3gbxJdUOF=w148-h148-n-k-no"
            },
            {
                "title": "Griffin Falls Camp",
                "category": "Tourist attraction",
                "img": "https://lh5.googleusercontent.com/p/AF1QipPD86AA9EuMwVAIlFOn-Vx4p0QBdkUt1PXh43FC=w148-h148-n-k-no"
            },
            {
                "title": "Itanda Falls",
                "category": "Scenic point",
                "img": "https://lh5.googleusercontent.com/p/AF1QipN345IJpLx-Q7JAqgnOuQ2ZmUWtqfRiH18gwEzE=w148-h148-n-k-no"
            },
            {
                "title": "Nile Horseback Safaris",
                "category": "Tourist attraction",
                "img": "https://lh5.googleusercontent.com/p/AF1QipMNZoU01h6ZWt1GrMl2MSOvzOI7buPSfC0IJCns=w148-h148-n-k-no"
            },
            {
                "title": "Bujagali Hydropower Plant",
                "category": "Dam",
                "img": "https://lh5.googleusercontent.com/p/AF1QipMCu9ZsBA4KYKJsJ0MYvN041akk8boBxxv1ICwp=w148-h148-n-k-no"
            },
            {
                "title": "TMU Rafting",
                "category": "Tourist attraction",
                "img": "https://lh5.googleusercontent.com/p/AF1QipPuAhynManv0Udu7yL7wWxkotHBlzjAo7D_eekr=w148-h148-n-k-no"
            },
            {
                "title": "Jackfruit Safari's Uganda",
                "category": "Tour operator",
                "img": "https://lh5.googleusercontent.com/p/AF1QipMHWqPqZ2yg7Z6nVZ6XQtfX-X9m-k0OCdrEzfiX=w148-h148-n-k-no"
            }
        ],
        "Kitgum": [],
        "Arua": [
            {
                "title": "Riyadh Mosque",
                "category": "Mosque",
                "img": "https://lh5.googleusercontent.com/p/AF1QipOEHQkJa_IKS95lT_4_EFfoa_gzq_0JL7Xv8UBB=w148-h148-n-k-no"
            },
            {
                "title": "Arua Hill Stadium and Business Park",
                "category": "Sports complex",
                "img": "https://lh5.googleusercontent.com/p/AF1QipMsobzQJlti9Z_v_pQwNZ9UXK8ajwCfBS5k9CLw=w148-h148-n-k-no"
            },
            {
                "title": "Ediofe Roman Catholic Cathedral",
                "category": "Church",
                "img": "https://lh5.googleusercontent.com/p/AF1QipNa6RXjUn4K-3QC5FKlMoSJqYIYCtmjG1NDkq3X=w148-h148-n-k-no"
            },
            {
                "title": "Arua Golf Course",
                "category": "Golf course",
                "img": "https://lh5.googleusercontent.com/p/AF1QipMOodfFyKyL9do1e2dM4nq8vENL13Dq_BnSnDGh=w148-h148-n-k-no"
            },
            {
                "title": "Hunters Nest Hotel",
                "category": "Hotel",
                "img": "https://lh4.googleusercontent.com/proxy/gGHgb7lBGpeHw5uhU_ZDwgwRs3tDAg8z5y5MfYJF5t84G-deyHX-bvTNOtoFF6IJDX4TpV-LOSCwGHarkomzpcQ-vhqK2XTigODZy1SRpuPb6PG3X6IqBQ3RR9C0lVmlNx1G1sxzmSgcig8NHY8EMZTu1Zx-Rw=w148-h148-n-k-no"
            },
            {
                "title": "Borderlands Co-Op",
                "category": "Cafe",
                "img": "https://lh5.googleusercontent.com/p/AF1QipNQSUslZC5W3IqazN9XlXldQTefzcK93S3cXixy=w148-h148-n-k-no"
            },
            {
                "title": "Radio Pacis Offices",
                "category": "Entertainment",
                "url": "http://www.radiopacis.org/",
                "img": "https://lh5.googleusercontent.com/p/AF1QipObIkJyaJAvZxZ27F4GAXMiWD6rvnFkM4ZiufuS=w148-h148-n-k-no"
            },
            {
                "title": "Golden Courts Hotel",
                "category": "Hotel",
                "url": "http://goldencourtshotel.com/",
                "img": "https://lh4.googleusercontent.com/proxy/-weTbRcFaBYwK8VOBL3ZsF_KPKXQ9mEwNs2PbgK3wOqZf8se6zHdfqd6Mq4rxkfOhJyyuB_O2AIvX5XGY_9TxS6rskzkJETqcEkMSYhliiEJWWZLjEoWFl4cg9dLoZQxmJdct292DjWV2X8FeNg3naXqDgz3cw=w148-h148-n-k-no"
            },
            {
                "title": "Toner View",
                "category": "Market",
                "img": "https://lh5.googleusercontent.com/p/AF1QipOGxiLmbW_fLU9PiB9Xh4ChcYF2SNVh1xbmjF3S=w148-h148-n-k-no"
            },
            {
                "title": "Murchison Falls National Park",
                "category": "National park",
                "url": "https://ugandawildlife.org/national-parks/murchison-falls-national-park/",
                "img": "https://lh5.googleusercontent.com/p/AF1QipPvPVf_M9eAQvby7Lp6DXmnUQHkdd7Te4rhnPpG=w148-h148-n-k-no"
            },
            {
                "title": "Arua Airport",
                "category": "International airport",
                "img": "https://lh5.googleusercontent.com/p/AF1QipOj9F6zosmfcnxOxxozYwn_VfRGPTON44_oHwpp=w148-h148-n-k-no"
            },
            {
                "title": "Desert Breeze Hotel Arua",
                "category": "Hotel",
                "img": "https://lh5.googleusercontent.com/p/AF1QipNhU9ECSu8xcMFcjE57rb84DH21qVirwQRVRny9=w148-h148-n-k-no"
            },
            {
                "title": "RoseVilla Hotel",
                "category": "Hotel",
                "img": "https://lh4.googleusercontent.com/proxy/YOIE6UfU-RmT6VtdNHvM7DplwYvqtnveRY_Nz3BEI6oL3CYsNJdtJJWnvRrIaqOJqSWQV-1Ilxo4Q1KgbnW76mJDWRk4Z3fyInlkpm573iykjXdUIL2gued4hpPuH8BoPmytgBSkQ6xFLcnvZhVbeu_sEFBk8KQ=w148-h148-n-k-no"
            },
            {
                "title": "Tropical Suites Hotel",
                "category": "Hotel",
                "img": "https://lh5.googleusercontent.com/p/AF1QipOc5xuHA3eIXPuGIdybDhPpbY6Fg_QMw4mRMXFB=w148-h148-n-k-no"
            },
            {
                "title": "Blue Dove Hotel Arua",
                "category": "Hotel",
                "img": "https://lh5.googleusercontent.com/p/AF1QipObu00BQzUKq6vHpkurfSSNoAKTMu2-2skdiUsw=w148-h148-n-k-no"
            },
            {
                "title": "L'Hotel Le Confidentiel",
                "category": "Hotel",
                "url": "https://hotelleconfidentiel.com/",
                "img": "https://lh6.googleusercontent.com/proxy/zUDYo36tQmp36oR0t2Jt10Ghj4oKxmgolLwDOlF7XJ_YPBTdVsJDb4NBxtvwFWY-q7AWAuPJwFvHZ5iz2LUR4N2WhJ6tUrJ13Dz1e7MvPRX8ubJEUoMZbuR4PRjMxqpcbidd6i9HU-apXYjuvsgQx0Azfd2hwA=w148-h148-n-k-no"
            }
        ],
        "Apac": [
            {
                "title": "Acacia Mall",
                "category": "Shopping Centre",
                "url": "https://www.theacaciamall.com/",
                "img": "https://lh5.googleusercontent.com/p/AF1QipPvwCXLh7l6h283SZrqxS8cUb8wSpG2hCAIVsHJ=w148-h148-n-k-no"
            },
            {
                "title": "Munyonyo Martyrs' Shrine - Uganda Martyrs Basilica",
                "category": "Tourist attraction",
                "url": "http://www.munyonyo-shrine.ug/",
                "img": "https://lh5.googleusercontent.com/p/AF1QipNyZEmDC30CFLehZKSlGY_mVYCVQlmQiVl0Qp31=w148-h148-n-k-no"
            },
            {
                "title": "St Mary's Cathedral Rubaga",
                "category": "Catholic cathedral",
                "url": "http://klarchdiocese.org.ug/",
                "img": "https://lh5.googleusercontent.com/p/AF1QipMI2RyMsngyesG6s3Tm3L2BlCMvF-7quxoFP0XD=w148-h148-n-k-no"
            },
            {
                "title": "Forest Mall",
                "category": "Shopping Centre",
                "img": "https://lh5.googleusercontent.com/p/AF1QipOTHrlUXu9_2GQGjpVPu1z8enR0Ih65CxM_jjtB=w148-h148-n-k-no"
            },
            {
                "title": "Garden City Shopping Mall",
                "category": "Shopping Centre",
                "url": "https://www.golfcoursehotel.com/gardencity.html",
                "img": "https://lh5.googleusercontent.com/p/AF1QipPBDi8GLWidBZRM3n8NBgAYJuZ2pbnblLAHAmBh=w148-h148-n-k-no"
            },
            {
                "title": "Freedom City Mall",
                "category": "Shopping outlet",
                "url": "http://freedomcity.co.ug/",
                "img": "https://lh5.googleusercontent.com/p/AF1QipMufsQHoIk_ElMIqzjBx90klGTMnkfkBsWMivsD=w148-h148-n-k-no"
            },
            {
                "title": "Itanda Falls",
                "category": "Scenic point",
                "img": "https://lh5.googleusercontent.com/p/AF1QipN345IJpLx-Q7JAqgnOuQ2ZmUWtqfRiH18gwEzE=w148-h148-n-k-no"
            },
            {
                "title": "Equator at Entebbe",
                "category": "Historical landmark",
                "url": "https://www.shoebillugandatours.com/",
                "img": "https://lh5.googleusercontent.com/p/AF1QipOzGsAjr94IdJH8EbJTcFX65Q0GPME1jopktxWL=w148-h148-n-k-no"
            },
            {
                "title": "Entebbe Botanical Garden",
                "category": "Botanical garden",
                "img": "https://lh5.googleusercontent.com/p/AF1QipO95PV24Atdqn_hTDJ9k-5WNgPlrDiYhS6hK2Nw=w148-h148-n-k-no"
            },
            {
                "title": "Amreena mall",
                "category": "Shopping Centre",
                "img": "https://lh5.googleusercontent.com/p/AF1QipObwAj9kM9SPxDwnDSiliTob6d2ENXbapSnw0c=w148-h148-n-k-no"
            },
            {
                "title": "The Voice Mall",
                "category": "Shopping Centre",
                "img": "https://lh5.googleusercontent.com/p/AF1QipOIorTUZ8ZgVEC5y3vXg8CqlfK3G6O5etLZgT-K=w148-h148-n-k-no"
            },
            {
                "title": "Tank Hill Park",
                "category": "General Store",
                "img": "https://lh5.googleusercontent.com/p/AF1QipOcINZzNx_RlOF6pINzpeqHCK2UFpJD4J4qKiv7=w148-h148-n-k-no"
            },
            {
                "title": "Buganda Heritage and Tourism Board",
                "category": "Tourist Information Centre",
                "url": "http://www.bhtb.or.ug/",
                "img": "https://lh5.googleusercontent.com/p/AF1QipO57qBDtDYBmQd9Q_-H9lqVY5WWX1ohP1te1axB=w148-h148-n-k-no"
            },
            {
                "title": "Ssese Islands",
                "category": "Archipelago",
                "img": "https://lh5.googleusercontent.com/p/AF1QipNIHb8QRU1eyMXSHleT2aKju2yHqfXzNXeGy3UC=w148-h148-n-k-no"
            },
            {
                "title": "Reed Complex",
                "category": "Shopping Centre",
                "img": "https://lh5.googleusercontent.com/p/AF1QipPRpG_DLaZSJmQsDpnXrRcSAdcVAGtYChoSOVxs=w148-h148-n-k-no"
            },
            {
                "title": "Kampala",
                "category": "Locality",
                "img": "https://lh5.googleusercontent.com/p/AF1QipN9H9_S4SQc0Z-2bd103UMXGl-1b1C_gN1zfoJa=w148-h148-n-k-no"
            }
        ],
        "Bwizibwera": [
            {
                "title": "Mbarara River Rwizi Falls",
                "category": "Tourist attraction",
                "img": "https://lh5.googleusercontent.com/p/AF1QipO71eXKx4qZ6CaO5EFyOo0AKNJGNl9cq2riB0MZ=w148-h148-n-k-no"
            },
            {
                "title": "Bamboo Ecotours",
                "category": "Tour operator",
                "url": "http://www.bambooecotours.com/",
                "img": "https://lh5.googleusercontent.com/p/AF1QipOFY9jeAuouAW75-v6bp631EEgK9DFgwoqxVcf-=w148-h148-n-k-no"
            },
            {
                "title": "Kazinga Channel",
                "category": "Channel",
                "img": "https://lh5.googleusercontent.com/p/AF1QipPVmOT4VFklRF5Cxl8LajyMraQQVBZm1xK0U26P=w148-h148-n-k-no"
            },
            {
                "title": "Lake Bunyonyi",
                "category": "Lake",
                "img": "https://lh5.googleusercontent.com/p/AF1QipPUVvCDy0S5vzQiNdZrnYTY-1iXnnwfWgd1BWOJ=w148-h148-n-k-no"
            },
            {
                "title": "Virunga Mountains",
                "category": "Mountain range",
                "img": "https://lh5.googleusercontent.com/p/AF1QipOIffmgHXR4rJ6odPUogSH_s_M-14l2ZLNVX5Y7=w148-h148-n-k-no"
            },
            {
                "title": "Nkokonjeru Tombs",
                "category": "Tourist attraction",
                "url": "http://www.pcmonline.org/",
                "img": "https://lh5.googleusercontent.com/p/AF1QipOvb3fYO5dQEiW85-pH-fbuwRHbIkwM56Pft5Nl=w148-h148-n-k-no"
            },
            {
                "title": "Rwenzori Mountains",
                "category": "Mountain range",
                "img": "https://lh5.googleusercontent.com/p/AF1QipNn-VApVcvc2XvSPckz37DocGwrYTAPFD-uoe7W=w148-h148-n-k-no"
            },
            {
                "title": "Mount Stanley",
                "category": "Mountain peak",
                "img": "https://lh5.googleusercontent.com/p/AF1QipNp3hcXyhS36mJsgIgqqw0gTeWFRWsk-7czHOs-=w148-h148-n-k-no"
            },
            {
                "title": "Muhavura Volcano",
                "category": "Volcano",
                "img": "https://lh5.googleusercontent.com/p/AF1QipM5rWbOsnmRWU4FLDdMXeMMsXKInQQF6Kk9nvRX=w148-h148-n-k-no"
            },
            {
                "title": "Kibale",
                "category": "Locality",
                "img": "https://lh5.googleusercontent.com/p/AF1QipNpEfJf5zNQSwEkJJu4fjFy0zQa5oiD3OR1BjJt=w148-h148-n-k-no"
            },
            {
                "title": "Queen Elizabeth National Park",
                "category": "National park",
                "url": "https://ugandawildlife.org/national-parks/queen-elizabeth-national-park/",
                "img": "https://lh5.googleusercontent.com/p/AF1QipMqRbT_P64REjgZH4ms5Cnme5iS6upBGL-e_9eO=w148-h148-n-k-no"
            },
            {
                "title": "Gahinga Volcano",
                "category": "Volcano",
                "img": "https://lh5.googleusercontent.com/p/AF1QipN4VTYWJqt0r9NcOMP-MMD4z35tA_vNxqJ9zr46=w148-h148-n-k-no"
            },
            {
                "title": "Mount Sabyinyo",
                "category": "Volcano",
                "img": "https://lh5.googleusercontent.com/p/AF1QipM-teJnMfPpzeoI64i2HDD-euFI_70_mcuRfs22=w148-h148-n-k-no"
            },
            {
                "title": "Mgahinga Gorilla National Park",
                "category": "National park",
                "url": "http://www.mgahingagorillanationalpark.com/",
                "img": "https://lh5.googleusercontent.com/p/AF1QipMvsZMPxr6N2V5A2iOsDVTL2_iEXOHc1b95q319=w148-h148-n-k-no"
            },
            {
                "title": "Crater Lakes Adventures",
                "category": "Wildlife and safari park",
                "img": "https://lh5.googleusercontent.com/p/AF1QipOsbb4XkXpfDOG1IwC_gxM3dIBae5ZkMU97zCBM=w148-h148-n-k-no"
            },
            {
                "title": "Bwindi Impenetrable Forest",
                "category": "Woods",
                "img": "https://lh5.googleusercontent.com/p/AF1QipNzzinBRV_oOtejEd413wSzBIoYHF1yd_wIafVX=w148-h148-n-k-no"
            }
        ],
        "Mbarara": [
            {
                "title": "Portville Mall",
                "category": "Shopping Centre",
                "img": "https://lh5.googleusercontent.com/p/AF1QipNLRcKUvn_sJbdQ4uLu-81Lvkj3NIp4xS1wJSR8=w148-h148-n-k-no"
            },
            {
                "title": "Country Cinema Mbarara",
                "category": "Cinema",
                "url": "http://www.countrycinemaug.com/",
                "img": "https://lh5.googleusercontent.com/p/AF1QipPfTSBC41FGTIZBiWR_lVzGNVFhyAD2Sdq06PL2=w148-h148-n-k-no"
            },
            {
                "title": "Canine Safaris Ltd",
                "category": "Tour operator",
                "url": "http://www.caninesafarisug.com/",
                "img": "https://lh5.googleusercontent.com/p/AF1QipMNFb4mzlIDl2Gq_hCSncqrmtNMxFiH3Xkd5OU5=w148-h148-n-k-no"
            },
            {
                "title": "Mbarara River Rwizi Falls",
                "category": "Tourist attraction",
                "img": "https://lh5.googleusercontent.com/p/AF1QipO71eXKx4qZ6CaO5EFyOo0AKNJGNl9cq2riB0MZ=w148-h148-n-k-no"
            },
            {
                "title": "Lake Mburo National Park",
                "category": "National park",
                "url": "https://ugandawildlife.org/national-parks/lake-mburo/",
                "img": "https://lh5.googleusercontent.com/p/AF1QipOQJGe2Bu8DDv2E7c2dHR5dddGbutSo6IZt9OLh=w148-h148-n-k-no"
            },
            {
                "title": "Uganda Martyrs Parish Church Mbarara",
                "category": "Catholic church",
                "img": "https://lh5.googleusercontent.com/p/AF1QipMqpdGQWmJN1uWOHa3per4dbSmdqqGaiCJOLK5u=w148-h148-n-k-no"
            },
            {
                "title": "Ankole Diocese",
                "category": "Church",
                "img": "https://lh5.googleusercontent.com/p/AF1QipPs4PNonbCkW__Xgcj0o-aujRu7o5f0xZllwgfl=w148-h148-n-k-no"
            },
            {
                "title": "Igongo Country Hotel and Cultural Centre",
                "category": "Hotel",
                "url": "https://www.igongo.co.ug/",
                "img": "https://lh6.googleusercontent.com/proxy/Yo6i_tFWHlZ2xXrUtIuvNkwK20BJWI61WphxUO0_rGqvIJWEMKZK1WMYkkJHihGdA5-8PyyN9rgqInza2qErHqLhqbSi88PsFaAoI4E6JXnBPeQho0eE8LTKWxhCYJGgmKxvarXB-AkCePyVHwMEFjLYFBvCUt8=w148-h148-n-k-no"
            },
            {
                "title": "Nkore Place",
                "category": "Garden",
                "img": "https://lh5.googleusercontent.com/p/AF1QipNW4kjK6tAafYJHvFkPyrH0SuTcsH2v9XzMj2CG=w148-h148-n-k-no"
            },
            {
                "title": "kakyeka Stadium",
                "category": "Stadium",
                "img": "https://lh5.googleusercontent.com/p/AF1QipNIT7IwqLgtzAw8shdB93SqrFvRbHE5jEbjo9R5=w148-h148-n-k-no"
            },
            {
                "title": "Ntare Gardenz",
                "category": "Garden",
                "img": "https://lh5.googleusercontent.com/p/AF1QipOhozOBKlK44haXMCTJq2ThAwEkafZNUupXOBOi=w148-h148-n-k-no"
            },
            {
                "title": "Vegas Club, Golf Supermarket And Hotel",
                "category": "Nightclub",
                "img": "https://lh5.googleusercontent.com/p/AF1QipNGjNDqRhYgyt_GhwBrfJijSeGfghgvUUt9yz4e=w148-h148-n-k-no"
            },
            {
                "title": "Wild Watchers Safaris Uganda",
                "category": "Travel Agent",
                "img": "https://lh5.googleusercontent.com/p/AF1QipNrchZqXGOA5pDt2i6yfSa7EbwRKNCjvxwY-qn5=w148-h148-n-k-no"
            },
            {
                "title": "Bwindi Impenetrable Forest",
                "category": "Woods",
                "img": "https://lh5.googleusercontent.com/p/AF1QipNzzinBRV_oOtejEd413wSzBIoYHF1yd_wIafVX=w148-h148-n-k-no"
            },
            {
                "title": "The Great Trekkers Safaris",
                "category": "Tours",
                "url": "https://greattrekkers.com/",
                "img": "https://lh5.googleusercontent.com/p/AF1QipPMBARQVriLFdFjB54EyqLr2Egk38rxsUne6wBD=w148-h148-n-k-no"
            },
            {
                "title": "Independence Park",
                "category": "Fabrication Engineer",
                "img": "https://lh5.googleusercontent.com/p/AF1QipM1l8NbcaHWHbJ01aHWuAjOeQ4ZgdnpfbXI6PY=w148-h148-n-k-no"
            }
        ],
        "Masaka": [
            {
                "title": "AMASAKA GALLERY",
                "category": "Art gallery",
                "url": "http://www.amasakagallery.com/",
                "img": "https://lh5.googleusercontent.com/p/AF1QipM3iuBHCRfADtKNndGzE568eS8mEtNQmqfGV1L7=w148-h148-n-k-no"
            },
            {
                "title": "AJABU TOURS LTD",
                "category": "Tours",
                "img": "https://lh5.googleusercontent.com/p/AF1QipOjXMyKj8bjDwh1lrWFSmZLsz0Rs_9UTPE_sq5W=w148-h148-n-k-no"
            },
            {
                "title": "Ambiance - Masaka",
                "category": "Night Club",
                "img": "https://lh5.googleusercontent.com/p/AF1QipNguhssis_GXHGw60rs6cGwKzWuD5Vve-Ry-kzM=w148-h148-n-k-no"
            },
            {
                "title": "Greenville Country Resort Beach",
                "category": "Country park",
                "img": "https://lh5.googleusercontent.com/p/AF1QipOIhIkUrI7NpDb4tigvXsLl4--5iHKymcfeSGgY=w148-h148-n-k-no"
            },
            {
                "title": "Uganda Equator",
                "category": "Historical landmark",
                "img": "https://lh5.googleusercontent.com/p/AF1QipMX_LSktUbwpG08TrD7EOECLXmmZf5TAtCJZcjE=w148-h148-n-k-no"
            },
            {
                "title": "Doris Discotheque",
                "category": "Night Club",
                "img": "https://lh5.googleusercontent.com/p/AF1QipOMrnNLnkaw5oUVjPk4nLiIlQ2SZByWbOfVW881=w148-h148-n-k-no"
            },
            {
                "title": "Nabugabo Sand Beach",
                "category": "Beach",
                "img": "https://lh5.googleusercontent.com/p/AF1QipPQngRKJspIcZyXls6wj86P-V9DDy2dj0-wFBjN=w148-h148-n-k-no"
            },
            {
                "title": "Uganda Crocodile Garden",
                "category": "Park and Garden",
                "img": "https://lh5.googleusercontent.com/p/AF1QipM4J3pxERWm8tg2IBIkz1ixZQIMiJpN1-3UcNPN=w148-h148-n-k-no"
            },
            {
                "title": "Lake Victoria",
                "category": "Lake",
                "img": "https://lh5.googleusercontent.com/p/AF1QipPoKsQsuNY5Z7Cz-oo6Y6eWaUe68Vrg7VXNtjAg=w148-h148-n-k-no"
            }
        ],
        "Soroti": [
            {
                "title": "Sun City Amusement Park & Hotel UG",
                "category": "Amusement park",
                "img": "https://lh5.googleusercontent.com/p/AF1QipMlZdZqXFoiWjPnoaMj2KOssb3DcArJUngMQIV8=w148-h148-n-k-no"
            },
            {
                "title": "Discovery Movies and Internet Cáfe",
                "category": "Cinema",
                "img": "https://lh5.googleusercontent.com/p/AF1QipP6Z1P2bx8vo4M0966wBEL2Y6r3FNRrkcAazoJg=w148-h148-n-k-no"
            },
            {
                "title": "Towntalks Theatre",
                "category": "Cinema",
                "img": "https://lh5.googleusercontent.com/p/AF1QipNBNtmHpWT1pINney1l2jSZOgnZG_zjSHW-RRo=w148-h148-n-k-no"
            },
            {
                "title": "Soroti Rock",
                "category": "Tourist attraction",
                "img": "https://lh5.googleusercontent.com/p/AF1QipPzSzMTgVoJ1j9xvp40HQQ7aL8VvpmoreeTC9nu=w148-h148-n-k-no"
            },
            {
                "title": "Aipanyi Trend Disco teque",
                "category": "Night Club",
                "img": "https://lh5.googleusercontent.com/p/AF1QipP9aox5NtTayizBHk-mjUQCaYHN5CCKXqt1SAw0=w148-h148-n-k-no"
            },
            {
                "title": "Strikers Club",
                "category": "Nightclub",
                "img": "https://lh5.googleusercontent.com/p/AF1QipMizMDSulfp5wfxdJbTtMPCqIda2tL5Joelf2gJ=w148-h148-n-k-no"
            },
            {
                "title": "Nyero Rock Paintings",
                "category": "Historical place",
                "url": "https://steadysafaris.com/nyero-rock-paintings",
                "img": "https://lh5.googleusercontent.com/p/AF1QipNt7AadkSfwht52I5kzfFpnvRGAFCCemqfP-HH9=w148-h148-n-k-no"
            },
            {
                "title": "Forest Park Resort Buloba",
                "category": "Recreation Centre",
                "url": "http://forestparkresort.com/",
                "img": "https://lh5.googleusercontent.com/p/AF1QipN5gI3b0KCEzCkgADxqDNqBNgu56omEy7zwHEmF=w148-h148-n-k-no"
            },
            {
                "title": "Soroti Stadium",
                "category": "Football pitch",
                "img": "https://lh5.googleusercontent.com/p/AF1QipO6o9hWgARMcE5z9stw3oFdcXq3I5L0LFuCvnBt=w148-h148-n-k-no"
            }
        ],
        "Mukono": [
            {
                "title": "Tadooba Gallery",
                "category": "Art gallery",
                "img": "https://lh5.googleusercontent.com/p/AF1QipN39jbmEpAruGY3kqoItLee7aau9KJKNDcNSVR1=w148-h148-n-k-no"
            },
            {
                "title": "City Side Tours and Travel Uganda",
                "category": "Tour operator",
                "img": "https://lh5.googleusercontent.com/p/AF1QipMqTQ_iT8ZVQsWTA_4UTDXCO0oQbqsShRoS4FaQ=w148-h148-n-k-no"
            },
            {
                "title": "CITY SIDE HOTELS AND APARTMENTS MUKONO",
                "category": "Hotel",
                "url": "https://traveleruganda.com/st_hotel/city-side-hotel-mukono/",
                "img": "https://lh5.googleusercontent.com/p/AF1QipP26xEctyCynaL2RzTuTEWt9klAoW54JCysboCa=w148-h148-n-k-no"
            },
            {
                "title": "Sezibwa River",
                "category": "River",
                "img": "https://lh5.googleusercontent.com/p/AF1QipN4mVVmTeYUwvg4QNqmwsaCHvya0qxfpKiKSLoh=w148-h148-n-k-no"
            },
            {
                "title": "Hive Night Club",
                "category": "Nightclub",
                "img": "https://lh5.googleusercontent.com/p/AF1QipMJmVSkeZCPqhS-vX9qwEGAPqHX8mACpK6p4xRA=w148-h148-n-k-no"
            },
            {
                "title": "Ssezibwa Falls Road",
                "category": "Route",
                "img": "https://lh5.googleusercontent.com/p/AF1QipNxVHvn0F8YF-X9-K-QDvav3eS4fAbSpl7leReF=w148-h148-n-k-no"
            },
            {
                "title": "Ewaffe Cultural Village",
                "category": "Cultural centre",
                "url": "http://www.ewaffe.ug/",
                "img": "https://lh5.googleusercontent.com/p/AF1QipN0o35789YpZlLzBe3JcMDRZd0_KiOF2SRAbbQ=w148-h148-n-k-no"
            },
            {
                "title": "Owino Market/Kampala",
                "category": "Market",
                "img": "https://lh5.googleusercontent.com/p/AF1QipP673YLcIBUazKuRkaiwncHZJ6jWP1jxnUWi-GT=w148-h148-n-k-no"
            },
            {
                "title": "Centenary Park Kampala",
                "category": "Park and Garden",
                "img": "https://lh5.googleusercontent.com/p/AF1QipOukz-u8jPfyoCRs9UKHl_5uEgxYI3legHODN8E=w148-h148-n-k-no"
            },
            {
                "title": "Lakeside Adventure Park",
                "category": "Adventure sports centre",
                "url": "https://www.lakeside.ug/",
                "img": "https://lh5.googleusercontent.com/p/AF1QipPKU5tLb1MAkTtKaCAKUgHac37Zjn9Tl6FMKJFN=w148-h148-n-k-no"
            },
            {
                "title": "Festino Cite",
                "category": "Garden",
                "img": "https://lh5.googleusercontent.com/p/AF1QipOaV9tV8V5begpWBRDcu_xh92MO9T5tii3fe3Ss=w148-h148-n-k-no"
            },
            {
                "title": "Hello Uganda Services Limited",
                "category": "E-commerce service",
                "url": "http://hellouganda.com/",
                "img": "https://lh5.googleusercontent.com/p/AF1QipPntm1SvFvwFKBhfqj8DW5n3lF0ItiqcYdPQ-xo=w148-h148-n-k-no"
            },
            {
                "title": "Uganda National Mosque",
                "category": "Mosque",
                "url": "http://www.gaddafinationalmosque.com/",
                "img": "https://lh5.googleusercontent.com/p/AF1QipNXKsjBIW6fJQ7XPpqxO2rCjzNhR7kWDRrsRDdj=w148-h148-n-k-no"
            },
            {
                "title": "Uganda Museum",
                "category": "Museum",
                "url": "http://ugandamuseums.or.ug/",
                "img": "https://lh5.googleusercontent.com/p/AF1QipMNd5H-ZZIl7FKG-oH9PPgeDmKJWqM039nxb4lR=w148-h148-n-k-no"
            },
            {
                "title": "Independence Monument",
                "category": "Monument",
                "img": "https://lh5.googleusercontent.com/p/AF1QipN8ccsXOV5pMgbt9qAmBjaMKNobXlGi9ZTbnAXZ=w148-h148-n-k-no"
            },
            {
                "title": "East African Jungle Safaris",
                "category": "Travel Agent",
                "url": "https://eastafricanjunglesafaris.com/",
                "img": "https://lh5.googleusercontent.com/p/AF1QipMwu2f3T2Uay_9BBIpQzozB8kALC7kkEUnKYfS0=w148-h148-n-k-no"
            }
        ],
        "Gulu": [
            {
                "title": "St Josephs Catholic Cathedral",
                "category": "Compound grounds",
                "img": "https://lh5.googleusercontent.com/p/AF1QipOWsV7Y2NXlVG5ZVOMCoYyFjRo4r3FJ0tKse9Jk=w148-h148-n-k-no"
            },
            {
                "title": "Lamaro Studio",
                "category": "Gift shop",
                "img": "https://lh5.googleusercontent.com/p/AF1QipPSK5kNSHTLWsa-dgMx3_6vtq0BE1YAXsxi1Km0=w148-h148-n-k-no"
            },
            {
                "title": "Bodalivery Services",
                "category": "Delivery service",
                "img": "https://lh5.googleusercontent.com/p/AF1QipMwUlffct6TCJIpMXw-6iQntAN3ORySm59uFKM6=w148-h148-n-k-no"
            },
            {
                "title": "Loremi Tours",
                "category": "Tour operator",
                "url": "https://www.loremitours.com/",
                "img": "https://lh5.googleusercontent.com/p/AF1QipMOklJgUwiNZi8HCHOh8tq2BAfmnjPWl-8SYgzg=w148-h148-n-k-no"
            },
            {
                "title": "Northern nature safaris",
                "category": "Tours",
                "img": "https://lh5.googleusercontent.com/p/AF1QipNR_obASY7HTRP6NUio_aqFJraogP9sCjtB9Zja=w148-h148-n-k-no"
            },
            {
                "title": "Lettuce Tours and Travel Uganda",
                "category": "Tour operator",
                "img": "https://lh5.googleusercontent.com/p/AF1QipPtnUmw1g5c-bXb3_dXD92G05IjVoZ87C9LoSpf=w148-h148-n-k-no"
            },
            {
                "title": "Aruu Falls",
                "category": "Tourist attraction",
                "img": "https://lh5.googleusercontent.com/p/AF1QipPuQDJjYm0Wo_Lit-vSKU31xptMS3Gy8uQW60-p=w148-h148-n-k-no"
            },
            {
                "title": "Amuru Hot Springs (small pool)",
                "category": "Tourist attraction",
                "img": "https://lh5.googleusercontent.com/p/AF1QipPSiRHzd5TOqIaUqZuCSx0EcpFxZzUI4lgKigax=w148-h148-n-k-no"
            },
            {
                "title": "Murchison Falls National Park",
                "category": "National park",
                "url": "https://ugandawildlife.org/national-parks/murchison-falls-national-park/",
                "img": "https://lh5.googleusercontent.com/p/AF1QipPvPVf_M9eAQvby7Lp6DXmnUQHkdd7Te4rhnPpG=w148-h148-n-k-no"
            },
            {
                "title": "Watoto Church Gulu",
                "category": "Pentecostal church",
                "url": "http://www.watotochurch.com/",
                "img": "https://lh5.googleusercontent.com/p/AF1QipOZpTZFFDR5-5j1W1ivc2qX2PDyLCeSrsO7usHS=w148-h148-n-k-no"
            },
            {
                "title": "Fort Patiko",
                "category": "Tourist attraction",
                "img": "https://lh5.googleusercontent.com/p/AF1QipPn_-WnyRt6kuFSt2jSijJzE6haUm6Hc-KHDlaD=w148-h148-n-k-no"
            },
            {
                "title": "Ajai Wildlife Reserve",
                "category": "National reserve",
                "img": "https://lh5.googleusercontent.com/p/AF1QipOjMZ03y1LzaV58-h9xcXeXgTZY6hLtWA542ATz=w148-h148-n-k-no"
            },
            {
                "title": "O3 Lounge, Arena & Sports Bar",
                "category": "Sports club",
                "img": "https://lh5.googleusercontent.com/p/AF1QipPiOEtlBArSAQWZ8F534L3dXKP9zdVqdxQZ_0lj=w148-h148-n-k-no"
            },
            {
                "title": "University Community Church Gulu",
                "category": "Baptist church",
                "url": "https://www.uccgulu.org/",
                "img": "https://lh5.googleusercontent.com/p/AF1QipPvEvl4DRXiEeEd8Ji3fNfyI_5du72XSPeXRuHw=w148-h148-n-k-no"
            },
            {
                "title": "Jaca Gardens",
                "category": "Garden",
                "img": "https://lh5.googleusercontent.com/p/AF1QipMIxgNDAu9FkMguqA4PgigqquMnWxaYg-RIVT_s=w148-h148-n-k-no"
            },
            {
                "title": "PASSWORD LOUNGE GULU CITY",
                "category": "Nightclub",
                "img": "https://lh5.googleusercontent.com/p/AF1QipMv2_8g68lOffM1_8IfVUl3pjJaVGpvAvlGXy-W=w148-h148-n-k-no"
            }
        ],
        "Entebbe": [
            {
                "title": "Uganda Wildlife Conservation Education Centre",
                "category": "Zoo",
                "url": "https://uwec.ug/",
                "img": "https://lh5.googleusercontent.com/p/AF1QipOEdDXNcXUAc_ffyAaOCG87GfJS1SuU_tfa8FYF=w148-h148-n-k-no"
            },
            {
                "title": "Entebbe Botanical Garden",
                "category": "Botanical garden",
                "img": "https://lh5.googleusercontent.com/p/AF1QipO95PV24Atdqn_hTDJ9k-5WNgPlrDiYhS6hK2Nw=w148-h148-n-k-no"
            },
            {
                "title": "Victoria Mall",
                "category": "Shopping Centre",
                "url": "http://www.megha-industries.com/index.php/our-companies/victoria-mall",
                "img": "https://lh5.googleusercontent.com/p/AF1QipPSQL9GcREiGFBHs1nZfjt5IDGkd3Ioy79yC6Pr=w148-h148-n-k-no"
            },
            {
                "title": "Bafrika Creationz Art Gallery",
                "category": "Art gallery",
                "img": "https://lh5.googleusercontent.com/p/AF1QipPaAqNKw6TwRDxuBd6IZ4xff4CJcwV9DKQEPvAb=w148-h148-n-k-no"
            },
            {
                "title": "Primate Expeditions",
                "category": "Tour operator",
                "url": "http://www.primateexpeditions.info/",
                "img": "https://lh5.googleusercontent.com/p/AF1QipP4Mkfs2MFATvlvfyJ34yiRDl3Zy99jgmaom_tp=w148-h148-n-k-no"
            },
            {
                "title": "Uganda Wildlife Conservation Center",
                "category": "Tour operator",
                "img": "https://lh5.googleusercontent.com/p/AF1QipNoNduvmVdkVjvEtF-mjIcn73qRGsY4R8MkP2gF=w148-h148-n-k-no"
            },
            {
                "title": "Reptile village in Entebbe",
                "category": "Museum",
                "img": "https://lh5.googleusercontent.com/p/AF1QipOuvGOpH8PfKFFY4McmLHiP5g3_SGGUB9NgyzHF=w148-h148-n-k-no"
            },
            {
                "title": "Gorillas and Wildlife Safaris",
                "category": "Tour operator",
                "url": "https://www.gorillasandwildlifesafaris.com/",
                "img": "https://lh5.googleusercontent.com/p/AF1QipP5KUgIrP5gKnduJcKvnDSHGZ8EcGmSYWybAmPH=w148-h148-n-k-no"
            },
            {
                "title": "Shoebill mabamba swamp Uganda",
                "category": "Tours",
                "url": "http://mabambashoebill.com/",
                "img": "https://lh5.googleusercontent.com/p/AF1QipMIAlGwi1enVYZb5wf91vjnvcCd4tf-USEh4jdd=w148-h148-n-k-no"
            },
            {
                "title": "Equator at Entebbe",
                "category": "Historical landmark",
                "url": "https://www.shoebillugandatours.com/",
                "img": "https://lh5.googleusercontent.com/p/AF1QipOzGsAjr94IdJH8EbJTcFX65Q0GPME1jopktxWL=w148-h148-n-k-no"
            },
            {
                "title": "Spennah",
                "category": "Beach",
                "img": "https://lh5.googleusercontent.com/p/AF1QipM982RBwf6Fj7hU7OgYgXN2gTAuRn3DJtnmxG7y=w148-h148-n-k-no"
            },
            {
                "title": "Prime taxicab Entebbe",
                "category": "Car rental company",
                "url": "https://primetaxicabentebbe.com/",
                "img": "https://lh5.googleusercontent.com/p/AF1QipPYgkCkJgfXpP8bCfmHuWnYp6Yv5FJCEmhX8e-N=w148-h148-n-k-no"
            },
            {
                "title": "Budget Uganda Gorilla Booking; Great Adventure Safaris",
                "category": "Tour operator",
                "url": "https://www.greatadventuresafaris.com/",
                "img": "https://lh5.googleusercontent.com/p/AF1QipN3N_dP0GgsIRXrPus0ZrtyMosXxX4zC4g2wwwN=w148-h148-n-k-no"
            },
            {
                "title": "Park Shoebill",
                "category": "Hotel",
                "url": "http://www.parkshoebill.com/",
                "img": "https://lh5.googleusercontent.com/p/AF1QipMQk7l9xPUOFr29Vc0rGZnoJcyr5Gj7SpgyY2kA=w148-h148-n-k-no"
            },
            {
                "title": "Ngamba Chimpanzee sanctuary on lake victoria",
                "category": "Tourist attraction",
                "url": "http://www.ngambaisland.org/",
                "img": "https://lh4.googleusercontent.com/proxy/cJlY0o93vAv7em0nNDhDNl0reeO9f9GxN0PHDeBI0P_muGeNJiBaoyhIPF7dAgsrWftgfUnktU0Nsjur8TLGEEb9sB4AnDpe9cSqP3SMnkaQFpegmAYaurKrC55L74mgOkZ71N3yTvZpB2i7M2vYqwsqkL108g=w148-h148-n-k-no"
            },
            {
                "title": "Outback Adventure Safaris",
                "category": "Tour operator",
                "url": "http://www.wildadventuresafaris.com/",
                "img": "https://lh5.googleusercontent.com/p/AF1QipMX9AJQHs3ou6yRTk9qyp9pdDSLB_5uNTGGcYEd=w148-h148-n-k-no"
            }
        ]
    },
    "sights": [
        {
            "title": "Murchison Falls National Park",
            "category": "National park",
            "url": "https://ugandawildlife.org/national-parks/murchison-falls-national-park/",
            "img": "https://lh5.googleusercontent.com/p/AF1QipPvPVf_M9eAQvby7Lp6DXmnUQHkdd7Te4rhnPpG=w148-h148-n-k-no"
        },
        {
            "title": "Mgahinga Gorilla National Park",
            "category": "National park",
            "url": "http://www.mgahingagorillanationalpark.com/",
            "img": "https://lh5.googleusercontent.com/p/AF1QipMvsZMPxr6N2V5A2iOsDVTL2_iEXOHc1b95q319=w148-h148-n-k-no"
        },
        {
            "title": "Uganda National Mosque",
            "category": "Mosque",
            "url": "http://www.gaddafinationalmosque.com/",
            "img": "https://lh5.googleusercontent.com/p/AF1QipNXKsjBIW6fJQ7XPpqxO2rCjzNhR7kWDRrsRDdj=w148-h148-n-k-no"
        },
        {
            "title": "Sipi Falls",
            "category": "Tourist attraction",
            "url": "http://www.discover-sipi.com/",
            "img": "https://lh5.googleusercontent.com/p/AF1QipOdreYgi9IR93BHusjb4epgfxZgGcEksRW3oiqj=w148-h148-n-k-no"
        },
        {
            "title": "Bwindi Impenetrable Forest",
            "category": "Woods",
            "img": "https://lh5.googleusercontent.com/p/AF1QipNzzinBRV_oOtejEd413wSzBIoYHF1yd_wIafVX=w148-h148-n-k-no"
        },
        {
            "title": "Queen Elizabeth National Park",
            "category": "National park",
            "url": "https://ugandawildlife.org/national-parks/queen-elizabeth-national-park/",
            "img": "https://lh5.googleusercontent.com/p/AF1QipMqRbT_P64REjgZH4ms5Cnme5iS6upBGL-e_9eO=w148-h148-n-k-no"
        },
        {
            "title": "Ngamba Chimpanzee sanctuary on lake victoria",
            "category": "Tourist attraction",
            "url": "http://www.ngambaisland.org/",
            "img": "https://lh4.googleusercontent.com/proxy/cJlY0o93vAv7em0nNDhDNl0reeO9f9GxN0PHDeBI0P_muGeNJiBaoyhIPF7dAgsrWftgfUnktU0Nsjur8TLGEEb9sB4AnDpe9cSqP3SMnkaQFpegmAYaurKrC55L74mgOkZ71N3yTvZpB2i7M2vYqwsqkL108g=w148-h148-n-k-no"
        },
        {
            "title": "Lake Mburo National Park",
            "category": "National park",
            "url": "https://ugandawildlife.org/national-parks/lake-mburo/",
            "img": "https://lh5.googleusercontent.com/p/AF1QipOQJGe2Bu8DDv2E7c2dHR5dddGbutSo6IZt9OLh=w148-h148-n-k-no"
        },
        {
            "title": "Entebbe",
            "category": "Locality",
            "img": "https://lh5.googleusercontent.com/p/AF1QipMfk01ostHiVrOU-ldKIsj4XABZrpScYFQMei4S=w148-h148-n-k-no"
        },
        {
            "title": "Uganda Wildlife Conservation Education Centre",
            "category": "Zoo",
            "url": "https://uwec.ug/",
            "img": "https://lh5.googleusercontent.com/p/AF1QipOEdDXNcXUAc_ffyAaOCG87GfJS1SuU_tfa8FYF=w148-h148-n-k-no"
        },
        {
            "title": "Kidepo National Park Uganda",
            "category": "National park",
            "url": "https://kideponationalparkuganda.com/",
            "img": "https://lh5.googleusercontent.com/p/AF1QipMyvBNOkNBkXk0LxvyMm0uArQsUUOupHlBgvpIB=w148-h148-n-k-no"
        },
        {
            "title": "Lake Bunyonyi",
            "category": "Lake",
            "img": "https://lh5.googleusercontent.com/p/AF1QipPUVvCDy0S5vzQiNdZrnYTY-1iXnnwfWgd1BWOJ=w148-h148-n-k-no"
        },
        {
            "title": "Kibale",
            "category": "Locality",
            "img": "https://lh5.googleusercontent.com/p/AF1QipNpEfJf5zNQSwEkJJu4fjFy0zQa5oiD3OR1BjJt=w148-h148-n-k-no"
        },
        {
            "title": "Kibale National Park",
            "category": "National park",
            "url": "https://ugandawildlife.org/national-parks/kibale-national-park/",
            "img": "https://lh5.googleusercontent.com/p/AF1QipOlvsjZvgAmnkVzqeZHhK-NYsLY1gSAAZOmQfFd=w148-h148-n-k-no"
        },
        {
            "title": "Rwenzori Mountains National Park",
            "category": "National park",
            "url": "https://www.rwenzorimountainsnationalpark.com/",
            "img": "https://lh5.googleusercontent.com/p/AF1QipOT1fEDT-L3qzWtZnc5DGBCT5quJ5sFIooCdBYf=w148-h148-n-k-no"
        },
        {
            "title": "Kazinga Channel",
            "category": "Channel",
            "img": "https://lh5.googleusercontent.com/p/AF1QipPVmOT4VFklRF5Cxl8LajyMraQQVBZm1xK0U26P=w148-h148-n-k-no"
        }
    ]
}