{
    "cities": {
        "Saint Croix": [
            {
                "title": "Frederiksted",
                "category": "Locality",
                "img": "https://lh5.googleusercontent.com/p/AF1QipMCJ0bTnW2G6N6rpV7VufW0nHBW0Xox4gstdIci=w148-h148-n-k-no"
            },
            {
                "title": "Rainbow Beach",
                "category": "Beach",
                "img": "https://lh5.googleusercontent.com/p/AF1QipNy-k8UAvbv-8eWmTMsb1qS5A8gWG00aIeBLFs=w148-h148-n-k-no"
            },
            {
                "title": "Big Beard's Adventure Tours",
                "category": "Tour operator",
                "url": "http://www.bigbeards.com/",
                "img": "https://lh5.googleusercontent.com/p/AF1QipMy1S1-wjj9Bx_eQYfZ_aSeJTbXt55zny8qRifO=w148-h148-n-k-no"
            },
            {
                "title": "Buccaneer Beach",
                "category": "Beach",
                "img": "https://lh5.googleusercontent.com/p/AF1QipMjhm0PeXy6qs45hZqRs_TF0XKPmuDQu0-xOSio=w148-h148-n-k-no"
            },
            {
                "title": "Frederiksted Beach",
                "category": "Beach",
                "img": "https://lh5.googleusercontent.com/p/AF1QipOf7oMqhaFb8uaaK7DZkIaOapJw0ZuepScYv6Hk=w148-h148-n-k-no"
            },
            {
                "title": "Cane Bay Beach",
                "category": "Beach",
                "img": "https://lh5.googleusercontent.com/p/AF1QipPC4fQuGAM7NzawttQQnMKNkQ-BBrd5xW-Bprpl=w148-h148-n-k-no"
            },
            {
                "title": "Leatherback Brewing Company",
                "category": "Brewery",
                "url": "http://www.leatherbackbrewing.com/",
                "img": "https://lh5.googleusercontent.com/p/AF1QipOJIIMRHUCm729H2f9gofmvkZaTXK8vcqnYalfK=w148-h148-n-k-no"
            },
            {
                "title": "Nep2une Scuba Diving",
                "category": "Dive shop",
                "url": "http://www.n2scubadiving.com/",
                "img": "https://lh5.googleusercontent.com/p/AF1QipP8S5r271zE8heac21dazOEgoP1Ggm8btkmKz4U=w148-h148-n-k-no"
            },
            {
                "title": "Caribbean Museum Center for The Arts",
                "category": "Art museum",
                "url": "http://cmcarts.org/?utm_source=google&utm_medium=wix_google_business_profile&utm_campaign=9943761902644332493",
                "img": "https://lh5.googleusercontent.com/p/AF1QipP-uL5oLPs2o0qt_qQOvNCG8_6bCMZ37-uDn3Bn=w148-h148-n-k-no"
            },
            {
                "title": "Fort Christiansvaern",
                "category": "Historical landmark",
                "url": "https://www.nps.gov/chri/index.htm",
                "img": "https://lh5.googleusercontent.com/p/AF1QipMZ2FcjG_LQ36J9w8yRQ7CcEFfr8M-ecpQpBNkF=w148-h148-n-k-no"
            },
            {
                "title": "Frederiksted Pier",
                "category": "Marina",
                "img": "https://lh5.googleusercontent.com/p/AF1QipOdGtL0bp7I4FW1R6eJcqiblrDcnq6cWcMLV-3C=w148-h148-n-k-no"
            },
            {
                "title": "Old Danish Customs House",
                "category": "Tourist attraction",
                "url": "http://nps.gov/chri",
                "img": "https://lh5.googleusercontent.com/p/AF1QipPEkY3_zVFsLwa9gQlDd6xO1GXG-KwybsIu0Wr7=w148-h148-n-k-no"
            },
            {
                "title": "Adventures in Diving STX",
                "category": "Tourist attraction",
                "url": "http://adventuresindivingstx.com/",
                "img": "https://lh5.googleusercontent.com/p/AF1QipPBc-VZbHsLyHFiXzpal18qvubqNdFDpg4KMsSI=w148-h148-n-k-no"
            },
            {
                "title": "Cane Bay",
                "category": "Neighborhood",
                "img": "https://lh5.googleusercontent.com/p/AF1QipNMZlebj5MrfOCj6j69Ejc0uYI6YMVK1-Ctc5tI=w148-h148-n-k-no"
            },
            {
                "title": "Grapetree Beach",
                "category": "Beach",
                "img": "https://lh5.googleusercontent.com/p/AF1QipPcWLiOgktNalfInlhfc1VQ8W-RmZCSm6Juqzjk=w148-h148-n-k-no"
            },
            {
                "title": "Captain Morgan Rum Distillery",
                "category": "Distillery",
                "url": "http://www.captainmorganvisitorcenter.com/",
                "img": "https://lh5.googleusercontent.com/p/AF1QipOJQtVI9BWMi9bQjr_rxy81zeVWYpHe7B9f9Omm=w148-h148-n-k-no"
            }
        ]
    },
    "sights": [
        {
            "title": "Coral World Ocean Park",
            "category": "Aquarium",
            "url": "http://www.coralworldvi.com/",
            "img": "https://lh5.googleusercontent.com/p/AF1QipN4i4SxdDml6TvG8Bqpj8Prc4YfjD9jzMlbM-kP=w148-h148-n-k-no"
        },
        {
            "title": "Coki Point Beach",
            "category": "Beach",
            "url": "http://stthomasusvi.thebeach.vi/coki-point-beach.html",
            "img": "https://lh5.googleusercontent.com/p/AF1QipNnHN-ixaplQMIzqR0TYlMMU-OxN84V_x10CvBL=w148-h148-n-k-no"
        },
        {
            "title": "Lindquist Beach",
            "category": "Beach",
            "img": "https://lh5.googleusercontent.com/p/AF1QipPoeFDed55uroJfuiU1Q5rJ7L-Dv1Isl70Je0Kj=w148-h148-n-k-no"
        },
        {
            "title": "Honeymoon Beach",
            "category": "Beach",
            "url": "http://viecotours.com/st-john-tours/st-john-honeymoon-beach-all-inclusive-watersports-day-pass/",
            "img": "https://lh5.googleusercontent.com/p/AF1QipPcfHKrFzd3KoN7dYSxPLPY2Q5fMr2NgLvRLYTp=w148-h148-n-k-no"
        },
        {
            "title": "Saint Thomas",
            "category": "Island",
            "img": "https://lh5.googleusercontent.com/p/AF1QipP6wT2kYd2SzzTo6fqL4B_JklT3bfTt0s8PcGk1=w148-h148-n-k-no"
        },
        {
            "title": "Saint John",
            "category": "Island",
            "img": "https://lh5.googleusercontent.com/p/AF1QipNRSsT_3vxtbaV62PHKCSvRM1Rh1ArQjxNAFQdd=w148-h148-n-k-no"
        },
        {
            "title": "Secret Harbour Beach Resort",
            "category": "Resort hotel",
            "url": "https://www.secretharbourvi.com/",
            "img": "https://lh5.googleusercontent.com/p/AF1QipNsa3465DkYhIcoYkq5CL6xtmuz02r_j3nmwcRL=w148-h148-n-k-no"
        },
        {
            "title": "Rhythms at Rainbow Beach",
            "category": "Bar",
            "img": "https://lh5.googleusercontent.com/p/AF1QipN_Lbt6uvZGs-312ousrEvTglqIRYuTTsJJWr9W=w148-h148-n-k-no"
        },
        {
            "title": "Hawksnest Beach",
            "category": "Beach",
            "img": "https://lh5.googleusercontent.com/p/AF1QipMFO68ecyJWvP0tQOaFcy4qfBqjIguBDGDADFjZ=w148-h148-n-k-no"
        },
        {
            "title": "Trunk Bay",
            "category": "Beach",
            "img": "https://lh5.googleusercontent.com/p/AF1QipO2yWHckcDBk2dA-BaIi7csqCuTE6ANbmoB-C_Y=w148-h148-n-k-no"
        },
        {
            "title": "Drake's Seat",
            "category": "Viewpoint",
            "url": "http://www.vinow.com/stt/stt-a/general/drakes-seat/",
            "img": "https://lh5.googleusercontent.com/p/AF1QipMRrdtTQyHMMkvauGOPzFC4PiBQgZuoVQBeDiS0=w148-h148-n-k-no"
        },
        {
            "title": "Christiansted National Historic Site",
            "category": "Historical place",
            "url": "https://www.nps.gov/chri/index.htm",
            "img": "https://lh5.googleusercontent.com/p/AF1QipOXANqCHgOJu_nIGp2wsoSpTBBgH__-V9MvRFF3=w148-h148-n-k-no"
        },
        {
            "title": "Magens Bay Beach",
            "category": "Beach",
            "url": "http://www.magensbayauthority.com/",
            "img": "https://lh5.googleusercontent.com/p/AF1QipMI1_b4UcuRpqucH8KRSOcAVv7KPhMF89AMzn64=w148-h148-n-k-no"
        },
        {
            "title": "Fort Christian",
            "category": "Historical landmark",
            "url": "http://www.nps.gov/nr/travel/prvi/pr29.htm",
            "img": "https://lh5.googleusercontent.com/p/AF1QipNsm5Yl4eYpFinhi3dM0P4GQgfkV0aHrN8VDJTv=w148-h148-n-k-no"
        },
        {
            "title": "Maho Bay Beach",
            "category": "Beach",
            "img": "https://lh5.googleusercontent.com/p/AF1QipO2eFXNCw0bSH4R3pjwGKM-X_duT7XvPW_OjdfO=w148-h148-n-k-no"
        },
        {
            "title": "Fort Christiansvaern",
            "category": "Historical landmark",
            "url": "https://www.nps.gov/chri/index.htm",
            "img": "https://lh5.googleusercontent.com/p/AF1QipMZ2FcjG_LQ36J9w8yRQ7CcEFfr8M-ecpQpBNkF=w148-h148-n-k-no"
        }
    ]
}