{
    "cities": {
        "Al Ḩudaydah": [
            {
                "title": "Alshaab Garden",
                "category": "Garden",
                "img": "https://lh5.googleusercontent.com/p/AF1QipPsrsgNMSbb2t1O6n8IbAVenA9u6VQVDvb3rTOy=w148-h148-n-k-no"
            },
            {
                "title": "Shamsan Mosque",
                "category": "Mosque",
                "img": "https://lh5.googleusercontent.com/p/AF1QipP016nWA49J88QZsmbdZ4yLTFrbuPma8YGltEwy=w148-h148-n-k-no"
            },
            {
                "title": "كورنيش عروس البحر الحديدة",
                "category": "Park and Garden",
                "img": "https://lh5.googleusercontent.com/p/AF1QipObj9Yp_OhSaEodEm2jnhoueM16Q23kHX29rPKA=w148-h148-n-k-no"
            },
            {
                "title": "Al Quds Mosque",
                "category": "Mosque",
                "img": "https://lh5.googleusercontent.com/p/AF1QipPrfBgkAq0naTxXh3tUX3iwfdcOAglSls5K14V7=w148-h148-n-k-no"
            },
            {
                "title": "Al Aswady Mosque",
                "category": "Mosque",
                "img": "https://lh5.googleusercontent.com/p/AF1QipN_YVECVmQUStlQB-QqHM3Fc3uO2VssyKjNrdw2=w148-h148-n-k-no"
            },
            {
                "title": "Alsunnah Masjid",
                "category": "Mosque",
                "img": "https://lh5.googleusercontent.com/p/AF1QipMr6QXTY8cX74rTPsA6GL7ziZ8E33lE72Jf9wpG=w148-h148-n-k-no"
            },
            {
                "title": "كورنيش الحديدة",
                "category": "Park and Garden",
                "img": "https://lh5.googleusercontent.com/p/AF1QipNUc2Qk7QbZ6ZiCg_68TI6UZsjGp0sYvBHAf7A-=w148-h148-n-k-no"
            },
            {
                "title": "Al Olofi Stadium",
                "category": "Football pitch",
                "img": "https://lh5.googleusercontent.com/p/AF1QipPSCjqDs3yKM5rsYglhujv0FA-yIMPQjKrZjNma=w148-h148-n-k-no"
            },
            {
                "title": "Al Ahlam Amusement",
                "category": "Amusement park",
                "img": "https://lh5.googleusercontent.com/p/AF1QipNUaOnHEC6quAN7UD4_yPm_JFAAp6zpgkSZl6Bc=w148-h148-n-k-no"
            },
            {
                "title": "Dar AlHajar",
                "category": "Historical landmark",
                "img": "https://lh5.googleusercontent.com/p/AF1QipODEdunmH5BqsoVjzWW_sflZL8cmaTuvz_FnMiF=w148-h148-n-k-no"
            },
            {
                "title": "ساحل الكثيب",
                "category": "Park and Garden",
                "img": "https://lh5.googleusercontent.com/p/AF1QipNxhW748u7q4uVhSzrNQzOi_S11cbOrbFL_uCKK=w148-h148-n-k-no"
            },
            {
                "title": "متنزة العائلة للالعاب",
                "category": "Park and Garden",
                "img": "https://lh5.googleusercontent.com/p/AF1QipO-oKC5K2P608-EjNNyN6iDoKL4PYyzsqXBFFeL=w148-h148-n-k-no"
            },
            {
                "title": "Al-Saleh Mosque",
                "category": "Mosque",
                "img": "https://lh5.googleusercontent.com/p/AF1QipPmKcE5a_quWqdgN5TJFBxMHh_LwzXV30S5DImJ=w148-h148-n-k-no"
            },
            {
                "title": "Old City",
                "category": "Neighborhood",
                "img": "https://lh5.googleusercontent.com/p/AF1QipOY2xXzymzK0vjhHSWgdmBnBGkpKYXbRGgPPGa4=w148-h148-n-k-no"
            },
            {
                "title": "Podium Theater",
                "category": "Park and Garden",
                "img": "https://lh5.googleusercontent.com/p/AF1QipPKB_KTnMsA-WFTrlhy8GfNp7i8RpLa1CnDvA-f=w148-h148-n-k-no"
            },
            {
                "title": "Hawai Cafe",
                "category": "Park and Garden",
                "img": "https://lh5.googleusercontent.com/p/AF1QipMKjit5CCpTH12WbyjiMm5i4R5V8-aMDgwS1Jf7=w148-h148-n-k-no"
            }
        ],
        "Zabīd": [
            {
                "title": "Dar AlHajar",
                "category": "Historical landmark",
                "img": "https://lh5.googleusercontent.com/p/AF1QipODEdunmH5BqsoVjzWW_sflZL8cmaTuvz_FnMiF=w148-h148-n-k-no"
            },
            {
                "title": "Old City",
                "category": "Neighborhood",
                "img": "https://lh5.googleusercontent.com/p/AF1QipOY2xXzymzK0vjhHSWgdmBnBGkpKYXbRGgPPGa4=w148-h148-n-k-no"
            },
            {
                "title": "Bab al-Mandab Strait",
                "category": "Strait",
                "img": "https://lh5.googleusercontent.com/p/AF1QipO9G_ex-G0tFUwZmybKHaL6AUBh2cLqr1C_winI=w148-h148-n-k-no"
            },
            {
                "title": "Al-Saleh Mosque",
                "category": "Mosque",
                "img": "https://lh5.googleusercontent.com/p/AF1QipPmKcE5a_quWqdgN5TJFBxMHh_LwzXV30S5DImJ=w148-h148-n-k-no"
            }
        ],
        "‘Amrān": [
            {
                "title": "Sheharah Bridg",
                "category": "Bridge",
                "img": "https://lh5.googleusercontent.com/p/AF1QipP_wSxaZ3-LyGEltuaxn18XwfCv-fLZ685aVHJV=w148-h148-n-k-no"
            },
            {
                "title": "Shaharah",
                "category": "Neighborhood",
                "img": "https://lh5.googleusercontent.com/p/AF1QipOLkhhzYdxTV2fNXPfVhIcmrTGQN6ItZzT8TsTI=w148-h148-n-k-no"
            },
            {
                "title": "Sana'a Great Mosque",
                "category": "Mosque",
                "img": "https://lh5.googleusercontent.com/p/AF1QipOFYSyXcX9ET87KH0GZrpJU53t6dMJ5vAkU8Z6t=w148-h148-n-k-no"
            },
            {
                "title": "Amazon waterpark",
                "category": "Water park",
                "url": "http://tiktok.com/@amazon.waterpark.yemen",
                "img": "https://lh5.googleusercontent.com/p/AF1QipOc5VK3XQLs7BOZRTETtXc3VD4YqKGB0tVIanJk=w148-h148-n-k-no"
            },
            {
                "title": "Sana'a",
                "category": "Locality",
                "img": "https://lh5.googleusercontent.com/p/AF1QipOdZukDSvOC0mlzkuHlZtdd9qZGV0SdWbzk83QN=w148-h148-n-k-no"
            },
            {
                "title": "Al Hudaydah",
                "category": "Locality",
                "img": "https://lh5.googleusercontent.com/p/AF1QipO3qzzuHJ2JhTKNvYdUtPQxDllS5VfIb0nQXsvM=w148-h148-n-k-no"
            },
            {
                "title": "Al Thawra Sports City",
                "category": "Sports complex",
                "img": "https://lh5.googleusercontent.com/p/AF1QipMIac9fLVDPpSN6hhH-mUEhZ8sosyWU_P5L23zG=w148-h148-n-k-no"
            },
            {
                "title": "Alshaab Garden",
                "category": "Garden",
                "img": "https://lh5.googleusercontent.com/p/AF1QipPsrsgNMSbb2t1O6n8IbAVenA9u6VQVDvb3rTOy=w148-h148-n-k-no"
            },
            {
                "title": "Al Sabeen Square",
                "category": "Tourist attraction",
                "img": "https://lh5.googleusercontent.com/p/AF1QipNN-uO-NxwkqwpxT71vEq5_pkpxRzgvpVr2AMpA=w148-h148-n-k-no"
            },
            {
                "title": "Althawra Park",
                "category": "Park and Garden",
                "url": "http://12345samee.com/",
                "img": "https://lh5.googleusercontent.com/p/AF1QipNvKlblxMI6zsSEn6QFhl7ipL4gnrEqjTT1dV_r=w148-h148-n-k-no"
            },
            {
                "title": "Al-Saleh Mosque",
                "category": "Mosque",
                "img": "https://lh5.googleusercontent.com/p/AF1QipPmKcE5a_quWqdgN5TJFBxMHh_LwzXV30S5DImJ=w148-h148-n-k-no"
            },
            {
                "title": "Dar AlHajar",
                "category": "Historical landmark",
                "img": "https://lh5.googleusercontent.com/p/AF1QipODEdunmH5BqsoVjzWW_sflZL8cmaTuvz_FnMiF=w148-h148-n-k-no"
            },
            {
                "title": "Old City",
                "category": "Neighborhood",
                "img": "https://lh5.googleusercontent.com/p/AF1QipOY2xXzymzK0vjhHSWgdmBnBGkpKYXbRGgPPGa4=w148-h148-n-k-no"
            }
        ],
        "Taiz": [
            {
                "title": "قلعة القاهرة تعز",
                "category": "Historical landmark",
                "img": "https://lh5.googleusercontent.com/p/AF1QipO1-AJjiDGjF7jfivoEj6kuzw1FQ-ERfvCGEPU9=w148-h148-n-k-no"
            },
            {
                "title": "Mudhaffar Mosque",
                "category": "Mosque",
                "img": "https://lh5.googleusercontent.com/p/AF1QipPnlUcyhXva0HZpGFSbEfu8UqWiQcBe3qnDpNQd=w148-h148-n-k-no"
            },
            {
                "title": "Al-Saleh Mosque",
                "category": "Mosque",
                "img": "https://lh5.googleusercontent.com/p/AF1QipPmKcE5a_quWqdgN5TJFBxMHh_LwzXV30S5DImJ=w148-h148-n-k-no"
            },
            {
                "title": "Old City",
                "category": "Neighborhood",
                "img": "https://lh5.googleusercontent.com/p/AF1QipOY2xXzymzK0vjhHSWgdmBnBGkpKYXbRGgPPGa4=w148-h148-n-k-no"
            },
            {
                "title": "Bab al-Mandab Strait",
                "category": "Strait",
                "img": "https://lh5.googleusercontent.com/p/AF1QipO9G_ex-G0tFUwZmybKHaL6AUBh2cLqr1C_winI=w148-h148-n-k-no"
            },
            {
                "title": "Al-Janad Mosque",
                "category": "Compound grounds",
                "img": "https://lh5.googleusercontent.com/p/AF1QipM9mvs8wHE6JBNEJ38ix6cHekFHCsFGsgUc2dYE=w148-h148-n-k-no"
            }
        ],
        "Aden": [
            {
                "title": "Abyan Coast Park",
                "category": "Park and Garden",
                "img": "https://lh5.googleusercontent.com/p/AF1QipOX43zsoWnqPswd3bfw7EJw1CUueIht7a2hu5PK=w148-h148-n-k-no"
            },
            {
                "title": "Little Ben Aden",
                "category": "Historical landmark",
                "img": "https://lh5.googleusercontent.com/p/AF1QipMlNvMmt6_-LKw1F9qkl8CyMx0JLbDSUIOC8xGc=w148-h148-n-k-no"
            },
            {
                "title": "Aden Mall",
                "category": "Shopping Centre",
                "img": "https://lh5.googleusercontent.com/p/AF1QipMvD19qNSxL8oDfWTdK5bU4U1yAK7tqTd03G8it=w148-h148-n-k-no"
            },
            {
                "title": "Seera Castle",
                "category": "Castle",
                "img": "https://lh5.googleusercontent.com/p/AF1QipNB0EawjmTnqQHEKMCIuYwLKyhWBVMrsjQvncBd=w148-h148-n-k-no"
            },
            {
                "title": "Aban Mosque",
                "category": "Mosque",
                "img": "https://lh5.googleusercontent.com/p/AF1QipNh2QGZel3p08rcJNnPq_U1e7Kxz2-mAy095Hg-=w148-h148-n-k-no"
            },
            {
                "title": "Alsahareej (Water Tanks)",
                "category": "Historical landmark",
                "img": "https://lh5.googleusercontent.com/p/AF1QipN4lCEre23BYw4T7Q6ejAh6F9CnytTGwLY8W9gQ=w148-h148-n-k-no"
            },
            {
                "title": "Little Aden",
                "category": "Locality",
                "img": "https://lh5.googleusercontent.com/p/AF1QipO_tb8IuEOZN3CnMXn721Ujy1w7Fde79R8qidRt=w148-h148-n-k-no"
            },
            {
                "title": "Bab al-Mandab Strait",
                "category": "Strait",
                "img": "https://lh5.googleusercontent.com/p/AF1QipO9G_ex-G0tFUwZmybKHaL6AUBh2cLqr1C_winI=w148-h148-n-k-no"
            }
        ],
        "Mukalla": [],
        "Dhamār": [
            {
                "title": "Sana'a Great Mosque",
                "category": "Mosque",
                "img": "https://lh5.googleusercontent.com/p/AF1QipOFYSyXcX9ET87KH0GZrpJU53t6dMJ5vAkU8Z6t=w148-h148-n-k-no"
            },
            {
                "title": "Taizz",
                "category": "Locality",
                "img": "https://lh5.googleusercontent.com/p/AF1QipPTnQolKvWgq6u7wWlRWA-CKounESOEc6w0_RdH=w148-h148-n-k-no"
            },
            {
                "title": "Mudhaffar Mosque",
                "category": "Mosque",
                "img": "https://lh5.googleusercontent.com/p/AF1QipPnlUcyhXva0HZpGFSbEfu8UqWiQcBe3qnDpNQd=w148-h148-n-k-no"
            },
            {
                "title": "Al-Janad Mosque",
                "category": "Compound grounds",
                "img": "https://lh5.googleusercontent.com/p/AF1QipM9mvs8wHE6JBNEJ38ix6cHekFHCsFGsgUc2dYE=w148-h148-n-k-no"
            },
            {
                "title": "Dar AlHajar",
                "category": "Historical landmark",
                "img": "https://lh5.googleusercontent.com/p/AF1QipODEdunmH5BqsoVjzWW_sflZL8cmaTuvz_FnMiF=w148-h148-n-k-no"
            },
            {
                "title": "Al-Saleh Mosque",
                "category": "Mosque",
                "img": "https://lh5.googleusercontent.com/p/AF1QipPmKcE5a_quWqdgN5TJFBxMHh_LwzXV30S5DImJ=w148-h148-n-k-no"
            },
            {
                "title": "Old City",
                "category": "Neighborhood",
                "img": "https://lh5.googleusercontent.com/p/AF1QipOY2xXzymzK0vjhHSWgdmBnBGkpKYXbRGgPPGa4=w148-h148-n-k-no"
            }
        ],
        "Sanaa": [
            {
                "title": "Weider Gym",
                "category": "Gym",
                "img": "https://lh5.googleusercontent.com/p/AF1QipNIqrpcg0Hu9eqiHRqQATZXSOBVybFX5ofrjuQA=w148-h148-n-k-no"
            },
            {
                "title": "Al-Saleh Mosque",
                "category": "Mosque",
                "img": "https://lh5.googleusercontent.com/p/AF1QipPmKcE5a_quWqdgN5TJFBxMHh_LwzXV30S5DImJ=w148-h148-n-k-no"
            },
            {
                "title": "Sana'a Great Mosque",
                "category": "Mosque",
                "img": "https://lh5.googleusercontent.com/p/AF1QipOFYSyXcX9ET87KH0GZrpJU53t6dMJ5vAkU8Z6t=w148-h148-n-k-no"
            },
            {
                "title": "National Museum",
                "category": "Museum",
                "img": "https://lh5.googleusercontent.com/p/AF1QipPbOciwJut6XdyXsKzmeN_6NIqut6DtAiFApqZl=w148-h148-n-k-no"
            },
            {
                "title": "Old City",
                "category": "Neighborhood",
                "img": "https://lh5.googleusercontent.com/p/AF1QipOY2xXzymzK0vjhHSWgdmBnBGkpKYXbRGgPPGa4=w148-h148-n-k-no"
            },
            {
                "title": "Dar AlHajar",
                "category": "Historical landmark",
                "img": "https://lh5.googleusercontent.com/p/AF1QipODEdunmH5BqsoVjzWW_sflZL8cmaTuvz_FnMiF=w148-h148-n-k-no"
            },
            {
                "title": "Al-Khair Mosque",
                "category": "Mosque",
                "img": "https://lh5.googleusercontent.com/p/AF1QipPUR9pUvX-58sQTgZkU9w8x98FXOgX2d-mjHSZy=w148-h148-n-k-no"
            },
            {
                "title": "باب اليمن صنعاء القديمة",
                "category": "Historical landmark",
                "img": "https://lh5.googleusercontent.com/p/AF1QipN_UzAs0TEGhAU77jzQbov9QS4S1hRcPGkRGqjQ=w148-h148-n-k-no"
            }
        ],
        "Ibb": [
            {
                "title": "Seera Castle",
                "category": "Castle",
                "img": "https://lh5.googleusercontent.com/p/AF1QipNB0EawjmTnqQHEKMCIuYwLKyhWBVMrsjQvncBd=w148-h148-n-k-no"
            },
            {
                "title": "Sana'a Great Mosque",
                "category": "Mosque",
                "img": "https://lh5.googleusercontent.com/p/AF1QipOFYSyXcX9ET87KH0GZrpJU53t6dMJ5vAkU8Z6t=w148-h148-n-k-no"
            },
            {
                "title": "Mudhaffar Mosque",
                "category": "Mosque",
                "img": "https://lh5.googleusercontent.com/p/AF1QipPnlUcyhXva0HZpGFSbEfu8UqWiQcBe3qnDpNQd=w148-h148-n-k-no"
            },
            {
                "title": "Al-Janad Mosque",
                "category": "Compound grounds",
                "img": "https://lh5.googleusercontent.com/p/AF1QipM9mvs8wHE6JBNEJ38ix6cHekFHCsFGsgUc2dYE=w148-h148-n-k-no"
            },
            {
                "title": "Al Sabeen Square",
                "category": "Tourist attraction",
                "img": "https://lh5.googleusercontent.com/p/AF1QipNN-uO-NxwkqwpxT71vEq5_pkpxRzgvpVr2AMpA=w148-h148-n-k-no"
            },
            {
                "title": "Alshaab Garden",
                "category": "Garden",
                "img": "https://lh5.googleusercontent.com/p/AF1QipPsrsgNMSbb2t1O6n8IbAVenA9u6VQVDvb3rTOy=w148-h148-n-k-no"
            },
            {
                "title": "Althawra Park",
                "category": "Park and Garden",
                "url": "http://12345samee.com/",
                "img": "https://lh5.googleusercontent.com/p/AF1QipNvKlblxMI6zsSEn6QFhl7ipL4gnrEqjTT1dV_r=w148-h148-n-k-no"
            },
            {
                "title": "Al-Saleh Mosque",
                "category": "Mosque",
                "img": "https://lh5.googleusercontent.com/p/AF1QipPmKcE5a_quWqdgN5TJFBxMHh_LwzXV30S5DImJ=w148-h148-n-k-no"
            },
            {
                "title": "Bab al-Mandab Strait",
                "category": "Strait",
                "img": "https://lh5.googleusercontent.com/p/AF1QipO9G_ex-G0tFUwZmybKHaL6AUBh2cLqr1C_winI=w148-h148-n-k-no"
            },
            {
                "title": "Dar AlHajar",
                "category": "Historical landmark",
                "img": "https://lh5.googleusercontent.com/p/AF1QipODEdunmH5BqsoVjzWW_sflZL8cmaTuvz_FnMiF=w148-h148-n-k-no"
            },
            {
                "title": "Old City",
                "category": "Neighborhood",
                "img": "https://lh5.googleusercontent.com/p/AF1QipOY2xXzymzK0vjhHSWgdmBnBGkpKYXbRGgPPGa4=w148-h148-n-k-no"
            }
        ],
        "Sa'dah": [
            {
                "title": "باب اليمن صنعاء القديمة",
                "category": "Historical landmark",
                "img": "https://lh5.googleusercontent.com/p/AF1QipN_UzAs0TEGhAU77jzQbov9QS4S1hRcPGkRGqjQ=w148-h148-n-k-no"
            },
            {
                "title": "Weider Gym",
                "category": "Gym",
                "img": "https://lh5.googleusercontent.com/p/AF1QipNIqrpcg0Hu9eqiHRqQATZXSOBVybFX5ofrjuQA=w148-h148-n-k-no"
            },
            {
                "title": "Sana'a Great Mosque",
                "category": "Mosque",
                "img": "https://lh5.googleusercontent.com/p/AF1QipOFYSyXcX9ET87KH0GZrpJU53t6dMJ5vAkU8Z6t=w148-h148-n-k-no"
            },
            {
                "title": "Al-Saleh Mosque",
                "category": "Mosque",
                "img": "https://lh5.googleusercontent.com/p/AF1QipPmKcE5a_quWqdgN5TJFBxMHh_LwzXV30S5DImJ=w148-h148-n-k-no"
            },
            {
                "title": "Dar AlHajar",
                "category": "Historical landmark",
                "img": "https://lh5.googleusercontent.com/p/AF1QipODEdunmH5BqsoVjzWW_sflZL8cmaTuvz_FnMiF=w148-h148-n-k-no"
            },
            {
                "title": "Old City",
                "category": "Neighborhood",
                "img": "https://lh5.googleusercontent.com/p/AF1QipOY2xXzymzK0vjhHSWgdmBnBGkpKYXbRGgPPGa4=w148-h148-n-k-no"
            }
        ],
        "Sayyān": [
            {
                "title": "Al Sabeen Square",
                "category": "Tourist attraction",
                "img": "https://lh5.googleusercontent.com/p/AF1QipNN-uO-NxwkqwpxT71vEq5_pkpxRzgvpVr2AMpA=w148-h148-n-k-no"
            },
            {
                "title": "Alshaab Garden",
                "category": "Garden",
                "img": "https://lh5.googleusercontent.com/p/AF1QipPsrsgNMSbb2t1O6n8IbAVenA9u6VQVDvb3rTOy=w148-h148-n-k-no"
            },
            {
                "title": "Althawra Park",
                "category": "Park and Garden",
                "url": "http://12345samee.com/",
                "img": "https://lh5.googleusercontent.com/p/AF1QipNvKlblxMI6zsSEn6QFhl7ipL4gnrEqjTT1dV_r=w148-h148-n-k-no"
            },
            {
                "title": "Mudhaffar Mosque",
                "category": "Mosque",
                "img": "https://lh5.googleusercontent.com/p/AF1QipPnlUcyhXva0HZpGFSbEfu8UqWiQcBe3qnDpNQd=w148-h148-n-k-no"
            },
            {
                "title": "Al-Janad Mosque",
                "category": "Compound grounds",
                "img": "https://lh5.googleusercontent.com/p/AF1QipM9mvs8wHE6JBNEJ38ix6cHekFHCsFGsgUc2dYE=w148-h148-n-k-no"
            },
            {
                "title": "Sana'a Great Mosque",
                "category": "Mosque",
                "img": "https://lh5.googleusercontent.com/p/AF1QipOFYSyXcX9ET87KH0GZrpJU53t6dMJ5vAkU8Z6t=w148-h148-n-k-no"
            },
            {
                "title": "Dar AlHajar",
                "category": "Historical landmark",
                "img": "https://lh5.googleusercontent.com/p/AF1QipODEdunmH5BqsoVjzWW_sflZL8cmaTuvz_FnMiF=w148-h148-n-k-no"
            },
            {
                "title": "Al-Saleh Mosque",
                "category": "Mosque",
                "img": "https://lh5.googleusercontent.com/p/AF1QipPmKcE5a_quWqdgN5TJFBxMHh_LwzXV30S5DImJ=w148-h148-n-k-no"
            },
            {
                "title": "Old City",
                "category": "Neighborhood",
                "img": "https://lh5.googleusercontent.com/p/AF1QipOY2xXzymzK0vjhHSWgdmBnBGkpKYXbRGgPPGa4=w148-h148-n-k-no"
            }
        ]
    },
    "sights": [
        {
            "title": "Al-Saleh Mosque",
            "category": "Mosque",
            "img": "https://lh5.googleusercontent.com/p/AF1QipPmKcE5a_quWqdgN5TJFBxMHh_LwzXV30S5DImJ=w148-h148-n-k-no"
        },
        {
            "title": "Dar AlHajar",
            "category": "Historical landmark",
            "img": "https://lh5.googleusercontent.com/p/AF1QipODEdunmH5BqsoVjzWW_sflZL8cmaTuvz_FnMiF=w148-h148-n-k-no"
        },
        {
            "title": "Socotra",
            "category": "Island",
            "img": "https://lh5.googleusercontent.com/p/AF1QipOpTmf5a_bujxj5QVEKS9-zIb6pwM5T7m5kWf_L=w148-h148-n-k-no"
        },
        {
            "title": "Shoab Beach",
            "category": "Tourist attraction",
            "img": "https://lh5.googleusercontent.com/p/AF1QipN9M9cF3le_fCWR1tS8SgU_-a4jgR628DeCQCMa=w148-h148-n-k-no"
        },
        {
            "title": "Alsahareej (Water Tanks)",
            "category": "Historical landmark",
            "img": "https://lh5.googleusercontent.com/p/AF1QipN4lCEre23BYw4T7Q6ejAh6F9CnytTGwLY8W9gQ=w148-h148-n-k-no"
        },
        {
            "title": "قلعة القاهرة تعز",
            "category": "Historical landmark",
            "img": "https://lh5.googleusercontent.com/p/AF1QipO1-AJjiDGjF7jfivoEj6kuzw1FQ-ERfvCGEPU9=w148-h148-n-k-no"
        },
        {
            "title": "Qalansiyah beach",
            "category": "Beach",
            "img": "https://lh5.googleusercontent.com/p/AF1QipMJgCZsaJ3-0bovmWunQ_EhCdWtTfXNQHKF-KIn=w148-h148-n-k-no"
        },
        {
            "title": "شاطئ دليشة Delisha Beach",
            "category": "Tourist attraction",
            "url": "https://1001beach.com/ar/west_asia/yemen/delisha",
            "img": "https://lh5.googleusercontent.com/p/AF1QipN_9dh-Kl2gasKTk5BzLwLWDMVdryjS6AiIJwQG=w148-h148-n-k-no"
        },
        {
            "title": "Old City",
            "category": "Neighborhood",
            "img": "https://lh5.googleusercontent.com/p/AF1QipOY2xXzymzK0vjhHSWgdmBnBGkpKYXbRGgPPGa4=w148-h148-n-k-no"
        },
        {
            "title": "Bab al-Mandab Strait",
            "category": "Strait",
            "img": "https://lh5.googleusercontent.com/p/AF1QipO9G_ex-G0tFUwZmybKHaL6AUBh2cLqr1C_winI=w148-h148-n-k-no"
        },
        {
            "title": "شاطئ عرعهر Arher Beach",
            "category": "Tourist attraction",
            "img": "https://lh5.googleusercontent.com/p/AF1QipMTPGZ0wG2RjesRImzbg_N2NA5qck_mVtfnzrC4=w148-h148-n-k-no"
        },
        {
            "title": "Shibam",
            "category": "Locality",
            "img": "https://lh5.googleusercontent.com/p/AF1QipO-2EJm4r8zGUhZKRaWHXgJJK_6oXfktWb4kXQl=w148-h148-n-k-no"
        },
        {
            "title": "كهف هوك",
            "category": "Tourist attraction",
            "url": "http://socotra.info/hoq.html#.XlRTmHgxl-E",
            "img": "https://lh5.googleusercontent.com/p/AF1QipNmhDhvYx6UlOckmuDJwNKDAg_HViROTkRO7qTj=w148-h148-n-k-no"
        },
        {
            "title": "Shaharah",
            "category": "Neighborhood",
            "img": "https://lh5.googleusercontent.com/p/AF1QipOLkhhzYdxTV2fNXPfVhIcmrTGQN6ItZzT8TsTI=w148-h148-n-k-no"
        },
        {
            "title": "Jibal Haraz",
            "category": "Mountain peak",
            "img": "https://lh5.googleusercontent.com/p/AF1QipOlYyLpSSw9HaTrfhZMojRVCq46dVVsyJPWuGED=w148-h148-n-k-no"
        },
        {
            "title": "Marib Dam -The Great Dam of Marib",
            "category": "Dam",
            "img": "https://lh5.googleusercontent.com/p/AF1QipOqzTzeKtTo2HKAzix9MCYYPxk5ns2RsFt6UPD_=w148-h148-n-k-no"
        }
    ]
}