{
    "cities": {
        "Bindura": [
            {
                "title": "Chiravi Resorts",
                "category": "Bed & breakfast",
                "img": "https://lh5.googleusercontent.com/p/AF1QipPMMNMFao9yQrkZ7aGhIihDLJRb2Tz37Du3mjxZ=w148-h148-n-k-no"
            },
            {
                "title": "SOS Children's Village Bindura",
                "category": "Social services",
                "img": "https://lh5.googleusercontent.com/p/AF1QipPrTJl92BM-Y_Iq_VuefwdktbtzSfQnpQNMClUU=w148-h148-n-k-no"
            },
            {
                "title": "Chicken Matty",
                "category": "Restaurant",
                "img": "https://lh5.googleusercontent.com/p/AF1QipMCyJr9v6op3BbDFWT_7kCiUWn84q4UrVXiNuPc=w148-h148-n-k-no"
            },
            {
                "title": "Bindura University Hostel",
                "category": "University",
                "img": "https://lh5.googleusercontent.com/p/AF1QipPhnk9x4wSBRQK5mjgfuuWtz1kLXIFNY7_5CnZR=w148-h148-n-k-no"
            },
            {
                "title": "Chiwaridzo Phase II",
                "category": "Apartment building",
                "img": "https://lh5.googleusercontent.com/p/AF1QipN2trD1_QHTrUWyKWoZ_jd8JYVQExMNvjNxifRs=w148-h148-n-k-no"
            },
            {
                "title": "Chicken Inn Bindura",
                "category": "Chicken restaurant",
                "img": "https://lh5.googleusercontent.com/p/AF1QipNjO7c_-Q0plfw96pku1bgXHnKOfXq5mmoeOmA=w148-h148-n-k-no"
            },
            {
                "title": "Raintree Venue",
                "category": "Events Venue",
                "img": "https://lh5.googleusercontent.com/p/AF1QipMSrju8m1LV4W_QhDxyZcKIv-H7A74cFYuIuWmD=w148-h148-n-k-no"
            },
            {
                "title": "National Heroes' Acre",
                "category": "Historical landmark",
                "img": "https://lh5.googleusercontent.com/p/AF1QipNa8pzhKKOgT5ezffqIoyVyhzdAjWD1gOLU-0MQ=w148-h148-n-k-no"
            },
            {
                "title": "Bernard Mizeki Shrine",
                "category": "Historical place",
                "img": "https://lh5.googleusercontent.com/p/AF1QipPLvcRAPFWOBs8Q843qFdiu7BRDCjQCIQBWwz4H=w148-h148-n-k-no"
            },
            {
                "title": "Balancing Rocks",
                "category": "Mountain peak",
                "img": "https://lh5.googleusercontent.com/p/AF1QipNL-jZQb7doXuRCoTImprgDpZHsYBRh2Zzl-AgH=w148-h148-n-k-no"
            },
            {
                "title": "Mazowe",
                "category": "Locality",
                "img": "https://lh5.googleusercontent.com/p/AF1QipMMJQxFIpXFWDXAuFkvMbk-eTejjYSRL776bNIJ=w148-h148-n-k-no"
            },
            {
                "title": "Twin Lodges",
                "category": "Hotel",
                "img": "https://lh5.googleusercontent.com/p/AF1QipOymSEi5P9pgJoUxQZD0nC9b7pDfc_gImKLmrUW=w148-h148-n-k-no"
            },
            {
                "title": "Worlds View",
                "category": "Tourist attraction",
                "img": "https://lh5.googleusercontent.com/p/AF1QipPodJ-ord2gX93-m6cmDSPXu-CFd-WNkLHjJKSk=w148-h148-n-k-no"
            },
            {
                "title": "Mayfair Lodges and Restaurant",
                "category": "Lodge",
                "img": "https://lh5.googleusercontent.com/p/AF1QipP_sjExInahXm_RF8qGXDPtNRncg4NtxXMMApy-=w148-h148-n-k-no"
            },
            {
                "title": "Shona Sculpture Gallery",
                "category": "Art gallery",
                "img": "https://lh5.googleusercontent.com/p/AF1QipO5Vog-BHun7cFBi-9O8-DYWz6kmoRWf6n0CItA=w148-h148-n-k-no"
            },
            {
                "title": "Bindura University of Science Education (Main Campus)",
                "category": "University",
                "img": "https://lh5.googleusercontent.com/p/AF1QipOa335drZm9dZ4V7dPkkWmTPjPSOVaX06gcnjt3=w148-h148-n-k-no"
            }
        ],
        "Beitbridge": [
            {
                "title": "Mutshimbili St",
                "category": "Park and Garden",
                "img": "https://lh5.googleusercontent.com/p/AF1QipNASaCzGIqXC3U0OowJ8V-xZiSpo9VvrcBoOfnd=w148-h148-n-k-no"
            },
            {
                "title": "The Great Limpopo Baobab (Wamulala)",
                "category": "Park and Garden",
                "img": "https://lh5.googleusercontent.com/p/AF1QipOwibg6PWMSMd9u-XjnNKp84zSa8UcbcLDn7h1u=w148-h148-n-k-no"
            },
            {
                "title": "SleepOver Beitbridge",
                "category": "Motel",
                "url": "https://sleepover.travel/",
                "img": "https://lh5.googleusercontent.com/p/AF1QipOk3YO0Nl8KcQaPn4NtlrPmbcob8V8em_YqyUtA=w148-h148-n-k-no"
            },
            {
                "title": "Old Mine Guesthouse",
                "category": "Guest house",
                "img": "https://lh4.googleusercontent.com/proxy/nfBf14ndEdt-3qRIOPVPLoVeqA_uoKVjA7uk7gV20b9jsVnFT3Rp_4p24CXn8Nu6jjUB8mEwX-Ag-7MN5HSc002DBVG9XGDrOAFV7sFUFnivlOCrVgAiOmiVPFnfFOkJ8bbU5slWW2crpBhkTyDUinZm07BBnA=w148-h148-n-k-no"
            },
            {
                "title": "Mudix Royal Palace Guest Lodge in Musina",
                "category": "Guest house",
                "img": "https://lh5.googleusercontent.com/p/AF1QipMZ_52KWf-MHa-a5W5SMf6FyhP_HEeQk6Nev7Kt=w148-h148-n-k-no"
            },
            {
                "title": "Siesta Guest House",
                "category": "Bed & breakfast",
                "img": "https://lh4.googleusercontent.com/proxy/a8EIqCUVFpz-7MJjYsutux3qDI7e0KbB_j7ntyRg0j9J15gLeMo5wduWErCoq6EsvYIzDPV-UlfGAbfzc2t3IsXzFAaT9t16zO-h7m9fg1bkhY9Er0pvcus35mweGeA2NSx_-P0r7GQ_4G5jH85GmoTYmdis2w=w148-h148-n-k-no"
            }
        ],
        "Bulawayo": [
            {
                "title": "Hillside Dams Conservancy Office",
                "category": "Hiking area",
                "url": "http://www.hillsidedams.com/",
                "img": "https://lh5.googleusercontent.com/p/AF1QipNd3Zzfpj4wHCZAbdOoLloYjvzcq8dJLt2LqfGB=w148-h148-n-k-no"
            },
            {
                "title": "Bulawayo Railway Museum of Zimbabwe 🇿🇼",
                "category": "Museum of space history",
                "url": "https://www.facebook.com/bulawayorailwaymuseum/",
                "img": "https://lh5.googleusercontent.com/p/AF1QipP5hj0lvblbA2ZqwvhBBZqS6p5rXhJlY7MqCNHd=w148-h148-n-k-no"
            },
            {
                "title": "Nesbitt Castle",
                "category": "Wedding venue",
                "img": "https://lh5.googleusercontent.com/p/AF1QipP9bURVSp21gVRkaTv4qT9bAliY1k-n36-arV6g=w148-h148-n-k-no"
            },
            {
                "title": "Zimbabwe International Trade Fair.",
                "category": "Fairground",
                "url": "https://www.zitf.co.zw/",
                "img": "https://lh5.googleusercontent.com/p/AF1QipPsDLnhUue2axRlZMEfNQnVvLRdJcJKY7btnI7x=w148-h148-n-k-no"
            },
            {
                "title": "Joshua Mqabuko Nkomo Statue",
                "category": "Historical landmark",
                "url": "http://naturalhistorymuseumzimbabwe.com/",
                "img": "https://lh5.googleusercontent.com/p/AF1QipOmozwzRBF5qu5ucwAyA0Vf09sgJQLyc2vyetlV=w148-h148-n-k-no"
            },
            {
                "title": "Natural History Museum of Zimbabwe",
                "category": "Museum",
                "url": "http://www.naturalhistorymuseumzimbabwe.com/",
                "img": "https://lh5.googleusercontent.com/p/AF1QipM8wmq6UX6z5Ze0uKB9n1Hv99IqHISdmG5VL0-i=w148-h148-n-k-no"
            },
            {
                "title": "Khami Ruins",
                "category": "Historical place",
                "url": "http://naturalhistorymuseumzimbabwe.com/khami-ruins/",
                "img": "https://lh5.googleusercontent.com/p/AF1QipMxrBvZm6sZyD93BwgVrkXvveYPntkzieZvd79S=w148-h148-n-k-no"
            },
            {
                "title": "Queens Sports Club",
                "category": "Cricket ground",
                "img": "https://lh5.googleusercontent.com/p/AF1QipMpZRE1NqwvqjYfyhRhd_NXEbfoPinlDe1hr1iq=w148-h148-n-k-no"
            },
            {
                "title": "Barbourfields",
                "category": "Stadium",
                "url": "http://www.citybyo.co.zw/",
                "img": "https://lh5.googleusercontent.com/p/AF1QipOdjUkoAfyDyUcy1r13lmo94hAZC7FXc4ofbJ8Z=w148-h148-n-k-no"
            },
            {
                "title": "ThisAndThat Safaris",
                "category": "Tour operator",
                "url": "https://sites.google.com/view/thisandthatsafaris/home",
                "img": "https://lh5.googleusercontent.com/p/AF1QipMJC2JnguPuW0UXlkmIvAqlZ125cmFG_aljIeVq=w148-h148-n-k-no"
            },
            {
                "title": "Ster Kinekor Bulawayo",
                "category": "Cinema",
                "url": "http://www.sterkinekor.com/",
                "img": "https://lh5.googleusercontent.com/p/AF1QipNYF8Z1gKnwEeMpuSWYLhwfcdZt74l5b7Iyp1rv=w148-h148-n-k-no"
            },
            {
                "title": "Tshabalala Game Sanctuary",
                "category": "Park and Garden",
                "url": "https://www.bulawayopublicity.com/tshabalala-game-sanctuary/",
                "img": "https://lh5.googleusercontent.com/p/AF1QipNRKdVgYqiQan7idvibjlmrlcqdT8sHXSH7SbDB=w148-h148-n-k-no"
            },
            {
                "title": "Matobo National Park",
                "category": "National park",
                "img": "https://lh5.googleusercontent.com/p/AF1QipPn7g5dFlsJUwUejseYFBn0UxCBX4F8eM30FqXU=w148-h148-n-k-no"
            },
            {
                "title": "Matobo",
                "category": "Locality",
                "img": "https://lh5.googleusercontent.com/p/AF1QipPdfid9OvqLhujp7VsaRDvLuWC9qKkZHfDzLDxo=w148-h148-n-k-no"
            },
            {
                "title": "Matobo Hills",
                "category": "Elevated",
                "img": "https://lh5.googleusercontent.com/p/AF1QipP8d6wldWkSVjSzCOeUi4-YZU3ZOJPlemjcMwVk=w148-h148-n-k-no"
            },
            {
                "title": "Wanderlust Campers Africa",
                "category": "Tour operator",
                "url": "http://wanderlustcampersafrica.com/",
                "img": "https://lh5.googleusercontent.com/p/AF1QipN3H73LeAqiROOanmIEJrvW9uuNRMZ493YGqEHU=w148-h148-n-k-no"
            }
        ],
        "Masvingo": [
            {
                "title": "Lowveld Wanderer",
                "category": "Tours",
                "img": "https://lh5.googleusercontent.com/p/AF1QipNo92NguIK-qzSx9WNM2dwklQkO0p88qWhtmkaW=w148-h148-n-k-no"
            },
            {
                "title": "The Malilangwe Trust",
                "category": "Wildlife park",
                "url": "http://www.malilangwe.org/",
                "img": "https://lh5.googleusercontent.com/p/AF1QipNWtMvczdhZ2-o_gMQZAyuqsD9XlK2jLN3Y0sR4=w148-h148-n-k-no"
            },
            {
                "title": "Lake Mutirikwi",
                "category": "Lake",
                "img": "https://lh5.googleusercontent.com/p/AF1QipOFP5GVDjS1ZAmqabJUKvmAv1IvIvrJ7aE3k8c3=w148-h148-n-k-no"
            },
            {
                "title": "Z.C.C. Mbungo",
                "category": "Church",
                "url": "http://www.zccmbungo.org/",
                "img": "https://lh5.googleusercontent.com/p/AF1QipP1qBFglmfRStwjtPaHng7pFPzqX-3cwuLcIgB6=w148-h148-n-k-no"
            },
            {
                "title": "Mamutse",
                "category": "Stadium",
                "img": "https://lh5.googleusercontent.com/p/AF1QipP85NgsjfgTaQe_wgUg23GmvArnGVDkLMu_OHQj=w148-h148-n-k-no"
            },
            {
                "title": "Tokwe",
                "category": "River",
                "img": "https://lh5.googleusercontent.com/p/AF1QipN9KjltePs3p4_ctDWD93F70IuaIU3C7JAOYZ2N=w148-h148-n-k-no"
            },
            {
                "title": "Mucheke Stadium",
                "category": "Stadium",
                "img": "https://lh5.googleusercontent.com/p/AF1QipM6cNoDXZ4jesIrBN8kNdZ1DyOmQwQ37hHc8N8m=w148-h148-n-k-no"
            },
            {
                "title": "Kyle Dam Wall",
                "category": "Historical landmark",
                "img": "https://lh5.googleusercontent.com/p/AF1QipNLQhGAl1r-EiuEb_juQnSLkBeAXVXZ0ZlzP3Vc=w148-h148-n-k-no"
            }
        ],
        "Mutare": [
            {
                "title": "Double Blessings Garden",
                "category": "Garden",
                "img": "https://lh5.googleusercontent.com/p/AF1QipOgs9f6RvfpMII2lTzjkpIzJHDRpf5OmOBLkvoP=w148-h148-n-k-no"
            },
            {
                "title": "Cecil Kop Nature Reserve",
                "category": "Animal park",
                "img": "https://lh5.googleusercontent.com/p/AF1QipNElPS9OYTYgYUE-PEZz9swfjgt4CwySLH1NMiS=w148-h148-n-k-no"
            },
            {
                "title": "Sports Oval",
                "category": "Stadium",
                "img": "https://lh5.googleusercontent.com/p/AF1QipMYTfEN5mymzTaNQR-VRNmUKv4gJ7lk-P00OzQd=w148-h148-n-k-no"
            },
            {
                "title": "Meikles Park",
                "category": "Park and Garden",
                "img": "https://lh5.googleusercontent.com/p/AF1QipM18j89FKOpM4Qop3LHJZNGRkPgyz-N9FvZVOxc=w148-h148-n-k-no"
            },
            {
                "title": "Vumba Botanical Gardens",
                "category": "Botanical garden",
                "img": "https://lh5.googleusercontent.com/p/AF1QipPd5AQNvYhUxzgIypP4fOhKD6B1zskfmEq11t0E=w148-h148-n-k-no"
            },
            {
                "title": "Lion's Head Dam",
                "category": "Hiking area",
                "img": "https://lh5.googleusercontent.com/p/AF1QipOdxyE0RUa056J69zYd_H41SpYyeXLE7AWSNa-q=w148-h148-n-k-no"
            },
            {
                "title": "Henry Halam dam",
                "category": "Hiking area",
                "img": "https://lh5.googleusercontent.com/p/AF1QipPP4CunCimtogSbBOmL6zl5ZVOVBfQSq6zH-OKz=w148-h148-n-k-no"
            },
            {
                "title": "Pakanaka Resort",
                "category": "Hiking area",
                "img": "https://lh5.googleusercontent.com/p/AF1QipOgIAWHXguiitaRTMMNkajorHSzaFXOW5X3T9JW=w148-h148-n-k-no"
            },
            {
                "title": "Fleming Rugby Field",
                "category": "Stadium",
                "img": "https://lh5.googleusercontent.com/p/AF1QipOAaVMH18hjTblLNKwqszH35zrHlYNnYdCPwBuL=w148-h148-n-k-no"
            },
            {
                "title": "Sakubva",
                "category": "Stadium",
                "img": "https://lh5.googleusercontent.com/p/AF1QipMtkppJAk4Lr0VI0l3Agvto1Y576QYFqvHBQtbc=w148-h148-n-k-no"
            },
            {
                "title": "Prince of Wales View",
                "category": "Scenic point",
                "img": "https://lh5.googleusercontent.com/p/AF1QipOSelcNU7oCYMFjqRngDYRb4BbJwJEZu07hOzdN=w148-h148-n-k-no"
            },
            {
                "title": "Chitungwiza Aquatic Complex",
                "category": "Sports complex",
                "img": "https://lh5.googleusercontent.com/p/AF1QipN_DaYBWfh0yZrFJGpuZwwvLJbvD09WOTUvx5vs=w148-h148-n-k-no"
            },
            {
                "title": "Mutare Museum",
                "category": "Museum",
                "img": "https://lh5.googleusercontent.com/p/AF1QipMPxPuj97MwUy-Kwx2pYVQd5qlnOIK8bCspLiqB=w148-h148-n-k-no"
            },
            {
                "title": "Cross Kopje",
                "category": "Tourist attraction",
                "img": "https://lh5.googleusercontent.com/p/AF1QipMUMRHBKLT46jqZe6sg75rgJ-RczKp2Xb6pftU8=w148-h148-n-k-no"
            },
            {
                "title": "Club Mandisa",
                "category": "Night Club",
                "img": "https://lh5.googleusercontent.com/p/AF1QipOl4Xq7Itu8w2ZSfzw_dTx8z6arCUtB2nwuE0n_=w148-h148-n-k-no"
            }
        ],
        "Zvishavane": [
            {
                "title": "Pote Hill Hotel",
                "category": "Hotel",
                "img": "https://lh5.googleusercontent.com/proxy/C_v6hTnhW_LKJcDgK_p0IhTJulIyY8Fm1NxrMymZMbSF1bJBbos8JSWE-v5NWl1RWfLZno1P3xtLFEg4oyxcdCoEUkXnFKtRv6_2A6UD1GSHtf0i_vaOde59jQA0Z5VC3lbBCKrbhHnMacv44d6T3V-dNxdVUgQ=w148-h148-n-k-no"
            },
            {
                "title": "Guy's Nest Lodge",
                "category": "Bed & breakfast",
                "img": "https://lh5.googleusercontent.com/p/AF1QipMTrYXKl7V2zPmuWkyAFcItPyD_e8-3XhliWoN6=w148-h148-n-k-no"
            },
            {
                "title": "Mandava Stadium",
                "category": "Stadium",
                "img": "https://lh5.googleusercontent.com/p/AF1QipMNXvk9ADtdKrCcboEuZLcRWyI35dQDxHcNNWDt=w148-h148-n-k-no"
            },
            {
                "title": "Hotel Boutique Runde",
                "category": "Hotel",
                "img": "https://lh5.googleusercontent.com/p/AF1QipPDv5MtF4vF5kibNvAbo_QVd9yTC0kfbIWaCs4H=w148-h148-n-k-no"
            },
            {
                "title": "Matobo National Park",
                "category": "National park",
                "img": "https://lh5.googleusercontent.com/p/AF1QipPn7g5dFlsJUwUejseYFBn0UxCBX4F8eM30FqXU=w148-h148-n-k-no"
            },
            {
                "title": "Nesbitt Castle",
                "category": "Wedding venue",
                "img": "https://lh5.googleusercontent.com/p/AF1QipP9bURVSp21gVRkaTv4qT9bAliY1k-n36-arV6g=w148-h148-n-k-no"
            },
            {
                "title": "Bulawayo Railway Museum of Zimbabwe 🇿🇼",
                "category": "Museum of space history",
                "url": "https://www.facebook.com/bulawayorailwaymuseum/",
                "img": "https://lh5.googleusercontent.com/p/AF1QipP5hj0lvblbA2ZqwvhBBZqS6p5rXhJlY7MqCNHd=w148-h148-n-k-no"
            },
            {
                "title": "Khami Ruins",
                "category": "Historical place",
                "url": "http://naturalhistorymuseumzimbabwe.com/khami-ruins/",
                "img": "https://lh5.googleusercontent.com/p/AF1QipMxrBvZm6sZyD93BwgVrkXvveYPntkzieZvd79S=w148-h148-n-k-no"
            },
            {
                "title": "Matobo",
                "category": "Locality",
                "img": "https://lh5.googleusercontent.com/p/AF1QipPdfid9OvqLhujp7VsaRDvLuWC9qKkZHfDzLDxo=w148-h148-n-k-no"
            },
            {
                "title": "Bulawayo",
                "category": "Locality",
                "img": "https://lh5.googleusercontent.com/p/AF1QipPXpEB_h9Qs0ajVje4vtUNGZJz6FjCdP3zb8k99=w148-h148-n-k-no"
            }
        ],
        "Chitungwiza": [
            {
                "title": "Chitungwiza Central Hospital",
                "category": "Hospital",
                "url": "http://www.cch.org.zw/",
                "img": "https://lh5.googleusercontent.com/p/AF1QipPW4WoBCxqW6zi9TjVK2Uhqi7u8QTCbWocNxEsT=w148-h148-n-k-no"
            },
            {
                "title": "Sungano Gardens",
                "category": "Wedding venue",
                "img": "https://lh5.googleusercontent.com/p/AF1QipOnyB2rpf75rz_T8Isun2YiHMsGimhRyXuLYsBi=w148-h148-n-k-no"
            },
            {
                "title": "Zengeza 2",
                "category": "Secondary school",
                "img": "https://lh5.googleusercontent.com/p/AF1QipOu5Sk7Yz-5PFIvOGtHRJVdQsBSgClTtrbYIp1U=w148-h148-n-k-no"
            },
            {
                "title": "Harava Dam",
                "category": "Lake",
                "img": "https://lh5.googleusercontent.com/p/AF1QipMjIqsklkbELc9XhTon4aevWbmr-f2nJiSCAYhM=w148-h148-n-k-no"
            },
            {
                "title": "Ster-Kinekor Sam Levy's",
                "category": "Cinema",
                "url": "https://sterkinekor.co.zw/",
                "img": "https://lh5.googleusercontent.com/p/AF1QipMo1VNFlrU6bsvKraB8UVI9IXeA0_hAfiwAh75Z=w148-h148-n-k-no"
            },
            {
                "title": "Shona Sculpture Gallery",
                "category": "Art gallery",
                "url": "http://www.shonasculpture.gallery/",
                "img": "https://lh5.googleusercontent.com/p/AF1QipO5Vog-BHun7cFBi-9O8-DYWz6kmoRWf6n0CItA=w148-h148-n-k-no"
            },
            {
                "title": "First Floor Gallery Harare",
                "category": "Art gallery",
                "url": "http://www.firstfloorgalleryharare.com/",
                "img": "https://lh5.googleusercontent.com/p/AF1QipOukM0Sp3em4HH1swmrZOY8FUNWQGKi6NUS6JXw=w148-h148-n-k-no"
            },
            {
                "title": "Haka Camp Game Park",
                "category": "Wildlife and safari park",
                "url": "https://www.facebook.com/Haka-Camp-Game-Park-331620340959416/",
                "img": "https://lh5.googleusercontent.com/p/AF1QipPmhcdUMOhSCT4cGTbbvzSIGWByPJ2sF7IZTlg=w148-h148-n-k-no"
            },
            {
                "title": "Ballantyne Park Conservancy",
                "category": "Park and Garden",
                "img": "https://lh5.googleusercontent.com/p/AF1QipOZzN3YOgOXev2Z3pvI3-GS9J0KLnUhHKWqUTXm=w148-h148-n-k-no"
            },
            {
                "title": "Habitation of Hope",
                "category": "Campsite",
                "img": "https://lh5.googleusercontent.com/p/AF1QipN7AWq7FEDig4vWAh1lw8Em0kY8ztHOxvue0ugm=w148-h148-n-k-no"
            },
            {
                "title": "National Gallery of Zimbabwe",
                "category": "Art gallery",
                "url": "http://www.nationalgallery.co.zw/",
                "img": "https://lh5.googleusercontent.com/p/AF1QipOviVTlFtl7qgVGmUFTNqPCxrzZkKFjDxAEwgPQ=w148-h148-n-k-no"
            },
            {
                "title": "Africa Unity Square",
                "category": "Park and Garden",
                "img": "https://lh5.googleusercontent.com/p/AF1QipM0mPPIZXWfq2RmguIXvA1vYc6Oi5xMzzXCPYyX=w148-h148-n-k-no"
            },
            {
                "title": "National Heroes' Acre",
                "category": "Historical landmark",
                "url": "https://www.zimbabwetourism.net/",
                "img": "https://lh5.googleusercontent.com/p/AF1QipNa8pzhKKOgT5ezffqIoyVyhzdAjWD1gOLU-0MQ=w148-h148-n-k-no"
            },
            {
                "title": "National Archives of Zimbabwe",
                "category": "State archive",
                "url": "http://www.archives.gov.zw/",
                "img": "https://lh5.googleusercontent.com/p/AF1QipM7wYtNh5qNw_jmi3fcOTa8kVlD6RFxdhEFRLy9=w148-h148-n-k-no"
            },
            {
                "title": "Epworth Balancing Rocks",
                "category": "Tourist attraction",
                "img": "https://lh5.googleusercontent.com/p/AF1QipNeTuNiy7lDsws-7sqixCFa_GF-KB0pZjj_IMjz=w148-h148-n-k-no"
            },
            {
                "title": "Mukuvisi Woodlands",
                "category": "Wildlife and safari park",
                "url": "http://www.mukuvisiwoodland.co.zw/",
                "img": "https://lh5.googleusercontent.com/p/AF1QipMgiAvW2-xWtl7SaO55ot69p6uv4g78mOtAEigQ=w148-h148-n-k-no"
            }
        ],
        "Harare": [
            {
                "title": "Mukuvisi Woodlands",
                "category": "Wildlife and safari park",
                "url": "http://www.mukuvisiwoodland.co.zw/",
                "img": "https://lh5.googleusercontent.com/p/AF1QipMgiAvW2-xWtl7SaO55ot69p6uv4g78mOtAEigQ=w148-h148-n-k-no"
            },
            {
                "title": "Wild Is Life & ZEN",
                "category": "Wildlife Refuge",
                "url": "https://www.wildislife.org/",
                "img": "https://lh5.googleusercontent.com/p/AF1QipOLsF8OEYu7xvsKk1qzWX_AeozivXy6JqaYtfXD=w148-h148-n-k-no"
            },
            {
                "title": "National Gallery of Zimbabwe",
                "category": "Art gallery",
                "url": "http://www.nationalgallery.co.zw/",
                "img": "https://lh5.googleusercontent.com/p/AF1QipOviVTlFtl7qgVGmUFTNqPCxrzZkKFjDxAEwgPQ=w148-h148-n-k-no"
            },
            {
                "title": "Tamba Tamba Childrens Play Centre",
                "category": "Children's Amusement Centre",
                "url": "https://www.tambatambazimbabwe.com/",
                "img": "https://lh5.googleusercontent.com/p/AF1QipOIV8F99YfU7fQif3yfGMbqVIa-jg_iYgXVppvM=w148-h148-n-k-no"
            },
            {
                "title": "Chapungu Sculpture Park",
                "category": "Sculpture museum",
                "url": "https://www.chapungusculpturepark.com/",
                "img": "https://lh5.googleusercontent.com/p/AF1QipNzGflImRxS4chOhs7-OvEUL-6OA0RESJMlkidl=w148-h148-n-k-no"
            },
            {
                "title": "National Archives of Zimbabwe",
                "category": "State archive",
                "url": "http://www.archives.gov.zw/",
                "img": "https://lh5.googleusercontent.com/p/AF1QipM7wYtNh5qNw_jmi3fcOTa8kVlD6RFxdhEFRLy9=w148-h148-n-k-no"
            },
            {
                "title": "National Heroes' Acre",
                "category": "Historical landmark",
                "url": "https://www.zimbabwetourism.net/",
                "img": "https://lh5.googleusercontent.com/p/AF1QipNa8pzhKKOgT5ezffqIoyVyhzdAjWD1gOLU-0MQ=w148-h148-n-k-no"
            },
            {
                "title": "Shona Sculpture Gallery",
                "category": "Art gallery",
                "url": "http://www.shonasculpture.gallery/",
                "img": "https://lh5.googleusercontent.com/p/AF1QipO5Vog-BHun7cFBi-9O8-DYWz6kmoRWf6n0CItA=w148-h148-n-k-no"
            },
            {
                "title": "Epworth Balancing Rocks",
                "category": "Tourist attraction",
                "img": "https://lh5.googleusercontent.com/p/AF1QipNeTuNiy7lDsws-7sqixCFa_GF-KB0pZjj_IMjz=w148-h148-n-k-no"
            },
            {
                "title": "Haka Camp Game Park",
                "category": "Wildlife and safari park",
                "url": "https://www.facebook.com/Haka-Camp-Game-Park-331620340959416/",
                "img": "https://lh5.googleusercontent.com/p/AF1QipPmhcdUMOhSCT4cGTbbvzSIGWByPJ2sF7IZTlg=w148-h148-n-k-no"
            },
            {
                "title": "Pole Position Karts",
                "category": "Racetrack",
                "img": "https://lh5.googleusercontent.com/p/AF1QipP2wCNeU0iaOOoAtj8Ho_YYr-XAvw1pv89-dx3g=w148-h148-n-k-no"
            },
            {
                "title": "First Floor Gallery Harare",
                "category": "Art gallery",
                "url": "http://www.firstfloorgalleryharare.com/",
                "img": "https://lh5.googleusercontent.com/p/AF1QipOukM0Sp3em4HH1swmrZOY8FUNWQGKi6NUS6JXw=w148-h148-n-k-no"
            },
            {
                "title": "Harare Botanical Gardens",
                "category": "Botanical garden",
                "img": "https://lh5.googleusercontent.com/p/AF1QipOJMFvyjzQaI2xjw3awaVG-QhfHf8ly7DJFZMnf=w148-h148-n-k-no"
            },
            {
                "title": "Kingfisher Park",
                "category": "Events Venue",
                "url": "https://www.facebook.com/Kingfishervenue/",
                "img": "https://lh5.googleusercontent.com/p/AF1QipPfHKtkLkEgInwuyz0_koe5J6fsaoj9VlLFI7cN=w148-h148-n-k-no"
            },
            {
                "title": "Zimbabwe Museum of Human Sciences",
                "category": "Museum",
                "img": "https://lh5.googleusercontent.com/p/AF1QipMzLbWTmpc8eMZbJUn29sLX5hHLcevD9dDNB8__=w148-h148-n-k-no"
            },
            {
                "title": "Haka Game Park",
                "category": "Park and Garden",
                "url": "https://hakagamepark.co.zw/",
                "img": "https://lh5.googleusercontent.com/p/AF1QipNOAPWp27p3nzWDUvS-leiWdI7ZQ75zrLrV-fVH=w148-h148-n-k-no"
            }
        ],
        "Ruwa": [
            {
                "title": "Wild Is Life & ZEN",
                "category": "Wildlife Refuge",
                "img": "https://lh5.googleusercontent.com/p/AF1QipOLsF8OEYu7xvsKk1qzWX_AeozivXy6JqaYtfXD=w148-h148-n-k-no"
            },
            {
                "title": "Mukuvisi Woodlands",
                "category": "Wildlife and safari park",
                "img": "https://lh5.googleusercontent.com/p/AF1QipMgiAvW2-xWtl7SaO55ot69p6uv4g78mOtAEigQ=w148-h148-n-k-no"
            },
            {
                "title": "National Gallery of Zimbabwe",
                "category": "Art gallery",
                "img": "https://lh5.googleusercontent.com/p/AF1QipOviVTlFtl7qgVGmUFTNqPCxrzZkKFjDxAEwgPQ=w148-h148-n-k-no"
            },
            {
                "title": "Epworth Balancing Rocks",
                "category": "Tourist attraction",
                "img": "https://lh5.googleusercontent.com/p/AF1QipNeTuNiy7lDsws-7sqixCFa_GF-KB0pZjj_IMjz=w148-h148-n-k-no"
            },
            {
                "title": "National Heroes' Acre",
                "category": "Historical landmark",
                "img": "https://lh5.googleusercontent.com/p/AF1QipNa8pzhKKOgT5ezffqIoyVyhzdAjWD1gOLU-0MQ=w148-h148-n-k-no"
            },
            {
                "title": "National Archives of Zimbabwe",
                "category": "State archive",
                "img": "https://lh5.googleusercontent.com/p/AF1QipM7wYtNh5qNw_jmi3fcOTa8kVlD6RFxdhEFRLy9=w148-h148-n-k-no"
            },
            {
                "title": "Haka Game Park",
                "category": "Park and Garden",
                "img": "https://lh5.googleusercontent.com/p/AF1QipNOAPWp27p3nzWDUvS-leiWdI7ZQ75zrLrV-fVH=w148-h148-n-k-no"
            },
            {
                "title": "Bradley Connect",
                "category": "Park and Garden",
                "img": "https://lh5.googleusercontent.com/p/AF1QipN6O_RpbZ3lxvdrmSUNtzKM1Hys4VJ7N0SsqXI2=w148-h148-n-k-no"
            },
            {
                "title": "Harare Gardens",
                "category": "Park and Garden",
                "img": "https://lh5.googleusercontent.com/p/AF1QipNHgWAyGMQHQclHZwIokDcjyTIQENaUABjRmlcN=w148-h148-n-k-no"
            }
        ],
        "Kwekwe": [
            {
                "title": "Heal The World Ministries International",
                "category": "Church",
                "img": "https://lh5.googleusercontent.com/p/AF1QipMHEHnIzVNJU-2Sk2rIN-wEIFWsYshPXAteRxDv=w148-h148-n-k-no"
            },
            {
                "title": "Prince Park",
                "category": "City park",
                "img": "https://lh5.googleusercontent.com/p/AF1QipOOF8hsmYsJYGdCctbz9-tM-d9ojFQHSgxUf9dB=w148-h148-n-k-no"
            },
            {
                "title": "Masjid un Nur Kwekwe Islamic Society",
                "category": "Mosque",
                "img": "https://lh5.googleusercontent.com/p/AF1QipNs-btFS4_nww3kEpWGm1o2nghH37fF4ouhjG_K=w148-h148-n-k-no"
            },
            {
                "title": "Mining Museum",
                "category": "Museum",
                "img": "https://lh5.googleusercontent.com/p/AF1QipP9BawP_H_2ZSTDKsPqAuUx9Z60whQMGtJTbuwi=w148-h148-n-k-no"
            },
            {
                "title": "Kwekwe Queens Sports Club",
                "category": "Sports club",
                "img": "https://lh5.googleusercontent.com/p/AF1QipMgduxujP89LXXMObD0ohwggHj0j2IXAGjKuEfi=w148-h148-n-k-no"
            },
            {
                "title": "Golden Acres Guest Lodge",
                "category": "Lodge",
                "url": "http://www.goldenacresguestlodge.co.zw/",
                "img": "https://lh5.googleusercontent.com/p/AF1QipN6XJ4_Tishx3z4gut9fsp-4bBEjt3vNZGCfVpO=w148-h148-n-k-no"
            },
            {
                "title": "Amaveni",
                "category": "Neighborhood",
                "img": "https://lh5.googleusercontent.com/p/AF1QipODIW_OwGx5dIjCWOfqaD1rYtZ_hjoBtcoU-dyF=w148-h148-n-k-no"
            },
            {
                "title": "Kwekwe Polytechnic",
                "category": "College",
                "url": "http://kwekwepoly.ac.zw/",
                "img": "https://lh5.googleusercontent.com/p/AF1QipM2araz8_71PbvWTLQ-DyRAx6K5XN3W5_D-cm5H=w148-h148-n-k-no"
            },
            {
                "title": "Ripper's Plaza",
                "category": "Bakery",
                "img": "https://lh5.googleusercontent.com/p/AF1QipMWw-uFfjaZAe7ddI6DWk3im7J5IrJAkMM2d_AE=w148-h148-n-k-no"
            },
            {
                "title": "Palm Leaf Gardens-Guest House",
                "category": "Guest house",
                "url": "http://www.palmleafgardens.co.zw/",
                "img": "https://lh4.googleusercontent.com/proxy/a5VLNe7thzE7HPgQqC-NWpogOxEpThFinNJYjWO6MZIpeyytdKs9b_8Kcg4xpOCe-7_FX9JyTuNif4aT92hs2DBxkSaAxOh7unI8eqlSQN_Eb5j4B27-Ilg1b_jiwFT1zAml4Q9AXEGCW1sXHq5LsmX36YMzeYU=w148-h148-n-k-no"
            },
            {
                "title": "Beverly Hills Guest House and Lodges Kwekwe",
                "category": "Lodge",
                "img": "https://lh5.googleusercontent.com/p/AF1QipMuw7nRX24dyISHvoc_MPSM3mMyrF3mAzLdIB_m=w148-h148-n-k-no"
            },
            {
                "title": "Mukuvisi Woodlands",
                "category": "Wildlife and safari park",
                "url": "http://www.mukuvisiwoodland.co.zw/",
                "img": "https://lh5.googleusercontent.com/p/AF1QipMgiAvW2-xWtl7SaO55ot69p6uv4g78mOtAEigQ=w148-h148-n-k-no"
            },
            {
                "title": "King Solomon Hotel - Golden Mile Kwekwe",
                "category": "Hotel",
                "img": "https://lh5.googleusercontent.com/p/AF1QipMF0ybGq_NdWUE8Gr-Is_KU4leYnrugESO3TQ74=w148-h148-n-k-no"
            },
            {
                "title": "Epworth Balancing Rocks",
                "category": "Tourist attraction",
                "img": "https://lh5.googleusercontent.com/p/AF1QipNeTuNiy7lDsws-7sqixCFa_GF-KB0pZjj_IMjz=w148-h148-n-k-no"
            },
            {
                "title": "Chinhoyi Caves",
                "category": "National park",
                "url": "http://zimparks.org/parks/national-parks/chinhoyi-caves/",
                "img": "https://lh5.googleusercontent.com/p/AF1QipPfYTX1E-M-C8bwkQDwtK0XZGXD1YJIvuNdW-4L=w148-h148-n-k-no"
            },
            {
                "title": "Alstruc Engineering",
                "category": "Sports club",
                "img": "https://lh5.googleusercontent.com/p/AF1QipMMzBAMMZIST72Q7s0IQXb9BdDnSVxi4I6LmIO1=w148-h148-n-k-no"
            }
        ],
        "Epworth": [
            {
                "title": "Cleveland Dam",
                "category": "Reservoir",
                "img": "https://lh5.googleusercontent.com/p/AF1QipPUTtz2ik85j78Sni5wX5zhWXta7coGJmGsWwa_=w148-h148-n-k-no"
            },
            {
                "title": "Harare",
                "category": "Locality",
                "img": "https://lh5.googleusercontent.com/p/AF1QipM-0cn9TKVbprvaRpHSEXBaQrIhM4sRx1luzJ9f=w148-h148-n-k-no"
            },
            {
                "title": "First Floor Gallery Harare",
                "category": "Art gallery",
                "url": "http://www.firstfloorgalleryharare.com/",
                "img": "https://lh5.googleusercontent.com/p/AF1QipOukM0Sp3em4HH1swmrZOY8FUNWQGKi6NUS6JXw=w148-h148-n-k-no"
            },
            {
                "title": "Mutare",
                "category": "Locality",
                "img": "https://lh5.googleusercontent.com/p/AF1QipPajSy8hau09b5IDIBcdg23EGjPY07804a7vbqY=w148-h148-n-k-no"
            },
            {
                "title": "Kingfisher Park",
                "category": "Events Venue",
                "url": "https://www.facebook.com/Kingfishervenue/",
                "img": "https://lh5.googleusercontent.com/p/AF1QipPfHKtkLkEgInwuyz0_koe5J6fsaoj9VlLFI7cN=w148-h148-n-k-no"
            },
            {
                "title": "Mabusha Gardens",
                "category": "Entertainment agency",
                "url": "http://www.mabushavenue.co.zw/",
                "img": "https://lh5.googleusercontent.com/p/AF1QipNE7ZW4UxtdH0aASDPxYNtDrw2lZdcLMuTfuj72=w148-h148-n-k-no"
            },
            {
                "title": "National Heroes' Acre",
                "category": "Historical landmark",
                "url": "https://www.zimbabwetourism.net/",
                "img": "https://lh5.googleusercontent.com/p/AF1QipNa8pzhKKOgT5ezffqIoyVyhzdAjWD1gOLU-0MQ=w148-h148-n-k-no"
            },
            {
                "title": "Worlds View",
                "category": "Tourist attraction",
                "url": "http://ntoz.org/",
                "img": "https://lh5.googleusercontent.com/p/AF1QipPodJ-ord2gX93-m6cmDSPXu-CFd-WNkLHjJKSk=w148-h148-n-k-no"
            },
            {
                "title": "Bernard Mizeki Shrine",
                "category": "Historical place",
                "img": "https://lh5.googleusercontent.com/p/AF1QipPLvcRAPFWOBs8Q843qFdiu7BRDCjQCIQBWwz4H=w148-h148-n-k-no"
            },
            {
                "title": "National Handicraft Centre",
                "category": "Gift shop",
                "url": "http://www.nhc.co.zw/",
                "img": "https://lh5.googleusercontent.com/p/AF1QipN93uabr0uu2cbKzLy4KNA7lFTswwcoIcGHqD8=w148-h148-n-k-no"
            },
            {
                "title": "Nyanga National Park",
                "category": "National park",
                "img": "https://lh5.googleusercontent.com/p/AF1QipPJY6J7rXNURK6Q_EV8BN1-Y-JVlqlVzKcxJNOe=w148-h148-n-k-no"
            },
            {
                "title": "National Gallery of Zimbabwe",
                "category": "Art gallery",
                "url": "http://www.nationalgallery.co.zw/",
                "img": "https://lh5.googleusercontent.com/p/AF1QipOviVTlFtl7qgVGmUFTNqPCxrzZkKFjDxAEwgPQ=w148-h148-n-k-no"
            },
            {
                "title": "Balancing Rocks",
                "category": "Mountain peak",
                "img": "https://lh5.googleusercontent.com/p/AF1QipNL-jZQb7doXuRCoTImprgDpZHsYBRh2Zzl-AgH=w148-h148-n-k-no"
            },
            {
                "title": "Haka Game Park",
                "category": "Park and Garden",
                "url": "https://hakagamepark.co.zw/",
                "img": "https://lh5.googleusercontent.com/p/AF1QipNOAPWp27p3nzWDUvS-leiWdI7ZQ75zrLrV-fVH=w148-h148-n-k-no"
            },
            {
                "title": "Harare Gardens",
                "category": "Park and Garden",
                "url": "https://www.myguidezimbabwe.com/things-to-do/harare-gardens",
                "img": "https://lh5.googleusercontent.com/p/AF1QipNHgWAyGMQHQclHZwIokDcjyTIQENaUABjRmlcN=w148-h148-n-k-no"
            },
            {
                "title": "Ewanrigg Garden",
                "category": "Botanical garden",
                "img": "https://lh5.googleusercontent.com/p/AF1QipOUpoQgrw56QmrRqf7Rq0NRmvzfqL4gsORgxT3W=w148-h148-n-k-no"
            }
        ],
        "Chegutu": [
            {
                "title": "Dodhill Garden Centre",
                "category": "Garden centre",
                "url": "https://www.dodhill.com/",
                "img": "https://lh5.googleusercontent.com/p/AF1QipOWzOxL4Sq_Q9GMI9pEvnScwQ47_-HcqJsmwrCG=w148-h148-n-k-no"
            },
            {
                "title": "LeMwelwa Guest House",
                "category": "Guest house",
                "url": "https://lemwelwa.com/",
                "img": "https://lh5.googleusercontent.com/p/AF1QipOFyEYD4D5inu-86WsFJsOTz2CgM-WRDBOLiZFE=w148-h148-n-k-no"
            },
            {
                "title": "Strelly Guest House",
                "category": "Hotel",
                "url": "http://strellyzw.com/",
                "img": "https://lh5.googleusercontent.com/p/AF1QipNfcHIC_XbdUjgOuGVDbm0YdevORJkBmO7-rUWf=w148-h148-n-k-no"
            },
            {
                "title": "Pamuzinda Safari Lodge",
                "category": "Tourist attraction",
                "url": "https://zambezicruisesafaris.com/lodge/pamuzinda-safari-lodge/",
                "img": "https://lh5.googleusercontent.com/p/AF1QipMkVtyZbGy7Gz0DoJH--xLFpi62R5EhuflkvIk=w148-h148-n-k-no"
            },
            {
                "title": "Rukawo Motel",
                "category": "Motel",
                "img": "https://lh5.googleusercontent.com/p/AF1QipOV9Mqo4FrVOHb97Y34Mn_8B8pcw2Y49xyDz3IE=w148-h148-n-k-no"
            },
            {
                "title": "Chengeta Safari Lodge",
                "category": "Hotel",
                "url": "https://zambezicruisesafaris.com/lodge/chengeta-safari-lodge/",
                "img": "https://lh5.googleusercontent.com/p/AF1QipNtNm-ma5TeXA4XcKtpdXof18Y-SlZnW0_vIfAB=w148-h148-n-k-no"
            },
            {
                "title": "Lake Chivero",
                "category": "Lake",
                "img": "https://lh5.googleusercontent.com/p/AF1QipO08BLBKDCEJm8r5z7kbxG30P0IIVecBDSt5x0p=w148-h148-n-k-no"
            },
            {
                "title": "Pa50 Grill Park",
                "category": "Restaurant",
                "img": "https://lh5.googleusercontent.com/p/AF1QipOvRHeNrdAvItNSdeFV3sudC5gWBY6Okz4ZWsA=w148-h148-n-k-no"
            }
        ],
        "Gweru": [
            {
                "title": "Antelope Park",
                "category": "Wildlife and safari park",
                "url": "https://antelopepark.co.zw/",
                "img": "https://lh5.googleusercontent.com/p/AF1QipOZqmcU5gJZ52A1wKmJ_qHgLzPJmMdAwboDradK=w148-h148-n-k-no"
            },
            {
                "title": "Sunset Gardens Gweru",
                "category": "Events Venue",
                "img": "https://lh5.googleusercontent.com/p/AF1QipP0LpFm2P78xnT3d5N3n3gNoBywVVpa3ot8BNjT=w148-h148-n-k-no"
            },
            {
                "title": "Gweru Cathederal",
                "category": "Cathedral",
                "img": "https://lh5.googleusercontent.com/p/AF1QipObtGf5rnGotNkDJ-Qi_fB63uof4TeFzp8nvdTF=w148-h148-n-k-no"
            },
            {
                "title": "Mkoba",
                "category": "Neighborhood",
                "img": "https://lh5.googleusercontent.com/p/AF1QipM-OrUg1y1G7f69q4u3mej8-uWEIUirpSUVq_ja=w148-h148-n-k-no"
            },
            {
                "title": "Boggie's Memorial Clock Tower",
                "category": "Historical landmark",
                "img": "https://lh5.googleusercontent.com/p/AF1QipMVWC1Xz9gAEr5G4QrLDjp5opLNfIzOYlQWov_O=w148-h148-n-k-no"
            },
            {
                "title": "Nesbitt Castle",
                "category": "Wedding venue",
                "img": "https://lh5.googleusercontent.com/p/AF1QipP9bURVSp21gVRkaTv4qT9bAliY1k-n36-arV6g=w148-h148-n-k-no"
            },
            {
                "title": "Joshua Nkomo National Foundation",
                "category": "Historical place museum",
                "img": "https://lh5.googleusercontent.com/p/AF1QipPI4AmEVv55UG6v9yCQOIIy4HX8k6PewDQgfh8a=w148-h148-n-k-no"
            },
            {
                "title": "Midlands Museum",
                "category": "Museum",
                "img": "https://lh5.googleusercontent.com/p/AF1QipOWe10LRHeUJhLvkVgElgO1h5gvqmrsPyoa0n-i=w148-h148-n-k-no"
            },
            {
                "title": "Gweru Military Aircraft Museum",
                "category": "Museum",
                "img": "https://lh5.googleusercontent.com/p/AF1QipODr_wjLe-lAuijW-5jjTTDJcrkTvlAu3ZdUeCn=w148-h148-n-k-no"
            },
            {
                "title": "Empompini Bus stop Cowdray park",
                "category": "Hiking area",
                "img": "https://lh5.googleusercontent.com/p/AF1QipPS9eIIlk5XgO42Z9yeqEh5B_UOZBNAUGU8ac_8=w148-h148-n-k-no"
            },
            {
                "title": "Mining Museum",
                "category": "Museum",
                "img": "https://lh5.googleusercontent.com/p/AF1QipP9BawP_H_2ZSTDKsPqAuUx9Z60whQMGtJTbuwi=w148-h148-n-k-no"
            },
            {
                "title": "Garikai Turn",
                "category": "Hiking area",
                "url": "http://www.epctechspace.com/",
                "img": "https://lh5.googleusercontent.com/p/AF1QipOPfq_XgjMWCL6fOOLwHa6uxO_8Zz33lnLqO-81=w148-h148-n-k-no"
            },
            {
                "title": "Bulawayo Railway Museum of Zimbabwe 🇿🇼",
                "category": "Museum of space history",
                "url": "https://www.facebook.com/bulawayorailwaymuseum/",
                "img": "https://lh5.googleusercontent.com/p/AF1QipP5hj0lvblbA2ZqwvhBBZqS6p5rXhJlY7MqCNHd=w148-h148-n-k-no"
            },
            {
                "title": "Kwekwe Museum",
                "category": "Museum",
                "img": "https://lh5.googleusercontent.com/p/AF1QipOe563LzSKRakEpcsFuKvXzF8ohWi8PGqpQX1cG=w148-h148-n-k-no"
            },
            {
                "title": "Southdowns SDA Church",
                "category": "Seventh-day Adventist church",
                "img": "https://lh5.googleusercontent.com/p/AF1QipMWhattWQCylFnG-Pf5FxVF_7MGXQFPcfkJ-07A=w148-h148-n-k-no"
            }
        ],
        "Kadoma": [
            {
                "title": "Kadoma Assembly Hall Of Jehovah's Witnesses",
                "category": "Jehovah's Witness Kingdom Hall",
                "url": "http://www.jw.org/",
                "img": "https://lh5.googleusercontent.com/p/AF1QipMCpjda8VLr2j1z7Xk3RDWjSbiGTmNnKmN-9NE3=w148-h148-n-k-no"
            },
            {
                "title": "Kadoma Hotel and Conference Center",
                "category": "Hotel",
                "url": "http://www.rtgafrica.com/",
                "img": "https://lh3.googleusercontent.com/proxy/Q4vjbFwlXKrOslBI46o3gOXmzPCJXYNdkfCElMtO6VrdN3jCZYEHg5jmQLgwW2F3tTT1Egxx6HhCk6JjFIwBkmcYbgOD-_KhW1MynEMUXPPElMKx5t2aQkGJstRtRKTAvCO7KpkkjIvIOV5c5CurhHBW0tswhtk=w148-h148-n-k-no"
            },
            {
                "title": "Epworth Balancing Rocks",
                "category": "Tourist attraction",
                "img": "https://lh5.googleusercontent.com/p/AF1QipNeTuNiy7lDsws-7sqixCFa_GF-KB0pZjj_IMjz=w148-h148-n-k-no"
            },
            {
                "title": "Skylodge Kadoma",
                "category": "Lodge",
                "url": "https://skylodgekadoma.weebly.com/",
                "img": "https://lh5.googleusercontent.com/p/AF1QipPtZ3byFNislwbeEnDyVT2jwPaLTJTSAJ2o3N_P=w148-h148-n-k-no"
            },
            {
                "title": "Sam Levy's Village",
                "category": "Shopping Centre",
                "url": "http://www.samlevysvillage.com/?fca_lpc_skip=7458",
                "img": "https://lh5.googleusercontent.com/p/AF1QipPtU2NnqCizJ_tGuPP2Muwk0RK_LltsI1JC8R6P=w148-h148-n-k-no"
            },
            {
                "title": "Cotton Country Lodge",
                "category": "Hotel",
                "img": "https://lh4.googleusercontent.com/proxy/HLTRPuUCb8ntmMKHcSFpU6p9FKI0qQqUzCmuHe0u7kptIPyCvaLniBF-ljfkiu7rU3jWW6jDCDsPqjpjQ7WXudfrya2R73siL-vOhK0uvjEhv0RSfcucIwtgYA3af9exaY23qRxzrHQ0ouW8pwlgFJuhLX3XDuk=w148-h148-n-k-no"
            },
            {
                "title": "Mulota Golf Club",
                "category": "Sports club",
                "img": "https://lh5.googleusercontent.com/p/AF1QipMPzkcVTdh50yJB4wNnWIo_Y0-aMk8oohn3oLs8=w148-h148-n-k-no"
            },
            {
                "title": "Franjipanji",
                "category": "Florist",
                "url": "http://www.franjipanji.com/contact-us",
                "img": "https://lh5.googleusercontent.com/p/AF1QipODFoXK_NMkY0CSZjR1RZ2dmnAzDK9wt_YEEryz=w148-h148-n-k-no"
            },
            {
                "title": "Inklab T-Shirt Printing Zim",
                "category": "T-shirt Shop",
                "url": "https://www.facebook.com/inklabzimbabwe/",
                "img": "https://lh5.googleusercontent.com/p/AF1QipNdXtFCTmWIdj6nSYs6Dr3uUTvllriV16-pIJga=w148-h148-n-k-no"
            },
            {
                "title": "The Mbira Centre",
                "category": "Musical Instrument Shop",
                "url": "https://mbiracentre.com/",
                "img": "https://lh5.googleusercontent.com/p/AF1QipM8hrkHjeal6mpVk35EkdMegHlDRr-jw8yhSECP=w148-h148-n-k-no"
            },
            {
                "title": "Picabella Rose Nursery",
                "category": "Nursery",
                "img": "https://lh5.googleusercontent.com/p/AF1QipM22tQWrZKDPSgnrD_5C9EcZtctbNARvaBcTq4S=w148-h148-n-k-no"
            },
            {
                "title": "KUMBA",
                "category": "Home Furniture Shop",
                "url": "http://kumbahomeandgifts.com/",
                "img": "https://lh5.googleusercontent.com/p/AF1QipMXs4zpAbHx84Uvnc_7hpLsnkFmWO8JM2p7tmw7=w148-h148-n-k-no"
            },
            {
                "title": "Simpli Simbi",
                "category": "Gift shop",
                "url": "http://www.simplisimbi.co.zw/",
                "img": "https://lh5.googleusercontent.com/p/AF1QipPTg3-mi7dw8_ambe53-cKUFS9l-ravBE3U4bOQ=w148-h148-n-k-no"
            },
            {
                "title": "Mustard Seed Africa",
                "category": "Artistic handicrafts",
                "url": "https://m.facebook.com/MustardSeedAfrica/",
                "img": "https://lh5.googleusercontent.com/p/AF1QipMj2UY60kofHcXb7pXKHf1vNs_xPlHcYsZMGBmr=w148-h148-n-k-no"
            },
            {
                "title": "Balancing Rocks",
                "category": "Mountain peak",
                "img": "https://lh5.googleusercontent.com/p/AF1QipNL-jZQb7doXuRCoTImprgDpZHsYBRh2Zzl-AgH=w148-h148-n-k-no"
            },
            {
                "title": "Raintree Venue",
                "category": "Events Venue",
                "url": "http://raintreevenue.co.zw/",
                "img": "https://lh5.googleusercontent.com/p/AF1QipMSrju8m1LV4W_QhDxyZcKIv-H7A74cFYuIuWmD=w148-h148-n-k-no"
            }
        ],
        "Norton": [
            {
                "title": "Shona Sculpture Gallery",
                "category": "Art gallery",
                "img": "https://lh5.googleusercontent.com/p/AF1QipO5Vog-BHun7cFBi-9O8-DYWz6kmoRWf6n0CItA=w148-h148-n-k-no"
            },
            {
                "title": "Wild Is Life & ZEN",
                "category": "Wildlife Refuge",
                "img": "https://lh5.googleusercontent.com/p/AF1QipOLsF8OEYu7xvsKk1qzWX_AeozivXy6JqaYtfXD=w148-h148-n-k-no"
            },
            {
                "title": "Balancing Rocks",
                "category": "Mountain peak",
                "img": "https://lh5.googleusercontent.com/p/AF1QipNL-jZQb7doXuRCoTImprgDpZHsYBRh2Zzl-AgH=w148-h148-n-k-no"
            },
            {
                "title": "Harare Gardens",
                "category": "Park and Garden",
                "img": "https://lh5.googleusercontent.com/p/AF1QipNHgWAyGMQHQclHZwIokDcjyTIQENaUABjRmlcN=w148-h148-n-k-no"
            },
            {
                "title": "Raintree Venue",
                "category": "Events Venue",
                "img": "https://lh5.googleusercontent.com/p/AF1QipMSrju8m1LV4W_QhDxyZcKIv-H7A74cFYuIuWmD=w148-h148-n-k-no"
            },
            {
                "title": "Bernard Mizeki Shrine",
                "category": "Historical place",
                "img": "https://lh5.googleusercontent.com/p/AF1QipPLvcRAPFWOBs8Q843qFdiu7BRDCjQCIQBWwz4H=w148-h148-n-k-no"
            },
            {
                "title": "National Heroes' Acre",
                "category": "Historical landmark",
                "img": "https://lh5.googleusercontent.com/p/AF1QipNa8pzhKKOgT5ezffqIoyVyhzdAjWD1gOLU-0MQ=w148-h148-n-k-no"
            }
        ],
        "Chinhoyi": [
            {
                "title": "Niasha Gardens",
                "category": "Events Venue",
                "img": "https://lh5.googleusercontent.com/p/AF1QipM6QRGouh_UJU49f2gpucplb4_n9aT6SAtP6cpJ=w148-h148-n-k-no"
            },
            {
                "title": "Mukuvisi Woodlands",
                "category": "Wildlife and safari park",
                "url": "http://www.mukuvisiwoodland.co.zw/",
                "img": "https://lh5.googleusercontent.com/p/AF1QipMgiAvW2-xWtl7SaO55ot69p6uv4g78mOtAEigQ=w148-h148-n-k-no"
            },
            {
                "title": "Wamada Tours",
                "category": "Tour operator",
                "img": "https://lh5.googleusercontent.com/p/AF1QipPuT1SZHmPILks2KeBeDOGMS5o6guF-cjyKxf2a=w148-h148-n-k-no"
            },
            {
                "title": "Wild Is Life & ZEN",
                "category": "Wildlife Refuge",
                "url": "https://www.wildislife.org/",
                "img": "https://lh5.googleusercontent.com/p/AF1QipOLsF8OEYu7xvsKk1qzWX_AeozivXy6JqaYtfXD=w148-h148-n-k-no"
            },
            {
                "title": "Chinhoyi Caves",
                "category": "National park",
                "url": "http://zimparks.org/parks/national-parks/chinhoyi-caves/",
                "img": "https://lh5.googleusercontent.com/p/AF1QipPfYTX1E-M-C8bwkQDwtK0XZGXD1YJIvuNdW-4L=w148-h148-n-k-no"
            },
            {
                "title": "National Gallery of Zimbabwe",
                "category": "Art gallery",
                "url": "http://www.nationalgallery.co.zw/",
                "img": "https://lh5.googleusercontent.com/p/AF1QipOviVTlFtl7qgVGmUFTNqPCxrzZkKFjDxAEwgPQ=w148-h148-n-k-no"
            },
            {
                "title": "Epworth Balancing Rocks",
                "category": "Tourist attraction",
                "img": "https://lh5.googleusercontent.com/p/AF1QipNeTuNiy7lDsws-7sqixCFa_GF-KB0pZjj_IMjz=w148-h148-n-k-no"
            }
        ],
        "Marondera": []
    },
    "sights": [
        {
            "title": "Victoria Falls",
            "category": "Tourist attraction",
            "img": "https://lh5.googleusercontent.com/p/AF1QipORfEH9z6OMPpHhFqbGyOoZNZ2Har3iXhR8O4jv=w148-h148-n-k-no"
        },
        {
            "title": "Hwange National Park",
            "category": "National park",
            "img": "https://lh5.googleusercontent.com/p/AF1QipNu0vdPCRzx0VAolSm_dGNPSdToliEh98KQZYnk=w148-h148-n-k-no"
        },
        {
            "title": "Mana Pools National Park",
            "category": "National park",
            "img": "https://lh5.googleusercontent.com/p/AF1QipOhrqkm-yZqQFpA3Lp6a3xZiogDQ6fTNyVQaN0B=w148-h148-n-k-no"
        },
        {
            "title": "Victoria Falls National Park",
            "category": "National park",
            "url": "https://www.visit-victoria-falls.com/",
            "img": "https://lh5.googleusercontent.com/p/AF1QipOBDsNGtU_5XIIgWeAyYcwpC6xiSOrqf0iT_nhr=w148-h148-n-k-no"
        },
        {
            "title": "Victoria Falls Bridge",
            "category": "Bridge",
            "img": "https://lh5.googleusercontent.com/p/AF1QipM00j1QOCQ38Od3tdofoNJxBXF4McmPhNG91gYV=w148-h148-n-k-no"
        },
        {
            "title": "Harare",
            "category": "Locality",
            "img": "https://lh5.googleusercontent.com/p/AF1QipM-0cn9TKVbprvaRpHSEXBaQrIhM4sRx1luzJ9f=w148-h148-n-k-no"
        },
        {
            "title": "Matobo National Park",
            "category": "National park",
            "img": "https://lh5.googleusercontent.com/p/AF1QipPn7g5dFlsJUwUejseYFBn0UxCBX4F8eM30FqXU=w148-h148-n-k-no"
        },
        {
            "title": "Lake Kariba",
            "category": "Lake",
            "url": "http://www.lakekariba1.com/",
            "img": "https://lh5.googleusercontent.com/p/AF1QipNs8mo9dI9HO3VceY3Stm0tBzt2f_nEvpsNMBBx=w148-h148-n-k-no"
        },
        {
            "title": "Nyanga National Park",
            "category": "National park",
            "img": "https://lh5.googleusercontent.com/p/AF1QipPJY6J7rXNURK6Q_EV8BN1-Y-JVlqlVzKcxJNOe=w148-h148-n-k-no"
        },
        {
            "title": "Matusadona National Park",
            "category": "National park",
            "img": "https://lh5.googleusercontent.com/p/AF1QipMmFAOJjQETDjKkqJnIh-aIAl-vYjjec6lP5LNb=w148-h148-n-k-no"
        },
        {
            "title": "Matobo Hills",
            "category": "Elevated",
            "img": "https://lh5.googleusercontent.com/p/AF1QipP8d6wldWkSVjSzCOeUi4-YZU3ZOJPlemjcMwVk=w148-h148-n-k-no"
        },
        {
            "title": "Zambezi National Park",
            "category": "National park",
            "url": "https://www.visit-victoria-falls.com/",
            "img": "https://lh5.googleusercontent.com/p/AF1QipOV4NDe-NEFFkRuizF-ipZ_B-uTyk1AiFpwp--y=w148-h148-n-k-no"
        },
        {
            "title": "Mutare",
            "category": "Locality",
            "img": "https://lh5.googleusercontent.com/p/AF1QipPajSy8hau09b5IDIBcdg23EGjPY07804a7vbqY=w148-h148-n-k-no"
        },
        {
            "title": "Wild Is Life & ZEN",
            "category": "Wildlife Refuge",
            "url": "https://www.wildislife.org/",
            "img": "https://lh5.googleusercontent.com/p/AF1QipOLsF8OEYu7xvsKk1qzWX_AeozivXy6JqaYtfXD=w148-h148-n-k-no"
        },
        {
            "title": "Kariba Dam",
            "category": "Hydroelectric power plant",
            "img": "https://lh5.googleusercontent.com/p/AF1QipOa4Mf05JZJiq_t0HRm5ue2Do4zib7rkrK_uWol=w148-h148-n-k-no"
        },
        {
            "title": "Bulawayo",
            "category": "Locality",
            "img": "https://lh5.googleusercontent.com/p/AF1QipPXpEB_h9Qs0ajVje4vtUNGZJz6FjCdP3zb8k99=w148-h148-n-k-no"
        }
    ]
}